trials,participant,valence,S,R,rt,dataset
1,1,2,left,left,0.9166079088330119,weber_violated
2,1,2,left,left,0.7590438560285715,weber_violated
3,1,2,left,left,0.8771294673070431,weber_violated
4,1,2,left,left,0.9523815273710827,weber_violated
5,1,2,left,left,0.8990928243515539,weber_violated
6,1,2,left,left,0.8858241028085723,weber_violated
7,1,2,left,left,1.2552248033287372,weber_violated
8,1,2,left,left,0.7147930439876611,weber_violated
9,1,2,left,left,0.7888391788144962,weber_violated
10,1,2,left,left,0.7370541075745323,weber_violated
11,1,3,left,left,1.2256060707226257,weber_violated
12,1,3,left,left,1.1906502886856745,weber_violated
13,1,3,left,left,1.0049336225919916,weber_violated
14,1,3,left,right,1.698816365470857,weber_violated
15,1,3,left,right,1.3512806641539052,weber_violated
16,1,3,left,left,1.4148856896689082,weber_violated
17,1,3,left,left,0.8722855552401403,weber_violated
18,1,3,left,right,1.4234094277029208,weber_violated
19,1,3,left,left,1.5450934952575202,weber_violated
20,1,3,left,left,1.449358160348977,weber_violated
21,1,4,left,left,1.631442717808447,weber_violated
22,1,4,left,left,2.007532030030885,weber_violated
23,1,4,left,left,1.4019323960169408,weber_violated
24,1,4,left,left,2.33523814780459,weber_violated
25,1,4,left,left,1.733748193942553,weber_violated
26,1,4,left,right,6.860344923263006,weber_violated
27,1,4,left,left,3.685622011375655,weber_violated
28,1,4,left,left,1.8562586427941867,weber_violated
29,1,4,left,left,1.0270275386586898,weber_violated
30,1,4,left,left,3.4778413031015543,weber_violated
31,1,6,left,left,1.6944637655007613,weber_violated
32,1,6,left,left,2.135172509638104,weber_violated
33,1,6,left,left,2.5654712661574357,weber_violated
34,1,6,left,right,1.3173351670847753,weber_violated
35,1,6,left,left,2.490278779875283,weber_violated
36,1,6,left,left,1.5610127670627179,weber_violated
37,1,6,left,right,2.8136346972602144,weber_violated
38,1,6,left,left,1.5355635357696877,weber_violated
39,1,6,left,left,2.323410857453515,weber_violated
40,1,6,left,left,1.74085592156669,weber_violated
41,1,7,left,left,1.1512736605742133,weber_violated
42,1,7,left,left,1.0775194754427333,weber_violated
43,1,7,left,left,1.0671415950688432,weber_violated
44,1,7,left,left,1.533549785354356,weber_violated
45,1,7,left,left,1.2007520609380797,weber_violated
46,1,7,left,left,1.4299896610335399,weber_violated
47,1,7,left,left,1.217115095825375,weber_violated
48,1,7,left,left,1.0900826058498274,weber_violated
49,1,7,left,left,1.3630560705638897,weber_violated
50,1,7,left,left,2.3734946882011876,weber_violated
51,1,8,left,left,0.7047669616208414,weber_violated
52,1,8,left,left,0.9324287866302623,weber_violated
53,1,8,left,left,1.0541826276313953,weber_violated
54,1,8,left,left,0.9456768955198129,weber_violated
55,1,8,left,left,0.8933992215908335,weber_violated
56,1,8,left,left,0.88521461610485,weber_violated
57,1,8,left,left,0.6450221666106282,weber_violated
58,1,8,left,left,0.8523370656340474,weber_violated
59,1,8,left,left,1.1120104480481008,weber_violated
60,1,8,left,left,0.8818964619908547,weber_violated
61,1,2,right,right,0.8607604906539912,weber_violated
62,1,2,right,right,0.943665042676799,weber_violated
63,1,2,right,right,0.9053579641335248,weber_violated
64,1,2,right,right,0.8823068888547474,weber_violated
65,1,2,right,right,0.6526923518967469,weber_violated
66,1,2,right,right,0.912284959628215,weber_violated
67,1,2,right,right,0.8608050382734314,weber_violated
68,1,2,right,right,0.9382329023221534,weber_violated
69,1,2,right,right,0.8793911576460496,weber_violated
70,1,2,right,right,0.899965197562993,weber_violated
71,1,3,right,right,1.312263950480309,weber_violated
72,1,3,right,right,0.9877505653073047,weber_violated
73,1,3,right,right,1.31710277963734,weber_violated
74,1,3,right,left,1.8604079211833615,weber_violated
75,1,3,right,right,0.8974077778046776,weber_violated
76,1,3,right,right,0.8284138107088974,weber_violated
77,1,3,right,right,1.2959714286252826,weber_violated
78,1,3,right,right,0.9087310710791867,weber_violated
79,1,3,right,right,1.7532567312976064,weber_violated
80,1,3,right,left,1.3418970811678868,weber_violated
81,1,4,right,right,1.2144097958147022,weber_violated
82,1,4,right,right,2.9365572343102424,weber_violated
83,1,4,right,left,1.590938709518068,weber_violated
84,1,4,right,right,1.0709796636070053,weber_violated
85,1,4,right,right,1.7687223398838157,weber_violated
86,1,4,right,left,1.5298318304661704,weber_violated
87,1,4,right,right,0.9046083733558952,weber_violated
88,1,4,right,left,2.0945394359994194,weber_violated
89,1,4,right,left,1.734464668518918,weber_violated
90,1,4,right,left,1.7295724921706281,weber_violated
91,1,6,right,right,1.5548634742735683,weber_violated
92,1,6,right,right,1.3373744113200443,weber_violated
93,1,6,right,left,1.636068691746445,weber_violated
94,1,6,right,left,2.3085472348435108,weber_violated
95,1,6,right,right,1.9063260664982513,weber_violated
96,1,6,right,left,2.1559159703589974,weber_violated
97,1,6,right,right,1.4954857645205006,weber_violated
98,1,6,right,left,2.1346718791239976,weber_violated
99,1,6,right,left,5.365813809331408,weber_violated
100,1,6,right,right,1.404541194011432,weber_violated
101,1,7,right,right,0.7760175759890267,weber_violated
102,1,7,right,right,1.5504286331881691,weber_violated
103,1,7,right,right,1.40746357745339,weber_violated
104,1,7,right,right,1.0081078604428149,weber_violated
105,1,7,right,right,1.0562899877810552,weber_violated
106,1,7,right,right,0.9641864265234785,weber_violated
107,1,7,right,right,1.6806645421090691,weber_violated
108,1,7,right,right,1.0809269118748004,weber_violated
109,1,7,right,right,1.0640375766389674,weber_violated
110,1,7,right,right,1.3174894214538166,weber_violated
111,1,8,right,right,0.9395019650954548,weber_violated
112,1,8,right,right,0.8697301580749508,weber_violated
113,1,8,right,right,1.0645425515380174,weber_violated
114,1,8,right,right,0.8379365005090056,weber_violated
115,1,8,right,right,0.8248656123995244,weber_violated
116,1,8,right,right,0.7736221968250625,weber_violated
117,1,8,right,right,0.7424275867698436,weber_violated
118,1,8,right,right,0.9250413442872969,weber_violated
119,1,8,right,right,1.4354081041063569,weber_violated
120,1,8,right,right,1.2848632741855566,weber_violated
1,2,2,left,left,0.9046889282671031,weber_violated
2,2,2,left,left,0.8534351331804586,weber_violated
3,2,2,left,left,0.7256672124201871,weber_violated
4,2,2,left,left,1.1788043221702422,weber_violated
5,2,2,left,left,0.6141339111530295,weber_violated
6,2,2,left,left,0.9766287846136512,weber_violated
7,2,2,left,left,1.031426562234098,weber_violated
8,2,2,left,left,0.8027609336039987,weber_violated
9,2,2,left,left,0.763369251577499,weber_violated
10,2,2,left,left,0.8311481494207171,weber_violated
11,2,3,left,left,0.9418642640753343,weber_violated
12,2,3,left,left,1.4800730543957732,weber_violated
13,2,3,left,left,1.1793017766971219,weber_violated
14,2,3,left,right,1.0597020661076268,weber_violated
15,2,3,left,left,1.0066091953689942,weber_violated
16,2,3,left,right,2.3068080220885685,weber_violated
17,2,3,left,left,1.11256032323649,weber_violated
18,2,3,left,left,1.2878205803142988,weber_violated
19,2,3,left,left,1.0150415993030422,weber_violated
20,2,3,left,left,1.527660239139472,weber_violated
21,2,4,left,left,1.362024046038897,weber_violated
22,2,4,left,left,2.314140805968934,weber_violated
23,2,4,left,left,3.118570977630225,weber_violated
24,2,4,left,right,1.4035370809760546,weber_violated
25,2,4,left,right,1.6013395320850081,weber_violated
26,2,4,left,left,3.412887942747944,weber_violated
27,2,4,left,left,1.0609918611906792,weber_violated
28,2,4,left,left,1.1119298067964003,weber_violated
29,2,4,left,right,4.36896506702225,weber_violated
30,2,4,left,left,1.868307732166676,weber_violated
31,2,6,left,left,1.779670999960576,weber_violated
32,2,6,left,left,2.660558189623591,weber_violated
33,2,6,left,left,1.5264875859214293,weber_violated
34,2,6,left,left,1.3499878244147465,weber_violated
35,2,6,left,left,1.2177335901327047,weber_violated
36,2,6,left,left,0.9782416159381895,weber_violated
37,2,6,left,right,4.196710362345438,weber_violated
38,2,6,left,right,2.862507543971889,weber_violated
39,2,6,left,left,1.3002634926586512,weber_violated
40,2,6,left,right,3.3432652527266598,weber_violated
41,2,7,left,left,2.0812637021320914,weber_violated
42,2,7,left,left,0.8388361598352743,weber_violated
43,2,7,left,left,1.3053651349081008,weber_violated
44,2,7,left,left,0.9569109325061371,weber_violated
45,2,7,left,left,1.4368648765449228,weber_violated
46,2,7,left,left,1.621729959542072,weber_violated
47,2,7,left,left,1.057269389704256,weber_violated
48,2,7,left,left,1.1796743774120824,weber_violated
49,2,7,left,left,1.460263886231065,weber_violated
50,2,7,left,left,1.5728991594823871,weber_violated
51,2,8,left,left,0.773926266608002,weber_violated
52,2,8,left,left,0.7722932204573181,weber_violated
53,2,8,left,left,0.96351774414504,weber_violated
54,2,8,left,left,1.022471958424651,weber_violated
55,2,8,left,right,0.7776473663798684,weber_violated
56,2,8,left,left,0.9665201840444368,weber_violated
57,2,8,left,left,0.9311522294400212,weber_violated
58,2,8,left,left,0.7548119315838031,weber_violated
59,2,8,left,left,0.8617703571775428,weber_violated
60,2,8,left,left,0.8955997204784776,weber_violated
61,2,2,right,right,0.7598433529598259,weber_violated
62,2,2,right,right,1.2515388966346432,weber_violated
63,2,2,right,right,1.0499998859061632,weber_violated
64,2,2,right,right,0.8510112197773838,weber_violated
65,2,2,right,right,0.8991996937314901,weber_violated
66,2,2,right,right,0.8840245524613071,weber_violated
67,2,2,right,right,0.8223269308404302,weber_violated
68,2,2,right,right,0.6797525015221807,weber_violated
69,2,2,right,right,1.067836062498418,weber_violated
70,2,2,right,right,1.0969716074826192,weber_violated
71,2,3,right,right,1.1468978123415372,weber_violated
72,2,3,right,right,1.347050986060116,weber_violated
73,2,3,right,right,2.7162922048030604,weber_violated
74,2,3,right,right,1.2969866034051094,weber_violated
75,2,3,right,left,2.1638597725565667,weber_violated
76,2,3,right,right,1.789343395806874,weber_violated
77,2,3,right,left,1.543701319198171,weber_violated
78,2,3,right,right,1.7546354310686696,weber_violated
79,2,3,right,right,1.3497936750982233,weber_violated
80,2,3,right,right,1.0658733753790635,weber_violated
81,2,4,right,right,1.368483019234773,weber_violated
82,2,4,right,left,2.083819665828086,weber_violated
83,2,4,right,left,0.940778139269391,weber_violated
84,2,4,right,left,1.9339924673146809,weber_violated
85,2,4,right,right,1.0669719667741164,weber_violated
86,2,4,right,right,1.601514499369692,weber_violated
87,2,4,right,right,1.4443891773032715,weber_violated
88,2,4,right,right,1.310544464797045,weber_violated
89,2,4,right,right,1.4924675718805265,weber_violated
90,2,4,right,right,1.3303860108482695,weber_violated
91,2,6,right,right,1.7633646624592674,weber_violated
92,2,6,right,right,1.6787115098710461,weber_violated
93,2,6,right,left,1.9841238090591942,weber_violated
94,2,6,right,right,0.9579676278372817,weber_violated
95,2,6,right,right,5.075956977721357,weber_violated
96,2,6,right,right,1.617527502042464,weber_violated
97,2,6,right,left,1.851389615982656,weber_violated
98,2,6,right,right,1.5362021612589964,weber_violated
99,2,6,right,right,1.556006735013924,weber_violated
100,2,6,right,left,1.4408685244413966,weber_violated
101,2,7,right,right,0.970017503032552,weber_violated
102,2,7,right,right,1.6865449222403144,weber_violated
103,2,7,right,right,1.2321267482883702,weber_violated
104,2,7,right,right,1.4276966157625017,weber_violated
105,2,7,right,right,1.843328253601091,weber_violated
106,2,7,right,right,2.006409547159477,weber_violated
107,2,7,right,right,1.8880571205164427,weber_violated
108,2,7,right,right,0.8052064921359501,weber_violated
109,2,7,right,right,1.3875717989750151,weber_violated
110,2,7,right,right,1.14905712907422,weber_violated
111,2,8,right,right,0.8593165297531975,weber_violated
112,2,8,right,right,0.8440361657663871,weber_violated
113,2,8,right,right,0.9799130896641366,weber_violated
114,2,8,right,right,1.0706655943778223,weber_violated
115,2,8,right,right,0.9090309207873408,weber_violated
116,2,8,right,right,0.8399593584690432,weber_violated
117,2,8,right,right,1.0808617515395367,weber_violated
118,2,8,right,right,0.6765497541871871,weber_violated
119,2,8,right,right,0.9153472886038496,weber_violated
120,2,8,right,right,0.8043879829655269,weber_violated
1,3,2,left,left,0.7455798297473262,weber_violated
2,3,2,left,left,0.8124586110601391,weber_violated
3,3,2,left,left,1.1175756607863772,weber_violated
4,3,2,left,left,0.8445891460000803,weber_violated
5,3,2,left,left,0.8831652932627077,weber_violated
6,3,2,left,left,0.8729639792722033,weber_violated
7,3,2,left,left,0.9213835075375747,weber_violated
8,3,2,left,left,1.036525902322221,weber_violated
9,3,2,left,left,1.3397100351718658,weber_violated
10,3,2,left,left,0.7467426561584012,weber_violated
11,3,3,left,left,1.0999108634754562,weber_violated
12,3,3,left,left,0.9228764341067821,weber_violated
13,3,3,left,left,1.490153098959286,weber_violated
14,3,3,left,left,1.2217860127513536,weber_violated
15,3,3,left,left,1.4804128315211185,weber_violated
16,3,3,left,left,1.2118343686184656,weber_violated
17,3,3,left,left,0.883351336839008,weber_violated
18,3,3,left,left,1.3422845380904014,weber_violated
19,3,3,left,left,1.1462905877618643,weber_violated
20,3,3,left,left,2.3863601574128896,weber_violated
21,3,4,left,right,4.071521527844685,weber_violated
22,3,4,left,left,2.4086418805178873,weber_violated
23,3,4,left,left,3.8757257357029897,weber_violated
24,3,4,left,left,2.1418717783838273,weber_violated
25,3,4,left,left,1.9287365627770767,weber_violated
26,3,4,left,left,2.0224796834744,weber_violated
27,3,4,left,right,3.252953696647282,weber_violated
28,3,4,left,left,1.8872820045604644,weber_violated
29,3,4,left,left,3.065180070134685,weber_violated
30,3,4,left,left,1.5319066592579673,weber_violated
31,3,6,left,left,1.3964640313524928,weber_violated
32,3,6,left,left,2.6188033940167723,weber_violated
33,3,6,left,left,2.2805607265807235,weber_violated
34,3,6,left,left,6.230091234793436,weber_violated
35,3,6,left,right,2.026599225791986,weber_violated
36,3,6,left,left,1.9616304365945132,weber_violated
37,3,6,left,left,0.9660248741486308,weber_violated
38,3,6,left,left,5.249587940160153,weber_violated
39,3,6,left,left,2.3405281883297815,weber_violated
40,3,6,left,left,1.8077498672237822,weber_violated
41,3,7,left,left,2.3296682419773584,weber_violated
42,3,7,left,left,1.1539810412339073,weber_violated
43,3,7,left,left,1.334550118818996,weber_violated
44,3,7,left,left,1.013014429156681,weber_violated
45,3,7,left,left,1.298089663845266,weber_violated
46,3,7,left,left,1.5131915718244904,weber_violated
47,3,7,left,left,1.2265799954719352,weber_violated
48,3,7,left,left,3.3338762958981762,weber_violated
49,3,7,left,right,1.3536272365502653,weber_violated
50,3,7,left,left,1.1683809805579115,weber_violated
51,3,8,left,left,0.8941280647758258,weber_violated
52,3,8,left,left,0.8261099215494287,weber_violated
53,3,8,left,left,1.0014651278605706,weber_violated
54,3,8,left,left,0.7164868715605077,weber_violated
55,3,8,left,left,0.9082761999357485,weber_violated
56,3,8,left,left,1.6126540384757808,weber_violated
57,3,8,left,left,1.327006293119462,weber_violated
58,3,8,left,left,0.9796772657436335,weber_violated
59,3,8,left,left,0.7652591949954677,weber_violated
60,3,8,left,left,1.2083825975321174,weber_violated
61,3,2,right,right,0.8407256269797612,weber_violated
62,3,2,right,right,0.8612342242849271,weber_violated
63,3,2,right,left,1.1339241601142933,weber_violated
64,3,2,right,right,0.9414756567806817,weber_violated
65,3,2,right,right,1.218940222561353,weber_violated
66,3,2,right,right,0.6763551520767923,weber_violated
67,3,2,right,right,0.9230361796329936,weber_violated
68,3,2,right,right,0.7722660896402043,weber_violated
69,3,2,right,right,1.2947082661163458,weber_violated
70,3,2,right,right,0.9511983073051049,weber_violated
71,3,3,right,right,1.017026541102844,weber_violated
72,3,3,right,right,1.2582349791076541,weber_violated
73,3,3,right,right,1.4456148342071025,weber_violated
74,3,3,right,right,0.9889077313570669,weber_violated
75,3,3,right,right,1.3506522859974373,weber_violated
76,3,3,right,right,0.9116066508471288,weber_violated
77,3,3,right,right,1.2757528048552116,weber_violated
78,3,3,right,right,1.4770416982467114,weber_violated
79,3,3,right,right,1.6333733467986487,weber_violated
80,3,3,right,right,1.81418755990888,weber_violated
81,3,4,right,right,1.7636787125067779,weber_violated
82,3,4,right,right,1.8729962084996317,weber_violated
83,3,4,right,right,4.282884302143723,weber_violated
84,3,4,right,left,2.6099535144854253,weber_violated
85,3,4,right,left,3.2478571515739976,weber_violated
86,3,4,right,right,2.9116201220811733,weber_violated
87,3,4,right,left,1.6702976701571621,weber_violated
88,3,4,right,right,1.6587641267466071,weber_violated
89,3,4,right,right,1.5721449321354337,weber_violated
90,3,4,right,left,2.5796610253786145,weber_violated
91,3,6,right,right,1.735129541479881,weber_violated
92,3,6,right,right,1.912655185714262,weber_violated
93,3,6,right,right,2.256463045757676,weber_violated
94,3,6,right,right,2.126916047582578,weber_violated
95,3,6,right,right,1.7811087032267303,weber_violated
96,3,6,right,right,2.0931901587036537,weber_violated
97,3,6,right,right,1.491004721910695,weber_violated
98,3,6,right,left,2.1445084463085524,weber_violated
99,3,6,right,right,2.1077377555873653,weber_violated
100,3,6,right,right,1.6297040007236436,weber_violated
101,3,7,right,right,1.1133309557325983,weber_violated
102,3,7,right,right,1.5008582835814346,weber_violated
103,3,7,right,right,1.5808244125756141,weber_violated
104,3,7,right,right,1.00079738467942,weber_violated
105,3,7,right,right,1.267234576707503,weber_violated
106,3,7,right,right,1.3136431848989192,weber_violated
107,3,7,right,right,1.8064233317314986,weber_violated
108,3,7,right,right,1.404206640792415,weber_violated
109,3,7,right,right,0.8924011021767744,weber_violated
110,3,7,right,right,1.4979163037771264,weber_violated
111,3,8,right,right,0.9704183317713335,weber_violated
112,3,8,right,right,0.8710882394166088,weber_violated
113,3,8,right,right,1.2198704783827794,weber_violated
114,3,8,right,right,0.9097271293018268,weber_violated
115,3,8,right,right,0.9053411117865515,weber_violated
116,3,8,right,right,0.8019485747094801,weber_violated
117,3,8,right,right,0.8513698999303656,weber_violated
118,3,8,right,right,0.6886927993373536,weber_violated
119,3,8,right,right,0.720057063730662,weber_violated
120,3,8,right,right,1.2232701485959414,weber_violated
1,4,2,left,left,1.0554485579296953,weber_violated
2,4,2,left,left,0.8504420645285045,weber_violated
3,4,2,left,left,0.8566207833075021,weber_violated
4,4,2,left,left,0.7643778409517727,weber_violated
5,4,2,left,left,0.7000884215307175,weber_violated
6,4,2,left,left,0.7362769670041762,weber_violated
7,4,2,left,left,0.6948549642905937,weber_violated
8,4,2,left,left,0.8273711740984089,weber_violated
9,4,2,left,left,0.6854077473569762,weber_violated
10,4,2,left,left,1.7914004440233509,weber_violated
11,4,3,left,left,1.627508117164631,weber_violated
12,4,3,left,left,1.5488077602682555,weber_violated
13,4,3,left,left,1.153563293368919,weber_violated
14,4,3,left,left,1.2851882596572113,weber_violated
15,4,3,left,left,1.5038799395077738,weber_violated
16,4,3,left,left,1.558775694698438,weber_violated
17,4,3,left,left,1.146450892164686,weber_violated
18,4,3,left,left,0.8461765465416076,weber_violated
19,4,3,left,left,0.9710316812497282,weber_violated
20,4,3,left,left,0.9907318930781668,weber_violated
21,4,4,left,left,1.2373365395882499,weber_violated
22,4,4,left,left,1.2943015509288973,weber_violated
23,4,4,left,left,3.110587998577229,weber_violated
24,4,4,left,right,1.5027882453924957,weber_violated
25,4,4,left,left,2.1997815562056173,weber_violated
26,4,4,left,left,1.1575939175727739,weber_violated
27,4,4,left,right,4.455041851323761,weber_violated
28,4,4,left,left,1.5530132523484645,weber_violated
29,4,4,left,left,3.935386053926703,weber_violated
30,4,4,left,right,1.2015667728477837,weber_violated
31,4,6,left,right,1.0644715313382211,weber_violated
32,4,6,left,left,1.6727267503280205,weber_violated
33,4,6,left,left,2.953990953265748,weber_violated
34,4,6,left,right,1.3161769312527505,weber_violated
35,4,6,left,left,1.4237738499848538,weber_violated
36,4,6,left,right,8.887530727752631,weber_violated
37,4,6,left,left,1.2566268666755278,weber_violated
38,4,6,left,left,1.8557720268125195,weber_violated
39,4,6,left,left,2.2482348008327855,weber_violated
40,4,6,left,left,1.8889261649096276,weber_violated
41,4,7,left,left,0.9127259623088946,weber_violated
42,4,7,left,left,1.6762696300180024,weber_violated
43,4,7,left,left,0.9223420791778472,weber_violated
44,4,7,left,left,0.988620515660787,weber_violated
45,4,7,left,left,0.7854731550191876,weber_violated
46,4,7,left,left,0.9727825251441051,weber_violated
47,4,7,left,left,1.1595676880722534,weber_violated
48,4,7,left,right,1.6351920852545223,weber_violated
49,4,7,left,left,1.2440047367154812,weber_violated
50,4,7,left,left,0.8126605321594094,weber_violated
51,4,8,left,left,0.7500440853413803,weber_violated
52,4,8,left,left,1.4687715204360117,weber_violated
53,4,8,left,left,0.8694475342017245,weber_violated
54,4,8,left,left,1.0058277028523759,weber_violated
55,4,8,left,left,0.7800723035762396,weber_violated
56,4,8,left,left,1.4224481656447603,weber_violated
57,4,8,left,left,1.295590013905706,weber_violated
58,4,8,left,left,1.3035759837745373,weber_violated
59,4,8,left,left,0.7000207826510829,weber_violated
60,4,8,left,left,1.1051622775024634,weber_violated
61,4,2,right,right,0.77563476972064,weber_violated
62,4,2,right,right,0.8043778758851987,weber_violated
63,4,2,right,right,0.8742393414543557,weber_violated
64,4,2,right,left,1.146622260123815,weber_violated
65,4,2,right,right,0.8251068719937473,weber_violated
66,4,2,right,right,0.8842460182595346,weber_violated
67,4,2,right,right,0.8007133141301797,weber_violated
68,4,2,right,right,1.1463055308347,weber_violated
69,4,2,right,right,0.7441673044393438,weber_violated
70,4,2,right,right,0.8190306281624231,weber_violated
71,4,3,right,right,1.389868961529721,weber_violated
72,4,3,right,right,1.4946459703048187,weber_violated
73,4,3,right,right,1.2930111426091366,weber_violated
74,4,3,right,right,1.2603924671638072,weber_violated
75,4,3,right,right,1.6535810502867996,weber_violated
76,4,3,right,right,1.1412814327144296,weber_violated
77,4,3,right,right,1.599538021393775,weber_violated
78,4,3,right,right,1.398467076406169,weber_violated
79,4,3,right,right,1.1681982740857197,weber_violated
80,4,3,right,right,0.9682793681239761,weber_violated
81,4,4,right,right,1.4214408492640371,weber_violated
82,4,4,right,right,2.7712337928450883,weber_violated
83,4,4,right,left,2.8477016157321446,weber_violated
84,4,4,right,left,1.5798604680054948,weber_violated
85,4,4,right,right,1.6495926177967792,weber_violated
86,4,4,right,right,0.7892613089757665,weber_violated
87,4,4,right,right,1.4775892210648,weber_violated
88,4,4,right,right,1.0083576278711348,weber_violated
89,4,4,right,right,2.0904379325067786,weber_violated
90,4,4,right,right,1.7233770118302296,weber_violated
91,4,6,right,right,2.4201454495527694,weber_violated
92,4,6,right,left,1.894044202921304,weber_violated
93,4,6,right,right,3.156066978317047,weber_violated
94,4,6,right,left,3.725793371278751,weber_violated
95,4,6,right,right,3.29254584536577,weber_violated
96,4,6,right,right,1.2175803101237685,weber_violated
97,4,6,right,left,2.4466246789923916,weber_violated
98,4,6,right,right,2.566793333847969,weber_violated
99,4,6,right,right,3.951048012734348,weber_violated
100,4,6,right,right,2.7434346837158374,weber_violated
101,4,7,right,right,1.4250658666516542,weber_violated
102,4,7,right,right,1.095801972423904,weber_violated
103,4,7,right,right,1.3613380182180552,weber_violated
104,4,7,right,right,1.1148671680841584,weber_violated
105,4,7,right,right,1.0895293840308322,weber_violated
106,4,7,right,right,1.8037151204185258,weber_violated
107,4,7,right,right,1.1429474088799787,weber_violated
108,4,7,right,right,1.1356591639813267,weber_violated
109,4,7,right,right,1.3149449920936467,weber_violated
110,4,7,right,right,1.3158124911960685,weber_violated
111,4,8,right,right,0.9412207920653972,weber_violated
112,4,8,right,right,0.8322249409031475,weber_violated
113,4,8,right,right,0.9289935818844957,weber_violated
114,4,8,right,right,1.08483511025759,weber_violated
115,4,8,right,right,1.031007920108717,weber_violated
116,4,8,right,right,1.0139268809526356,weber_violated
117,4,8,right,right,1.0517206304592397,weber_violated
118,4,8,right,right,0.998315936089391,weber_violated
119,4,8,right,right,0.9043723603046048,weber_violated
120,4,8,right,right,0.9228195275964977,weber_violated
1,5,2,left,left,1.1456883795216826,weber_violated
2,5,2,left,left,1.0100588590780142,weber_violated
3,5,2,left,left,1.1054311049632413,weber_violated
4,5,2,left,left,0.6402696432293712,weber_violated
5,5,2,left,left,0.8671171968485869,weber_violated
6,5,2,left,left,1.1371315445399521,weber_violated
7,5,2,left,left,1.0706759167781181,weber_violated
8,5,2,left,left,1.1499438375473798,weber_violated
9,5,2,left,left,0.9437383438405762,weber_violated
10,5,2,left,left,0.97946962402728,weber_violated
11,5,3,left,left,1.3558567389769007,weber_violated
12,5,3,left,left,1.7093376223066488,weber_violated
13,5,3,left,left,1.1128030725800946,weber_violated
14,5,3,left,left,1.3793269403034827,weber_violated
15,5,3,left,left,1.0573313745687771,weber_violated
16,5,3,left,right,1.405239432166837,weber_violated
17,5,3,left,left,0.9287511662766259,weber_violated
18,5,3,left,left,0.9793865699773348,weber_violated
19,5,3,left,right,1.3970520430946827,weber_violated
20,5,3,left,left,1.0036023602129382,weber_violated
21,5,4,left,left,1.5236976501405564,weber_violated
22,5,4,left,left,3.07284685072831,weber_violated
23,5,4,left,left,2.331202795209144,weber_violated
24,5,4,left,left,1.1588551136817997,weber_violated
25,5,4,left,right,1.847186957244823,weber_violated
26,5,4,left,left,1.4792511994724162,weber_violated
27,5,4,left,left,2.129215615795747,weber_violated
28,5,4,left,left,2.3861964830559503,weber_violated
29,5,4,left,left,1.1336168456955908,weber_violated
30,5,4,left,left,1.1441675497496637,weber_violated
31,5,6,left,left,1.326743467028764,weber_violated
32,5,6,left,left,1.7609857492792023,weber_violated
33,5,6,left,left,1.970504362614111,weber_violated
34,5,6,left,left,1.598310283969073,weber_violated
35,5,6,left,left,1.5464968719129937,weber_violated
36,5,6,left,right,3.8617397183762865,weber_violated
37,5,6,left,left,2.5067397529631013,weber_violated
38,5,6,left,left,1.1859657878852192,weber_violated
39,5,6,left,right,1.8686950018158586,weber_violated
40,5,6,left,left,1.3937653094599058,weber_violated
41,5,7,left,left,1.3026094884432784,weber_violated
42,5,7,left,left,1.280838407355137,weber_violated
43,5,7,left,left,2.18193643861424,weber_violated
44,5,7,left,left,1.1379859230829859,weber_violated
45,5,7,left,left,1.4075064177893999,weber_violated
46,5,7,left,left,1.1121896829696227,weber_violated
47,5,7,left,left,1.2659222110165393,weber_violated
48,5,7,left,left,1.39895652082673,weber_violated
49,5,7,left,right,2.1211523266943635,weber_violated
50,5,7,left,left,2.3933547179017367,weber_violated
51,5,8,left,left,0.8752144199802696,weber_violated
52,5,8,left,left,0.884306544571916,weber_violated
53,5,8,left,left,0.991536778208916,weber_violated
54,5,8,left,left,0.8090971214157618,weber_violated
55,5,8,left,left,0.8278298973496543,weber_violated
56,5,8,left,left,1.1437431096679775,weber_violated
57,5,8,left,left,0.6276309180442577,weber_violated
58,5,8,left,left,0.7808182021449601,weber_violated
59,5,8,left,left,0.8784191212233907,weber_violated
60,5,8,left,left,0.7031627299540248,weber_violated
61,5,2,right,right,0.8110944771323407,weber_violated
62,5,2,right,right,0.9974701048643386,weber_violated
63,5,2,right,right,0.9738217961030349,weber_violated
64,5,2,right,right,1.0199068332183043,weber_violated
65,5,2,right,right,0.9297597051568862,weber_violated
66,5,2,right,right,0.8348236370114757,weber_violated
67,5,2,right,right,0.8836995836368899,weber_violated
68,5,2,right,right,0.7141397382553079,weber_violated
69,5,2,right,right,0.7275506317007729,weber_violated
70,5,2,right,right,1.6106549017900627,weber_violated
71,5,3,right,right,1.1670402065626,weber_violated
72,5,3,right,right,2.004087972174101,weber_violated
73,5,3,right,right,1.1975156428162992,weber_violated
74,5,3,right,right,0.9921936723655655,weber_violated
75,5,3,right,right,1.2610187571807836,weber_violated
76,5,3,right,right,1.6365533571953534,weber_violated
77,5,3,right,right,1.2792447980464867,weber_violated
78,5,3,right,right,1.0032952231704668,weber_violated
79,5,3,right,right,1.6127177582468213,weber_violated
80,5,3,right,right,1.6155589471874332,weber_violated
81,5,4,right,left,2.6999197396558245,weber_violated
82,5,4,right,left,1.6014908110400556,weber_violated
83,5,4,right,right,1.3487573759376232,weber_violated
84,5,4,right,right,1.0894238912387157,weber_violated
85,5,4,right,left,6.530496189425735,weber_violated
86,5,4,right,right,1.6002181154627408,weber_violated
87,5,4,right,right,1.8282917840804642,weber_violated
88,5,4,right,right,1.32123201913142,weber_violated
89,5,4,right,left,1.8231804054297254,weber_violated
90,5,4,right,right,1.5263577999684839,weber_violated
91,5,6,right,right,2.0399423475853595,weber_violated
92,5,6,right,left,2.132560585345431,weber_violated
93,5,6,right,right,1.4593901274472985,weber_violated
94,5,6,right,right,1.1381982399895874,weber_violated
95,5,6,right,right,1.4249862026890452,weber_violated
96,5,6,right,left,2.22176820648954,weber_violated
97,5,6,right,right,2.401400050282251,weber_violated
98,5,6,right,right,1.9775741197550984,weber_violated
99,5,6,right,right,1.063533204273278,weber_violated
100,5,6,right,right,2.021600784811762,weber_violated
101,5,7,right,right,1.3734635410328353,weber_violated
102,5,7,right,right,1.2123292348977681,weber_violated
103,5,7,right,right,1.309136300146971,weber_violated
104,5,7,right,right,1.073782314229274,weber_violated
105,5,7,right,right,0.9191820811846747,weber_violated
106,5,7,right,right,1.1812797202846763,weber_violated
107,5,7,right,right,0.8328033758491618,weber_violated
108,5,7,right,right,1.3619803954882834,weber_violated
109,5,7,right,right,1.420180080391364,weber_violated
110,5,7,right,right,1.4034809164200908,weber_violated
111,5,8,right,right,0.9419337768373319,weber_violated
112,5,8,right,right,0.9750702235202917,weber_violated
113,5,8,right,right,0.7216948161099754,weber_violated
114,5,8,right,right,1.121354408007025,weber_violated
115,5,8,right,right,0.9725331666426686,weber_violated
116,5,8,right,right,0.8313177559241789,weber_violated
117,5,8,right,right,0.699491990734769,weber_violated
118,5,8,right,right,0.909838287635196,weber_violated
119,5,8,right,right,0.9032521331185646,weber_violated
120,5,8,right,right,0.8265837433180889,weber_violated
1,6,2,left,left,0.7971774819670661,weber_violated
2,6,2,left,left,1.1520482892033046,weber_violated
3,6,2,left,left,0.7480251377485445,weber_violated
4,6,2,left,left,0.8435528783885495,weber_violated
5,6,2,left,left,0.9906095879056194,weber_violated
6,6,2,left,left,0.8140164100026392,weber_violated
7,6,2,left,left,0.8502641404235023,weber_violated
8,6,2,left,left,1.0584233504228988,weber_violated
9,6,2,left,left,0.7314120333003442,weber_violated
10,6,2,left,left,0.8115013804842461,weber_violated
11,6,3,left,left,1.5582732905693553,weber_violated
12,6,3,left,left,0.9914629503226451,weber_violated
13,6,3,left,left,1.246504624059627,weber_violated
14,6,3,left,left,1.0671133949376113,weber_violated
15,6,3,left,left,1.1692163582126827,weber_violated
16,6,3,left,right,2.12072651951916,weber_violated
17,6,3,left,left,0.9684163248462736,weber_violated
18,6,3,left,right,1.6147499160942775,weber_violated
19,6,3,left,left,1.6128985663307807,weber_violated
20,6,3,left,left,1.9368593762623962,weber_violated
21,6,4,left,left,1.8823958156372498,weber_violated
22,6,4,left,left,1.374387942806855,weber_violated
23,6,4,left,left,1.4981579067502997,weber_violated
24,6,4,left,left,5.6535889601372125,weber_violated
25,6,4,left,left,1.5211417124926812,weber_violated
26,6,4,left,left,1.994033743787906,weber_violated
27,6,4,left,right,5.553244254989312,weber_violated
28,6,4,left,right,3.1671951558424185,weber_violated
29,6,4,left,left,2.2169056289788998,weber_violated
30,6,4,left,left,3.0699251718593166,weber_violated
31,6,6,left,left,1.4109937359726634,weber_violated
32,6,6,left,right,1.1363153140745657,weber_violated
33,6,6,left,right,1.4524944591219326,weber_violated
34,6,6,left,left,1.344121969263793,weber_violated
35,6,6,left,left,1.8746285248963799,weber_violated
36,6,6,left,left,2.378076032236313,weber_violated
37,6,6,left,right,1.5550082583088847,weber_violated
38,6,6,left,right,1.7112385338636917,weber_violated
39,6,6,left,right,2.522705642384489,weber_violated
40,6,6,left,left,2.4395525370544497,weber_violated
41,6,7,left,left,1.3682287170316145,weber_violated
42,6,7,left,left,1.909990028067977,weber_violated
43,6,7,left,left,0.9994249944370182,weber_violated
44,6,7,left,left,0.7524104879653324,weber_violated
45,6,7,left,left,1.3458739432293874,weber_violated
46,6,7,left,left,2.848399770303233,weber_violated
47,6,7,left,left,1.1151178736210579,weber_violated
48,6,7,left,left,0.793727109922046,weber_violated
49,6,7,left,left,1.2176939814899554,weber_violated
50,6,7,left,left,2.098757194450193,weber_violated
51,6,8,left,right,1.7263218319528713,weber_violated
52,6,8,left,left,1.169730383679574,weber_violated
53,6,8,left,left,0.8662733711103086,weber_violated
54,6,8,left,left,0.8969479452061215,weber_violated
55,6,8,left,left,1.0048476938085955,weber_violated
56,6,8,left,left,1.1341769247731899,weber_violated
57,6,8,left,left,0.99490015545389765,weber_violated
58,6,8,left,left,1.0256179428688132,weber_violated
59,6,8,left,left,0.632310852193145,weber_violated
60,6,8,left,left,0.7703604147775642,weber_violated
61,6,2,right,right,1.0819358238039143,weber_violated
62,6,2,right,right,0.9333758248201589,weber_violated
63,6,2,right,right,0.9439410150339282,weber_violated
64,6,2,right,right,0.714849784257461,weber_violated
65,6,2,right,right,1.0279122458760772,weber_violated
66,6,2,right,right,0.7753365408047947,weber_violated
67,6,2,right,right,1.3389868937881209,weber_violated
68,6,2,right,right,0.7607891454289313,weber_violated
69,6,2,right,right,0.7539810112452576,weber_violated
70,6,2,right,right,0.8125861870018283,weber_violated
71,6,3,right,right,1.1503891735033234,weber_violated
72,6,3,right,right,0.8890296087222149,weber_violated
73,6,3,right,right,0.8802487500581448,weber_violated
74,6,3,right,right,1.9446274483141228,weber_violated
75,6,3,right,right,1.3614190919955418,weber_violated
76,6,3,right,right,1.0732285234873815,weber_violated
77,6,3,right,right,1.6379508386785417,weber_violated
78,6,3,right,right,0.827981213975566,weber_violated
79,6,3,right,right,2.279422206452738,weber_violated
80,6,3,right,right,1.3957912430257984,weber_violated
81,6,4,right,left,2.8653187960733084,weber_violated
82,6,4,right,right,1.5643219032823372,weber_violated
83,6,4,right,left,2.0757100124655885,weber_violated
84,6,4,right,right,1.7882463171383,weber_violated
85,6,4,right,right,2.14413107439759,weber_violated
86,6,4,right,right,2.303670825958085,weber_violated
87,6,4,right,right,1.2702747047074865,weber_violated
88,6,4,right,right,1.8390962063466354,weber_violated
89,6,4,right,left,1.3334003721721222,weber_violated
90,6,4,right,left,2.03813765245619,weber_violated
91,6,6,right,right,1.6355454836757526,weber_violated
92,6,6,right,left,1.3515326816763067,weber_violated
93,6,6,right,right,1.37243901643857,weber_violated
94,6,6,right,right,1.4032972283956704,weber_violated
95,6,6,right,left,1.7185844978077758,weber_violated
96,6,6,right,right,0.9690678895490177,weber_violated
97,6,6,right,right,1.8180335642456418,weber_violated
98,6,6,right,right,2.1006157791416515,weber_violated
99,6,6,right,right,2.495696857033907,weber_violated
100,6,6,right,right,2.0390354588416093,weber_violated
101,6,7,right,right,0.8228847239331667,weber_violated
102,6,7,right,right,1.381695192186017,weber_violated
103,6,7,right,right,4.603752310797637,weber_violated
104,6,7,right,right,1.6078291134696838,weber_violated
105,6,7,right,right,2.053050661215914,weber_violated
106,6,7,right,right,1.5930846716760312,weber_violated
107,6,7,right,right,1.4651184896161178,weber_violated
108,6,7,right,right,1.9318504505642462,weber_violated
109,6,7,right,right,1.2540831125961027,weber_violated
110,6,7,right,right,0.8012907447652142,weber_violated
111,6,8,right,right,1.1110917704675,weber_violated
112,6,8,right,right,0.9616849725000549,weber_violated
113,6,8,right,right,0.9467041772001832,weber_violated
114,6,8,right,right,0.8190184556055891,weber_violated
115,6,8,right,right,0.8636859053823196,weber_violated
116,6,8,right,right,0.7914544172654492,weber_violated
117,6,8,right,right,0.993963232165306,weber_violated
118,6,8,right,right,0.7184638925138132,weber_violated
119,6,8,right,right,1.0170719444848046,weber_violated
120,6,8,right,right,0.9639464021521067,weber_violated
1,7,2,left,left,0.93149404240882006,weber_violated
2,7,2,left,left,0.7012667957647922,weber_violated
3,7,2,left,left,0.9731827151180037,weber_violated
4,7,2,left,left,0.953917909538873,weber_violated
5,7,2,left,left,0.8533246326110382,weber_violated
6,7,2,left,left,0.935675004670051,weber_violated
7,7,2,left,left,0.8390809166816176,weber_violated
8,7,2,left,left,0.8252549627217047,weber_violated
9,7,2,left,left,0.9656437165936205,weber_violated
10,7,2,left,left,0.8378373499894645,weber_violated
11,7,3,left,left,1.1463240934097498,weber_violated
12,7,3,left,right,2.2847498779777258,weber_violated
13,7,3,left,left,1.401832385521844,weber_violated
14,7,3,left,left,1.525896775660961,weber_violated
15,7,3,left,left,1.5024950283680938,weber_violated
16,7,3,left,left,1.4170383684920391,weber_violated
17,7,3,left,left,1.5842092518154933,weber_violated
18,7,3,left,left,1.5879526075142012,weber_violated
19,7,3,left,left,1.2088540360406967,weber_violated
20,7,3,left,left,1.3036516999001937,weber_violated
21,7,4,left,left,1.0722573040415766,weber_violated
22,7,4,left,left,1.7000155899540315,weber_violated
23,7,4,left,left,2.173198984451358,weber_violated
24,7,4,left,right,5.314456484091047,weber_violated
25,7,4,left,left,1.084377877111361,weber_violated
26,7,4,left,right,1.7211823397487966,weber_violated
27,7,4,left,right,1.306999799364127,weber_violated
28,7,4,left,right,2.0981198305297406,weber_violated
29,7,4,left,left,2.365983194100902,weber_violated
30,7,4,left,left,5.466776131266489,weber_violated
31,7,6,left,left,1.728505763424351,weber_violated
32,7,6,left,right,2.5162807660584616,weber_violated
33,7,6,left,left,1.4314838792674773,weber_violated
34,7,6,left,left,2.475666199428851,weber_violated
35,7,6,left,left,1.2536275227592821,weber_violated
36,7,6,left,right,3.269103866998982,weber_violated
37,7,6,left,left,4.014894097846458,weber_violated
38,7,6,left,right,1.7983414706168594,weber_violated
39,7,6,left,right,1.288112378534306,weber_violated
40,7,6,left,right,1.4907774571486885,weber_violated
41,7,7,left,left,1.4726646313250993,weber_violated
42,7,7,left,left,1.1298719116521228,weber_violated
43,7,7,left,right,1.4288344714464918,weber_violated
44,7,7,left,left,1.3901369466323483,weber_violated
45,7,7,left,left,1.2937233319792365,weber_violated
46,7,7,left,left,2.3055929513358318,weber_violated
47,7,7,left,left,1.2314274524726303,weber_violated
48,7,7,left,left,1.7256503549086726,weber_violated
49,7,7,left,left,1.073444918683889,weber_violated
50,7,7,left,left,1.0431212809615573,weber_violated
51,7,8,left,left,0.6745416374205107,weber_violated
52,7,8,left,left,0.7663580763545637,weber_violated
53,7,8,left,left,0.9318957346425836,weber_violated
54,7,8,left,left,0.8088763657316618,weber_violated
55,7,8,left,left,1.0378997999783752,weber_violated
56,7,8,left,left,1.0636969416442796,weber_violated
57,7,8,left,left,0.9069126221990882,weber_violated
58,7,8,left,left,1.1620504084706738,weber_violated
59,7,8,left,left,0.6862511933287281,weber_violated
60,7,8,left,left,0.8269588876658842,weber_violated
61,7,2,right,right,0.9361771982867166,weber_violated
62,7,2,right,right,1.1494328814662098,weber_violated
63,7,2,right,right,0.9968566807635313,weber_violated
64,7,2,right,right,1.4384228364891645,weber_violated
65,7,2,right,right,0.9389995483914186,weber_violated
66,7,2,right,right,0.6160563882733145,weber_violated
67,7,2,right,right,0.7557628029268726,weber_violated
68,7,2,right,right,1.4133704497305328,weber_violated
69,7,2,right,right,0.9211732913262529,weber_violated
70,7,2,right,right,0.9842261356906981,weber_violated
71,7,3,right,right,1.6633421901518937,weber_violated
72,7,3,right,right,2.7548262497122997,weber_violated
73,7,3,right,right,1.4955499754388806,weber_violated
74,7,3,right,right,1.412044440389864,weber_violated
75,7,3,right,right,1.1263248484612207,weber_violated
76,7,3,right,right,1.1909231625630503,weber_violated
77,7,3,right,right,1.7551705859099842,weber_violated
78,7,3,right,right,1.4901106143434986,weber_violated
79,7,3,right,right,0.8586430596689159,weber_violated
80,7,3,right,left,1.293601341918017,weber_violated
81,7,4,right,right,2.1845030291700835,weber_violated
82,7,4,right,left,2.311218398996101,weber_violated
83,7,4,right,right,1.1857402984309424,weber_violated
84,7,4,right,right,2.865649393931595,weber_violated
85,7,4,right,right,1.6171445609650137,weber_violated
86,7,4,right,left,1.0239881387799057,weber_violated
87,7,4,right,right,2.840104928705863,weber_violated
88,7,4,right,left,2.457993821472825,weber_violated
89,7,4,right,left,1.3350542309015359,weber_violated
90,7,4,right,left,2.532641926188889,weber_violated
91,7,6,right,right,2.2393694189140922,weber_violated
92,7,6,right,right,1.4647340069638388,weber_violated
93,7,6,right,right,1.0754890325368502,weber_violated
94,7,6,right,right,1.23611060290388,weber_violated
95,7,6,right,left,2.49147043544902,weber_violated
96,7,6,right,left,1.2085046046892054,weber_violated
97,7,6,right,right,1.4123910488814995,weber_violated
98,7,6,right,right,1.796450925187141,weber_violated
99,7,6,right,right,1.529456403708765,weber_violated
100,7,6,right,left,2.2608693580528776,weber_violated
101,7,7,right,right,1.1717167591334423,weber_violated
102,7,7,right,right,1.8908762669212866,weber_violated
103,7,7,right,right,1.8055472547132714,weber_violated
104,7,7,right,left,1.0245628247263296,weber_violated
105,7,7,right,right,1.151270928027933,weber_violated
106,7,7,right,right,1.3073300891478101,weber_violated
107,7,7,right,left,1.5657462034777538,weber_violated
108,7,7,right,right,1.2944028413305058,weber_violated
109,7,7,right,right,1.2412581185979996,weber_violated
110,7,7,right,right,0.838710363109004,weber_violated
111,7,8,right,right,0.7935588181011441,weber_violated
112,7,8,right,right,0.9338329574525714,weber_violated
113,7,8,right,right,0.6864329811799572,weber_violated
114,7,8,right,right,0.8919817508149344,weber_violated
115,7,8,right,right,0.9207784128720193,weber_violated
116,7,8,right,right,0.7436817731619756,weber_violated
117,7,8,right,right,1.048108907493358,weber_violated
118,7,8,right,right,0.6691937768071259,weber_violated
119,7,8,right,right,0.8796220230770797,weber_violated
120,7,8,right,right,0.9216679240598631,weber_violated
1,8,2,left,left,1.249318442289464,weber_violated
2,8,2,left,left,0.819724202480085,weber_violated
3,8,2,left,left,0.7760609308293347,weber_violated
4,8,2,left,left,0.7542026570299147,weber_violated
5,8,2,left,left,1.0227580653224,weber_violated
6,8,2,left,left,1.1161525120063944,weber_violated
7,8,2,left,left,0.7913166923852204,weber_violated
8,8,2,left,left,0.9493539554418935,weber_violated
9,8,2,left,left,1.056465339939052,weber_violated
10,8,2,left,left,0.8155732800446625,weber_violated
11,8,3,left,left,1.222294986696269,weber_violated
12,8,3,left,left,1.0530276095505617,weber_violated
13,8,3,left,left,1.306264170176022,weber_violated
14,8,3,left,left,3.297074949657125,weber_violated
15,8,3,left,left,0.9028224025844622,weber_violated
16,8,3,left,left,1.0342433413138004,weber_violated
17,8,3,left,left,1.4297459625591908,weber_violated
18,8,3,left,left,1.4490069999578852,weber_violated
19,8,3,left,left,1.2859420457006876,weber_violated
20,8,3,left,left,1.1667887244590527,weber_violated
21,8,4,left,left,1.6521617982317323,weber_violated
22,8,4,left,left,1.4921405715918785,weber_violated
23,8,4,left,left,1.5150966421873855,weber_violated
24,8,4,left,right,1.916361355073774,weber_violated
25,8,4,left,left,1.6131280090261921,weber_violated
26,8,4,left,left,1.4892130197613394,weber_violated
27,8,4,left,left,1.9162090920738921,weber_violated
28,8,4,left,left,1.6660348308831034,weber_violated
29,8,4,left,left,2.9258710943425843,weber_violated
30,8,4,left,right,2.652200095958712,weber_violated
31,8,6,left,left,2.22193589031991,weber_violated
32,8,6,left,right,1.5759842283117458,weber_violated
33,8,6,left,left,0.7543336060988446,weber_violated
34,8,6,left,right,1.203405973694746,weber_violated
35,8,6,left,left,2.354091892146053,weber_violated
36,8,6,left,left,1.4324486814365411,weber_violated
37,8,6,left,left,3.8641019112444366,weber_violated
38,8,6,left,right,0.9054555856085806,weber_violated
39,8,6,left,left,1.3725944768236522,weber_violated
40,8,6,left,left,1.5271296266694885,weber_violated
41,8,7,left,left,0.6738321228481279,weber_violated
42,8,7,left,left,1.0538667552990484,weber_violated
43,8,7,left,left,1.2176647542703687,weber_violated
44,8,7,left,left,1.134853982611608,weber_violated
45,8,7,left,left,1.559101492223415,weber_violated
46,8,7,left,left,0.9704543014386537,weber_violated
47,8,7,left,left,1.5938610873235817,weber_violated
48,8,7,left,left,1.3876920533128647,weber_violated
49,8,7,left,left,1.4592918808630426,weber_violated
50,8,7,left,left,1.4206475470757072,weber_violated
51,8,8,left,left,0.7772396737529321,weber_violated
52,8,8,left,left,0.7761055460423589,weber_violated
53,8,8,left,left,0.7249421455593241,weber_violated
54,8,8,left,left,0.7800792684691664,weber_violated
55,8,8,left,left,0.8348649428534851,weber_violated
56,8,8,left,left,0.8810345262481478,weber_violated
57,8,8,left,left,0.8764577619265921,weber_violated
58,8,8,left,left,0.9728746936757708,weber_violated
59,8,8,left,left,0.9313246129592299,weber_violated
60,8,8,left,left,0.9604422044386351,weber_violated
61,8,2,right,right,1.2438143321606026,weber_violated
62,8,2,right,right,0.8847404659246236,weber_violated
63,8,2,right,right,1.1349093175280416,weber_violated
64,8,2,right,right,0.7094430874249902,weber_violated
65,8,2,right,right,1.2186729255499311,weber_violated
66,8,2,right,right,1.0722186865054883,weber_violated
67,8,2,right,right,1.1377024799708737,weber_violated
68,8,2,right,right,0.9232737400432967,weber_violated
69,8,2,right,right,0.8676946266397632,weber_violated
70,8,2,right,right,0.7904143969820849,weber_violated
71,8,3,right,right,1.1852267369810572,weber_violated
72,8,3,right,right,1.8016305433325788,weber_violated
73,8,3,right,right,0.9721744064489599,weber_violated
74,8,3,right,right,1.1597430676727893,weber_violated
75,8,3,right,right,1.0527725475587584,weber_violated
76,8,3,right,right,1.0451776702582265,weber_violated
77,8,3,right,left,2.083719383128971,weber_violated
78,8,3,right,right,0.8783281093032467,weber_violated
79,8,3,right,right,2.0694135543983783,weber_violated
80,8,3,right,right,1.5332422281807025,weber_violated
81,8,4,right,right,1.2959389519768303,weber_violated
82,8,4,right,right,1.572504225293319,weber_violated
83,8,4,right,right,2.1734548980203696,weber_violated
84,8,4,right,right,1.8403536432521965,weber_violated
85,8,4,right,right,1.2129411065262803,weber_violated
86,8,4,right,right,1.4520024231648387,weber_violated
87,8,4,right,left,1.8251377702250347,weber_violated
88,8,4,right,right,1.6919568017469029,weber_violated
89,8,4,right,left,1.195766788798914,weber_violated
90,8,4,right,right,2.0257362967207455,weber_violated
91,8,6,right,right,1.7302147434160808,weber_violated
92,8,6,right,left,2.207083501335462,weber_violated
93,8,6,right,right,1.4386663640673345,weber_violated
94,8,6,right,right,1.6723575449805128,weber_violated
95,8,6,right,left,2.6128754948501247,weber_violated
96,8,6,right,right,1.5372495669853368,weber_violated
97,8,6,right,left,1.4295365371148498,weber_violated
98,8,6,right,left,3.3326082150391723,weber_violated
99,8,6,right,right,2.256890016777993,weber_violated
100,8,6,right,right,1.3739103488212876,weber_violated
101,8,7,right,right,1.2840684406174958,weber_violated
102,8,7,right,right,1.2329493475136115,weber_violated
103,8,7,right,right,1.3482455860714955,weber_violated
104,8,7,right,right,1.9512937936797756,weber_violated
105,8,7,right,right,0.9140400910063313,weber_violated
106,8,7,right,right,3.7311091919634833,weber_violated
107,8,7,right,right,1.2978053237820153,weber_violated
108,8,7,right,right,1.1362000145667228,weber_violated
109,8,7,right,right,1.538705610504185,weber_violated
110,8,7,right,right,1.7020669272372841,weber_violated
111,8,8,right,right,0.8801450619264646,weber_violated
112,8,8,right,right,0.8507889526216175,weber_violated
113,8,8,right,right,1.0690362168551133,weber_violated
114,8,8,right,right,0.9707544654582341,weber_violated
115,8,8,right,right,0.8580683131299496,weber_violated
116,8,8,right,right,0.7697708557316061,weber_violated
117,8,8,right,right,0.8576857013115109,weber_violated
118,8,8,right,right,0.9120863001358483,weber_violated
119,8,8,right,right,1.1675145490647472,weber_violated
120,8,8,right,right,0.653850516451709,weber_violated
1,9,2,left,left,0.8718846531809801,weber_violated
2,9,2,left,left,0.8231418857242929,weber_violated
3,9,2,left,left,0.9518333655938376,weber_violated
4,9,2,left,left,1.167610170268494,weber_violated
5,9,2,left,left,1.0570676214608634,weber_violated
6,9,2,left,left,0.8410840401999682,weber_violated
7,9,2,left,left,1.0344067992909,weber_violated
8,9,2,left,left,1.0647559858930937,weber_violated
9,9,2,left,left,0.7944743190716188,weber_violated
10,9,2,left,left,0.8963855797974549,weber_violated
11,9,3,left,left,1.1777596383531754,weber_violated
12,9,3,left,left,1.3619389946222293,weber_violated
13,9,3,left,left,1.3577427599143852,weber_violated
14,9,3,left,left,1.394542643624574,weber_violated
15,9,3,left,left,1.6620076810564262,weber_violated
16,9,3,left,left,1.7337103899578612,weber_violated
17,9,3,left,right,2.32303144536734,weber_violated
18,9,3,left,left,1.2820892645296698,weber_violated
19,9,3,left,left,1.895303692977704,weber_violated
20,9,3,left,left,1.532955563578594,weber_violated
21,9,4,left,left,1.4778352146956986,weber_violated
22,9,4,left,right,1.9160214632761006,weber_violated
23,9,4,left,left,2.422621138261044,weber_violated
24,9,4,left,left,1.1720295267808256,weber_violated
25,9,4,left,left,1.3727980201085668,weber_violated
26,9,4,left,left,1.9006100733121696,weber_violated
27,9,4,left,left,1.8384565759019345,weber_violated
28,9,4,left,left,1.4451878548920147,weber_violated
29,9,4,left,right,1.011425738100017,weber_violated
30,9,4,left,right,1.938270147825835,weber_violated
31,9,6,left,right,1.3091590930518509,weber_violated
32,9,6,left,left,1.5253800592654274,weber_violated
33,9,6,left,right,4.8685787052074,weber_violated
34,9,6,left,left,1.4551797664946688,weber_violated
35,9,6,left,left,5.14163060436685,weber_violated
36,9,6,left,left,2.315461763149747,weber_violated
37,9,6,left,right,2.012015527296123,weber_violated
38,9,6,left,left,1.2400902427759088,weber_violated
39,9,6,left,left,1.1967123655285086,weber_violated
40,9,6,left,left,1.6700793185234684,weber_violated
41,9,7,left,left,0.9961246806089235,weber_violated
42,9,7,left,right,1.614648226429875,weber_violated
43,9,7,left,left,1.417380318943639,weber_violated
44,9,7,left,left,1.1693680643554427,weber_violated
45,9,7,left,left,1.0909054840356247,weber_violated
46,9,7,left,left,1.0016306162760709,weber_violated
47,9,7,left,left,1.1855953813518298,weber_violated
48,9,7,left,left,0.7310318044295003,weber_violated
49,9,7,left,left,1.486200031956176,weber_violated
50,9,7,left,left,1.1728397355277191,weber_violated
51,9,8,left,left,1.162695292394141,weber_violated
52,9,8,left,left,1.0808892142867577,weber_violated
53,9,8,left,left,0.993524119579716,weber_violated
54,9,8,left,left,0.8333801415034265,weber_violated
55,9,8,left,left,0.7275901168962051,weber_violated
56,9,8,left,left,1.0572468085690698,weber_violated
57,9,8,left,left,0.6955173992286741,weber_violated
58,9,8,left,left,1.1114313125289415,weber_violated
59,9,8,left,left,0.7541570010703817,weber_violated
60,9,8,left,left,0.9200271255582231,weber_violated
61,9,2,right,right,0.9701910676593117,weber_violated
62,9,2,right,right,0.7166714273016881,weber_violated
63,9,2,right,right,0.9327651781195203,weber_violated
64,9,2,right,right,0.6873625029733341,weber_violated
65,9,2,right,right,1.0606123049670555,weber_violated
66,9,2,right,right,0.9247805769461357,weber_violated
67,9,2,right,right,0.9594142961931933,weber_violated
68,9,2,right,right,1.134142322669749,weber_violated
69,9,2,right,right,0.9664721749291807,weber_violated
70,9,2,right,right,1.13291338794758,weber_violated
71,9,3,right,right,1.4762638465857933,weber_violated
72,9,3,right,right,1.3195156307436178,weber_violated
73,9,3,right,right,1.0760197980743382,weber_violated
74,9,3,right,right,1.415004328686265,weber_violated
75,9,3,right,right,0.9885237870603358,weber_violated
76,9,3,right,right,0.8440804048034778,weber_violated
77,9,3,right,right,1.0604227566250126,weber_violated
78,9,3,right,right,1.082937363110459,weber_violated
79,9,3,right,right,1.0031653972506713,weber_violated
80,9,3,right,right,1.0925386436094982,weber_violated
81,9,4,right,right,2.7938493344802064,weber_violated
82,9,4,right,right,1.3838974880882138,weber_violated
83,9,4,right,left,1.8255912139044823,weber_violated
84,9,4,right,left,2.3826494823414563,weber_violated
85,9,4,right,right,1.8515559605964338,weber_violated
86,9,4,right,right,2.8517167475390077,weber_violated
87,9,4,right,right,2.15848203474873,weber_violated
88,9,4,right,left,2.744197651033751,weber_violated
89,9,4,right,left,1.8797205614640018,weber_violated
90,9,4,right,right,2.2441955140198053,weber_violated
91,9,6,right,left,2.287210440626463,weber_violated
92,9,6,right,right,2.0052307156815288,weber_violated
93,9,6,right,right,1.780035904778081,weber_violated
94,9,6,right,right,1.9804973018633327,weber_violated
95,9,6,right,right,1.0537895899758194,weber_violated
96,9,6,right,right,1.1471909123334716,weber_violated
97,9,6,right,right,1.1332332334330109,weber_violated
98,9,6,right,left,2.0037425076128046,weber_violated
99,9,6,right,left,2.567071676229715,weber_violated
100,9,6,right,right,1.3888946077587032,weber_violated
101,9,7,right,right,0.83662045417269,weber_violated
102,9,7,right,left,1.28140822936712,weber_violated
103,9,7,right,right,1.0384575621850547,weber_violated
104,9,7,right,right,1.0259696157744678,weber_violated
105,9,7,right,left,1.484650092634432,weber_violated
106,9,7,right,right,1.0519481453317345,weber_violated
107,9,7,right,right,1.3962949232835877,weber_violated
108,9,7,right,left,1.388589630522027,weber_violated
109,9,7,right,right,1.6792236473648723,weber_violated
110,9,7,right,right,1.2403601761982175,weber_violated
111,9,8,right,right,1.1957666505444644,weber_violated
112,9,8,right,right,0.7194335273623633,weber_violated
113,9,8,right,right,0.7944652657161428,weber_violated
114,9,8,right,right,0.9699294666634597,weber_violated
115,9,8,right,right,0.9542860091030183,weber_violated
116,9,8,right,right,0.9449157324823494,weber_violated
117,9,8,right,right,1.0243047903884936,weber_violated
118,9,8,right,right,1.2260992116408973,weber_violated
119,9,8,right,right,0.9491221208072362,weber_violated
120,9,8,right,right,0.729122161170147,weber_violated
1,10,2,left,left,0.8092620195625648,weber_violated
2,10,2,left,left,1.5102043037831503,weber_violated
3,10,2,left,left,1.0138906698635202,weber_violated
4,10,2,left,left,1.3672147422032948,weber_violated
5,10,2,left,left,0.8445897160601006,weber_violated
6,10,2,left,left,0.8736207408771406,weber_violated
7,10,2,left,left,1.2880112803973327,weber_violated
8,10,2,left,left,1.0496681760196924,weber_violated
9,10,2,left,left,1.5161033712211618,weber_violated
10,10,2,left,left,0.7245140168660311,weber_violated
11,10,3,left,left,1.181738922805641,weber_violated
12,10,3,left,left,1.0431062576912091,weber_violated
13,10,3,left,left,1.9058457858293663,weber_violated
14,10,3,left,left,1.084681740738158,weber_violated
15,10,3,left,right,1.2991683610816778,weber_violated
16,10,3,left,left,1.1677805140054995,weber_violated
17,10,3,left,left,0.8769591928604967,weber_violated
18,10,3,left,left,1.1824399012764912,weber_violated
19,10,3,left,left,1.1594755231278995,weber_violated
20,10,3,left,left,1.0906245696073642,weber_violated
21,10,4,left,left,1.5047385088543492,weber_violated
22,10,4,left,right,1.8277964231899146,weber_violated
23,10,4,left,right,1.4589569163574243,weber_violated
24,10,4,left,left,1.7907644222459018,weber_violated
25,10,4,left,left,1.7761490272263571,weber_violated
26,10,4,left,left,1.9153856079872167,weber_violated
27,10,4,left,left,2.7567971362347965,weber_violated
28,10,4,left,right,2.070368891574798,weber_violated
29,10,4,left,right,2.1085390220635194,weber_violated
30,10,4,left,left,1.1636689468860786,weber_violated
31,10,6,left,right,1.2500063455849468,weber_violated
32,10,6,left,right,2.6312235110133955,weber_violated
33,10,6,left,left,2.7228986465705196,weber_violated
34,10,6,left,left,1.669569470013849,weber_violated
35,10,6,left,left,1.891287863587627,weber_violated
36,10,6,left,left,1.199185071346018,weber_violated
37,10,6,left,left,2.214468828545916,weber_violated
38,10,6,left,right,2.1696687266904786,weber_violated
39,10,6,left,left,2.219497169930279,weber_violated
40,10,6,left,left,2.4199660165806343,weber_violated
41,10,7,left,left,1.3556518896765013,weber_violated
42,10,7,left,left,0.854675572419225,weber_violated
43,10,7,left,left,1.0494375757532561,weber_violated
44,10,7,left,left,1.2282870565498105,weber_violated
45,10,7,left,left,0.9635771670568922,weber_violated
46,10,7,left,left,0.9052878015802759,weber_violated
47,10,7,left,left,1.147404171202907,weber_violated
48,10,7,left,left,1.1852274935776193,weber_violated
49,10,7,left,left,1.6330124405329338,weber_violated
50,10,7,left,left,0.8221981920261503,weber_violated
51,10,8,left,left,0.8104774012512401,weber_violated
52,10,8,left,left,1.3602015251139439,weber_violated
53,10,8,left,left,1.1078953050777216,weber_violated
54,10,8,left,left,0.8855292944765432,weber_violated
55,10,8,left,left,0.802477954015619,weber_violated
56,10,8,left,left,0.7538293351493692,weber_violated
57,10,8,left,left,0.8603133829613367,weber_violated
58,10,8,left,left,0.8185228673733203,weber_violated
59,10,8,left,left,1.3294392082409086,weber_violated
60,10,8,left,left,0.7485299986950265,weber_violated
61,10,2,right,right,0.7514063298266842,weber_violated
62,10,2,right,right,0.7175421883723798,weber_violated
63,10,2,right,right,0.8414679117515969,weber_violated
64,10,2,right,right,0.9326593274626067,weber_violated
65,10,2,right,right,0.948301475641802,weber_violated
66,10,2,right,right,1.163346412981735,weber_violated
67,10,2,right,right,0.9777590495359965,weber_violated
68,10,2,right,right,0.9711912385951236,weber_violated
69,10,2,right,right,0.8621821043164026,weber_violated
70,10,2,right,right,0.8399489620665532,weber_violated
71,10,3,right,right,0.9930864052026744,weber_violated
72,10,3,right,right,0.9979244481738627,weber_violated
73,10,3,right,right,1.318758060428366,weber_violated
74,10,3,right,right,0.9017794348235193,weber_violated
75,10,3,right,right,0.9288860772649772,weber_violated
76,10,3,right,right,1.0433978092112393,weber_violated
77,10,3,right,left,1.3157767392083999,weber_violated
78,10,3,right,right,1.032186196273715,weber_violated
79,10,3,right,right,1.1520422993477963,weber_violated
80,10,3,right,right,1.4928783319420746,weber_violated
81,10,4,right,left,1.6312568079737015,weber_violated
82,10,4,right,right,1.6214498589219377,weber_violated
83,10,4,right,left,2.276662603640237,weber_violated
84,10,4,right,right,1.2512314518700307,weber_violated
85,10,4,right,right,2.381653307012464,weber_violated
86,10,4,right,right,1.5318517571817671,weber_violated
87,10,4,right,left,1.6154780252783554,weber_violated
88,10,4,right,right,2.1288970423542715,weber_violated
89,10,4,right,left,2.578972113114396,weber_violated
90,10,4,right,right,1.0920240504154124,weber_violated
91,10,6,right,left,2.877295800262313,weber_violated
92,10,6,right,left,2.063009535335918,weber_violated
93,10,6,right,right,1.6894802268901938,weber_violated
94,10,6,right,right,1.561486592438508,weber_violated
95,10,6,right,right,1.4659220203158791,weber_violated
96,10,6,right,right,2.4550403011743156,weber_violated
97,10,6,right,left,2.053365339612183,weber_violated
98,10,6,right,right,1.4276462333775997,weber_violated
99,10,6,right,left,4.05527287857233,weber_violated
100,10,6,right,right,2.0217448699930385,weber_violated
101,10,7,right,right,1.1244110862953594,weber_violated
102,10,7,right,right,0.9789601706625362,weber_violated
103,10,7,right,left,1.4160901972438482,weber_violated
104,10,7,right,right,0.8219586323896104,weber_violated
105,10,7,right,right,1.539335984818678,weber_violated
106,10,7,right,right,1.221378253175645,weber_violated
107,10,7,right,right,1.1756937212944836,weber_violated
108,10,7,right,right,1.078427002227661,weber_violated
109,10,7,right,left,1.6923478752368097,weber_violated
110,10,7,right,right,0.806989411198763,weber_violated
111,10,8,right,right,0.83178168431399,weber_violated
112,10,8,right,right,1.1507257138978315,weber_violated
113,10,8,right,right,0.9720722126594932,weber_violated
114,10,8,right,right,1.0427857213254543,weber_violated
115,10,8,right,right,0.697563405296982,weber_violated
116,10,8,right,right,0.8798600247027522,weber_violated
117,10,8,right,right,0.7851017184655589,weber_violated
118,10,8,right,right,0.9415996237329902,weber_violated
119,10,8,right,right,1.0054894439214106,weber_violated
120,10,8,right,right,0.7720223870312022,weber_violated
1,11,2,left,left,0.8929279604831901,weber_violated
2,11,2,left,left,1.0614849993423983,weber_violated
3,11,2,left,left,0.7515968911174913,weber_violated
4,11,2,left,left,1.3649386590385046,weber_violated
5,11,2,left,left,0.8713388036664467,weber_violated
6,11,2,left,left,1.2269083210946812,weber_violated
7,11,2,left,left,1.069101326118646,weber_violated
8,11,2,left,left,0.7404141692928097,weber_violated
9,11,2,left,left,0.9897745772269766,weber_violated
10,11,2,left,left,0.76732514406001,weber_violated
11,11,3,left,left,0.9130991358013381,weber_violated
12,11,3,left,left,0.6997436178343277,weber_violated
13,11,3,left,right,2.3255543376405585,weber_violated
14,11,3,left,left,1.2973292258289881,weber_violated
15,11,3,left,left,1.498786596552362,weber_violated
16,11,3,left,left,1.3141318982695573,weber_violated
17,11,3,left,left,2.1294877253763262,weber_violated
18,11,3,left,left,1.335220587529924,weber_violated
19,11,3,left,left,1.5762054802281753,weber_violated
20,11,3,left,left,1.7134699697475728,weber_violated
21,11,4,left,right,1.7962185945365818,weber_violated
22,11,4,left,left,2.5332054726317432,weber_violated
23,11,4,left,left,1.7158768055062557,weber_violated
24,11,4,left,right,1.8370228638102002,weber_violated
25,11,4,left,right,3.0802246255467858,weber_violated
26,11,4,left,left,1.9934966453599177,weber_violated
27,11,4,left,right,2.38428907802824,weber_violated
28,11,4,left,left,2.118477040322713,weber_violated
29,11,4,left,left,1.320660656164383,weber_violated
30,11,4,left,left,1.9339083160865822,weber_violated
31,11,6,left,right,1.7168251089367998,weber_violated
32,11,6,left,right,1.3780558891043928,weber_violated
33,11,6,left,left,2.514182620030943,weber_violated
34,11,6,left,left,1.9481468630133234,weber_violated
35,11,6,left,right,1.842652362802257,weber_violated
36,11,6,left,right,2.056320027024369,weber_violated
37,11,6,left,left,1.7272777728279392,weber_violated
38,11,6,left,left,2.384937404160369,weber_violated
39,11,6,left,left,1.622951404665735,weber_violated
40,11,6,left,right,3.4313086655470553,weber_violated
41,11,7,left,left,1.0769053139368894,weber_violated
42,11,7,left,left,0.8715280327606305,weber_violated
43,11,7,left,left,1.1520225899096874,weber_violated
44,11,7,left,left,0.7820547642520106,weber_violated
45,11,7,left,left,1.5512557460742864,weber_violated
46,11,7,left,left,1.2152083066828365,weber_violated
47,11,7,left,left,1.1946810267744603,weber_violated
48,11,7,left,left,1.3418282113949915,weber_violated
49,11,7,left,left,1.205993400753956,weber_violated
50,11,7,left,left,2.2193603682497063,weber_violated
51,11,8,left,left,1.0461705396514234,weber_violated
52,11,8,left,left,0.8252980179575069,weber_violated
53,11,8,left,left,1.1006591473332359,weber_violated
54,11,8,left,left,0.8008168096704613,weber_violated
55,11,8,left,left,0.7867185193137105,weber_violated
56,11,8,left,left,1.077681932645721,weber_violated
57,11,8,left,left,0.8770756344997166,weber_violated
58,11,8,left,left,0.7797462710373835,weber_violated
59,11,8,left,left,1.0240874174415564,weber_violated
60,11,8,left,left,0.8094939876963174,weber_violated
61,11,2,right,right,0.7304634612571246,weber_violated
62,11,2,right,right,0.9317178392274812,weber_violated
63,11,2,right,right,1.104326343686369,weber_violated
64,11,2,right,right,0.7077990419676417,weber_violated
65,11,2,right,right,1.0849900420053415,weber_violated
66,11,2,right,right,0.9761370217309155,weber_violated
67,11,2,right,right,1.1708075607955002,weber_violated
68,11,2,right,right,0.7480989763895858,weber_violated
69,11,2,right,right,0.955625332135994,weber_violated
70,11,2,right,right,0.9916295744982517,weber_violated
71,11,3,right,left,1.4040126933722432,weber_violated
72,11,3,right,right,1.1529295132976267,weber_violated
73,11,3,right,right,0.9231897316782849,weber_violated
74,11,3,right,right,1.0954144579129226,weber_violated
75,11,3,right,right,1.139131777164735,weber_violated
76,11,3,right,right,1.6436092997047458,weber_violated
77,11,3,right,right,1.5967741248215042,weber_violated
78,11,3,right,right,1.2947642640204287,weber_violated
79,11,3,right,right,1.052558106214179,weber_violated
80,11,3,right,right,1.1625701725435202,weber_violated
81,11,4,right,left,2.5199875558674045,weber_violated
82,11,4,right,left,3.69199410236982,weber_violated
83,11,4,right,right,1.2635954525351707,weber_violated
84,11,4,right,left,2.6699384050757407,weber_violated
85,11,4,right,left,1.9794171126229945,weber_violated
86,11,4,right,right,1.2920614278662017,weber_violated
87,11,4,right,right,1.7333487691482103,weber_violated
88,11,4,right,right,3.326357561229389,weber_violated
89,11,4,right,right,2.14188701523275,weber_violated
90,11,4,right,right,1.8914689137971883,weber_violated
91,11,6,right,right,1.2070295613311914,weber_violated
92,11,6,right,right,2.150134140275222,weber_violated
93,11,6,right,right,1.1641485810399228,weber_violated
94,11,6,right,right,1.3281877897954457,weber_violated
95,11,6,right,right,1.209143264897779,weber_violated
96,11,6,right,right,1.1827303506004314,weber_violated
97,11,6,right,right,1.4416423111298404,weber_violated
98,11,6,right,right,1.663917112450335,weber_violated
99,11,6,right,left,1.942195667874948,weber_violated
100,11,6,right,right,4.329989739575993,weber_violated
101,11,7,right,right,1.1708006333123087,weber_violated
102,11,7,right,right,1.0375842571146352,weber_violated
103,11,7,right,right,1.6234084670296653,weber_violated
104,11,7,right,right,1.5010396661671224,weber_violated
105,11,7,right,right,1.5869341143151674,weber_violated
106,11,7,right,right,1.6188034992520273,weber_violated
107,11,7,right,right,1.1465895849401944,weber_violated
108,11,7,right,right,1.0178416050953296,weber_violated
109,11,7,right,right,1.0727966879638517,weber_violated
110,11,7,right,right,1.3543007613728726,weber_violated
111,11,8,right,right,1.154772137570685,weber_violated
112,11,8,right,right,0.8832922432270645,weber_violated
113,11,8,right,right,1.0650356237055454,weber_violated
114,11,8,right,right,1.0306725747445142,weber_violated
115,11,8,right,right,1.114110291477,weber_violated
116,11,8,right,right,0.7968558985237733,weber_violated
117,11,8,right,right,1.437474497062977,weber_violated
118,11,8,right,right,0.7933535788077257,weber_violated
119,11,8,right,right,0.7862308350277283,weber_violated
120,11,8,right,right,0.8978471047469259,weber_violated
1,12,2,left,left,1.1595267834375789,weber_violated
2,12,2,left,left,0.8280286370738974,weber_violated
3,12,2,left,left,1.1247364586926947,weber_violated
4,12,2,left,left,0.8201726095488633,weber_violated
5,12,2,left,left,0.8519363429499232,weber_violated
6,12,2,left,left,0.9496559599569521,weber_violated
7,12,2,left,left,0.8850314279588212,weber_violated
8,12,2,left,left,0.8678282521577467,weber_violated
9,12,2,left,left,0.7547749532263324,weber_violated
10,12,2,left,left,0.872641929576607,weber_violated
11,12,3,left,left,1.1138541513653801,weber_violated
12,12,3,left,left,1.4825128507897782,weber_violated
13,12,3,left,left,1.4481036377312198,weber_violated
14,12,3,left,left,1.1019074365049752,weber_violated
15,12,3,left,left,1.1179215561823044,weber_violated
16,12,3,left,right,2.0618291894838596,weber_violated
17,12,3,left,left,1.2035111465948025,weber_violated
18,12,3,left,left,1.5863842241646235,weber_violated
19,12,3,left,left,1.7277889786359775,weber_violated
20,12,3,left,left,2.5198490092269314,weber_violated
21,12,4,left,left,1.8680768022076704,weber_violated
22,12,4,left,right,1.2667707166420952,weber_violated
23,12,4,left,right,2.0408538538268606,weber_violated
24,12,4,left,left,1.4830724051684139,weber_violated
25,12,4,left,right,1.561832514669277,weber_violated
26,12,4,left,right,5.30774865981509,weber_violated
27,12,4,left,right,2.0076739911941517,weber_violated
28,12,4,left,right,3.2713604394648925,weber_violated
29,12,4,left,left,1.2597925565251464,weber_violated
30,12,4,left,left,1.8162290793757372,weber_violated
31,12,6,left,right,2.757494803365953,weber_violated
32,12,6,left,right,2.2136093322688435,weber_violated
33,12,6,left,left,1.1968662730894115,weber_violated
34,12,6,left,right,2.5687867883703444,weber_violated
35,12,6,left,left,1.6809139316442767,weber_violated
36,12,6,left,left,1.721840798743614,weber_violated
37,12,6,left,left,1.0976504727029075,weber_violated
38,12,6,left,left,1.0665266815332946,weber_violated
39,12,6,left,right,1.1632950791500143,weber_violated
40,12,6,left,left,1.862863695125839,weber_violated
41,12,7,left,left,3.2273172113320063,weber_violated
42,12,7,left,left,1.3283169210826133,weber_violated
43,12,7,left,left,1.214364268380895,weber_violated
44,12,7,left,left,0.8343170520872967,weber_violated
45,12,7,left,left,1.789244465813143,weber_violated
46,12,7,left,left,2.7990888235411937,weber_violated
47,12,7,left,left,0.9139467639068937,weber_violated
48,12,7,left,left,0.8284071948784311,weber_violated
49,12,7,left,left,1.0202930952413451,weber_violated
50,12,7,left,left,1.0395963509632136,weber_violated
51,12,8,left,left,0.9220863996444493,weber_violated
52,12,8,left,left,0.8851181554933971,weber_violated
53,12,8,left,left,0.7874316489482867,weber_violated
54,12,8,left,left,0.6493403853481409,weber_violated
55,12,8,left,left,1.0015882725766159,weber_violated
56,12,8,left,left,0.7814161047299455,weber_violated
57,12,8,left,left,1.225046054868314,weber_violated
58,12,8,left,left,0.8849259402398544,weber_violated
59,12,8,left,left,0.9942759727319719,weber_violated
60,12,8,left,left,1.0540716511253156,weber_violated
61,12,2,right,right,1.0807945780656238,weber_violated
62,12,2,right,right,1.1208935427758338,weber_violated
63,12,2,right,right,0.8882929111975069,weber_violated
64,12,2,right,right,0.9102937834003844,weber_violated
65,12,2,right,right,1.0044816084357264,weber_violated
66,12,2,right,right,0.8699022406055861,weber_violated
67,12,2,right,right,0.9360227108825276,weber_violated
68,12,2,right,right,0.7709761893731322,weber_violated
69,12,2,right,right,0.7297268958161558,weber_violated
70,12,2,right,right,0.9950174253371922,weber_violated
71,12,3,right,right,1.0984367900334113,weber_violated
72,12,3,right,right,1.2846321645029999,weber_violated
73,12,3,right,right,1.5126054001604925,weber_violated
74,12,3,right,left,1.5411052693837581,weber_violated
75,12,3,right,right,1.1231955089138779,weber_violated
76,12,3,right,right,0.8827458934583141,weber_violated
77,12,3,right,left,1.4635916562050837,weber_violated
78,12,3,right,right,1.1273464608605643,weber_violated
79,12,3,right,right,0.931397365682836,weber_violated
80,12,3,right,left,1.5069095544857012,weber_violated
81,12,4,right,right,1.768448355729323,weber_violated
82,12,4,right,left,2.156798496812679,weber_violated
83,12,4,right,right,1.345107852215086,weber_violated
84,12,4,right,left,1.2088621534429675,weber_violated
85,12,4,right,right,1.6542320162077577,weber_violated
86,12,4,right,left,1.624327245920465,weber_violated
87,12,4,right,right,1.4610854497829129,weber_violated
88,12,4,right,right,0.9288109576536607,weber_violated
89,12,4,right,right,1.2389626835253704,weber_violated
90,12,4,right,left,14.331683217150967,weber_violated
91,12,6,right,right,3.2218001197492847,weber_violated
92,12,6,right,right,1.83532399149709,weber_violated
93,12,6,right,left,1.1272745653900091,weber_violated
94,12,6,right,right,1.5644253829000847,weber_violated
95,12,6,right,right,1.6011346918011995,weber_violated
96,12,6,right,right,1.814417855103197,weber_violated
97,12,6,right,right,2.585641282691434,weber_violated
98,12,6,right,right,1.8422533464048165,weber_violated
99,12,6,right,right,1.226866407087705,weber_violated
100,12,6,right,right,1.501842319444468,weber_violated
101,12,7,right,right,1.4294625366922653,weber_violated
102,12,7,right,right,0.9869776286344751,weber_violated
103,12,7,right,left,1.8138346592472196,weber_violated
104,12,7,right,right,1.3086820454949266,weber_violated
105,12,7,right,right,0.8372605681171716,weber_violated
106,12,7,right,right,1.6946235896707265,weber_violated
107,12,7,right,right,2.573483432847122,weber_violated
108,12,7,right,right,1.4155369823913277,weber_violated
109,12,7,right,right,2.1940617594323437,weber_violated
110,12,7,right,right,1.4044429386927353,weber_violated
111,12,8,right,right,0.7667910541462077,weber_violated
112,12,8,right,right,0.8678210614920454,weber_violated
113,12,8,right,right,0.8656185002938077,weber_violated
114,12,8,right,right,0.7358834856623617,weber_violated
115,12,8,right,right,0.7949754137625857,weber_violated
116,12,8,right,right,0.7930451028428864,weber_violated
117,12,8,right,right,0.7275899516531517,weber_violated
118,12,8,right,right,0.9568962720915204,weber_violated
119,12,8,right,right,0.8974330567555935,weber_violated
120,12,8,right,right,1.1567633856090365,weber_violated
1,13,2,left,left,1.2788591052123062,weber_violated
2,13,2,left,left,1.094630912212508,weber_violated
3,13,2,left,left,0.9563612861948536,weber_violated
4,13,2,left,left,0.9887728388143715,weber_violated
5,13,2,left,left,0.7262321155971794,weber_violated
6,13,2,left,left,0.9604644848797275,weber_violated
7,13,2,left,left,1.1939521396554893,weber_violated
8,13,2,left,left,0.7402587583160873,weber_violated
9,13,2,left,left,0.7926650971020306,weber_violated
10,13,2,left,left,0.9125896553355872,weber_violated
11,13,3,left,left,1.163037761147864,weber_violated
12,13,3,left,left,0.8103754809682557,weber_violated
13,13,3,left,left,1.2728569125369396,weber_violated
14,13,3,left,left,0.99513545282595,weber_violated
15,13,3,left,left,0.8786265181955344,weber_violated
16,13,3,left,right,1.4784706279260644,weber_violated
17,13,3,left,left,1.2578146635458163,weber_violated
18,13,3,left,left,1.8069305834876697,weber_violated
19,13,3,left,left,0.9136298797778295,weber_violated
20,13,3,left,left,1.6356241841659782,weber_violated
21,13,4,left,left,1.6268212591088413,weber_violated
22,13,4,left,left,6.615882321342009,weber_violated
23,13,4,left,left,0.8738824978729791,weber_violated
24,13,4,left,left,1.4506871829571215,weber_violated
25,13,4,left,left,1.2447141330026732,weber_violated
26,13,4,left,right,1.618848166955373,weber_violated
27,13,4,left,right,1.2384350826352064,weber_violated
28,13,4,left,right,2.325349841879951,weber_violated
29,13,4,left,right,1.5052095079279286,weber_violated
30,13,4,left,left,1.694153630729193,weber_violated
31,13,6,left,left,1.9832132573059311,weber_violated
32,13,6,left,left,1.955875478105861,weber_violated
33,13,6,left,left,1.36429994781337,weber_violated
34,13,6,left,left,2.523072565374479,weber_violated
35,13,6,left,left,1.6544007362750948,weber_violated
36,13,6,left,left,4.253559425592593,weber_violated
37,13,6,left,left,1.4756792627190785,weber_violated
38,13,6,left,left,2.8622180820623506,weber_violated
39,13,6,left,left,1.4423772810892963,weber_violated
40,13,6,left,left,1.926699817588696,weber_violated
41,13,7,left,left,0.8939606272980758,weber_violated
42,13,7,left,left,0.9689029703210232,weber_violated
43,13,7,left,left,0.9068270794329762,weber_violated
44,13,7,left,left,0.9910586559824419,weber_violated
45,13,7,left,left,1.3598377941078181,weber_violated
46,13,7,left,left,1.59015116401882,weber_violated
47,13,7,left,left,1.4727609199918312,weber_violated
48,13,7,left,left,1.197369367338712,weber_violated
49,13,7,left,left,1.1966155601132007,weber_violated
50,13,7,left,left,1.0027942515800998,weber_violated
51,13,8,left,left,0.7360704131219984,weber_violated
52,13,8,left,left,1.0894089145192265,weber_violated
53,13,8,left,left,0.7411633401272155,weber_violated
54,13,8,left,left,1.0202137699525087,weber_violated
55,13,8,left,left,0.9315663560586243,weber_violated
56,13,8,left,left,0.6534756502744561,weber_violated
57,13,8,left,left,1.0515855911809198,weber_violated
58,13,8,left,left,1.0545473854039833,weber_violated
59,13,8,left,left,0.7696284550807755,weber_violated
60,13,8,left,left,1.178601213860288,weber_violated
61,13,2,right,left,1.1644467533166443,weber_violated
62,13,2,right,right,0.9202950404489616,weber_violated
63,13,2,right,right,0.8181269235032875,weber_violated
64,13,2,right,right,1.0614734411889233,weber_violated
65,13,2,right,right,0.7996560198039222,weber_violated
66,13,2,right,right,0.6058902943516509,weber_violated
67,13,2,right,right,0.8322310481233992,weber_violated
68,13,2,right,right,1.1748344684085938,weber_violated
69,13,2,right,right,1.1522734851921377,weber_violated
70,13,2,right,right,0.8943585881361997,weber_violated
71,13,3,right,right,0.9796775123455175,weber_violated
72,13,3,right,left,1.9535138294904002,weber_violated
73,13,3,right,right,1.05622138732533,weber_violated
74,13,3,right,right,1.1526124435097145,weber_violated
75,13,3,right,right,2.8472785279004134,weber_violated
76,13,3,right,right,1.7627132441925148,weber_violated
77,13,3,right,right,1.3667917718537046,weber_violated
78,13,3,right,right,1.5136613924546045,weber_violated
79,13,3,right,right,1.2476572712471456,weber_violated
80,13,3,right,right,1.2463866543587636,weber_violated
81,13,4,right,right,2.5699834788454745,weber_violated
82,13,4,right,left,2.8671861539975865,weber_violated
83,13,4,right,right,7.149119086588756,weber_violated
84,13,4,right,right,0.9501838124935515,weber_violated
85,13,4,right,right,1.297827114163468,weber_violated
86,13,4,right,right,1.7335730692093652,weber_violated
87,13,4,right,right,1.2050758945763203,weber_violated
88,13,4,right,left,5.299280340801403,weber_violated
89,13,4,right,left,1.9443498275375222,weber_violated
90,13,4,right,right,1.4185317614708546,weber_violated
91,13,6,right,right,4.371254598323121,weber_violated
92,13,6,right,right,2.7759156239089906,weber_violated
93,13,6,right,left,1.8464325719741297,weber_violated
94,13,6,right,right,1.204250194985513,weber_violated
95,13,6,right,right,1.6897093683826256,weber_violated
96,13,6,right,left,2.1312800906011033,weber_violated
97,13,6,right,left,2.297475567338622,weber_violated
98,13,6,right,right,2.198953034140282,weber_violated
99,13,6,right,right,1.1717047505940423,weber_violated
100,13,6,right,left,1.727365262397792,weber_violated
101,13,7,right,right,1.3434612816943556,weber_violated
102,13,7,right,right,1.6270313101415104,weber_violated
103,13,7,right,right,1.2360418743173656,weber_violated
104,13,7,right,right,0.832113503339081,weber_violated
105,13,7,right,right,1.0431126199715899,weber_violated
106,13,7,right,right,0.9088710681326002,weber_violated
107,13,7,right,right,0.7026299133767044,weber_violated
108,13,7,right,right,1.8789034004259229,weber_violated
109,13,7,right,right,1.2569427989333137,weber_violated
110,13,7,right,right,1.0463594125579336,weber_violated
111,13,8,right,right,0.9367805406503125,weber_violated
112,13,8,right,right,0.8512555590289768,weber_violated
113,13,8,right,right,0.8179452196191193,weber_violated
114,13,8,right,right,0.6738495506445585,weber_violated
115,13,8,right,right,1.0930973247020086,weber_violated
116,13,8,right,right,0.7763904459965729,weber_violated
117,13,8,right,right,1.154840883598667,weber_violated
118,13,8,right,right,0.6395158070114862,weber_violated
119,13,8,right,right,0.822565575917545,weber_violated
120,13,8,right,right,1.129417094326459,weber_violated
1,14,2,left,left,1.0597443752607165,weber_violated
2,14,2,left,left,1.0938002733734282,weber_violated
3,14,2,left,left,1.1742920342576986,weber_violated
4,14,2,left,left,1.0341318602228013,weber_violated
5,14,2,left,left,1.121439997911053,weber_violated
6,14,2,left,left,0.8307310296621042,weber_violated
7,14,2,left,left,1.1183871700820214,weber_violated
8,14,2,left,left,0.7814997420415399,weber_violated
9,14,2,left,left,0.8183721926702721,weber_violated
10,14,2,left,left,1.235346707438364,weber_violated
11,14,3,left,left,1.1855390318276628,weber_violated
12,14,3,left,left,1.220089219130187,weber_violated
13,14,3,left,left,0.9186765597233304,weber_violated
14,14,3,left,left,1.0333963405124995,weber_violated
15,14,3,left,right,1.0787544133505647,weber_violated
16,14,3,left,left,1.188913658833576,weber_violated
17,14,3,left,left,0.9383823554740662,weber_violated
18,14,3,left,left,1.3108987699344277,weber_violated
19,14,3,left,left,1.1004292507401723,weber_violated
20,14,3,left,right,1.5053178265381955,weber_violated
21,14,4,left,left,1.8179621846219005,weber_violated
22,14,4,left,right,1.3559827947722383,weber_violated
23,14,4,left,left,1.032747627559955,weber_violated
24,14,4,left,right,1.1800914233228117,weber_violated
25,14,4,left,right,1.421082515180409,weber_violated
26,14,4,left,left,0.8470556047533817,weber_violated
27,14,4,left,right,2.4014941823377054,weber_violated
28,14,4,left,left,1.5845720645661818,weber_violated
29,14,4,left,left,1.048399333937468,weber_violated
30,14,4,left,left,3.755101670742733,weber_violated
31,14,6,left,left,1.5426938548979072,weber_violated
32,14,6,left,left,1.0884133110965932,weber_violated
33,14,6,left,left,2.2490021703279752,weber_violated
34,14,6,left,right,1.5511158282836588,weber_violated
35,14,6,left,left,1.7951886357121254,weber_violated
36,14,6,left,left,1.8989224296594245,weber_violated
37,14,6,left,right,1.7560746200237265,weber_violated
38,14,6,left,left,1.507671131903927,weber_violated
39,14,6,left,right,1.3079030474198998,weber_violated
40,14,6,left,left,1.652200469269018,weber_violated
41,14,7,left,left,1.2754046683354376,weber_violated
42,14,7,left,left,1.46017393650939,weber_violated
43,14,7,left,left,0.8493927716816312,weber_violated
44,14,7,left,left,1.4372970560792941,weber_violated
45,14,7,left,left,1.330673859526927,weber_violated
46,14,7,left,left,1.7182046453821604,weber_violated
47,14,7,left,left,1.1792980152079318,weber_violated
48,14,7,left,right,1.694521492444587,weber_violated
49,14,7,left,left,0.8798652835716525,weber_violated
50,14,7,left,left,1.2203361487733402,weber_violated
51,14,8,left,left,0.7783365655327656,weber_violated
52,14,8,left,left,0.7605225738854093,weber_violated
53,14,8,left,left,0.9834429520262893,weber_violated
54,14,8,left,left,0.9258562623313797,weber_violated
55,14,8,left,left,0.9417506488990492,weber_violated
56,14,8,left,left,0.9928028395773749,weber_violated
57,14,8,left,left,1.0852202016362869,weber_violated
58,14,8,left,left,1.2662484669303624,weber_violated
59,14,8,left,left,0.9626980845982906,weber_violated
60,14,8,left,left,0.9932934330597021,weber_violated
61,14,2,right,right,1.7791792341001431,weber_violated
62,14,2,right,right,0.8617666764540834,weber_violated
63,14,2,right,right,0.6562336481049359,weber_violated
64,14,2,right,right,1.0747761560912734,weber_violated
65,14,2,right,right,1.0352528475407354,weber_violated
66,14,2,right,right,1.156602120446676,weber_violated
67,14,2,right,right,0.9405795861053592,weber_violated
68,14,2,right,right,1.155860680564045,weber_violated
69,14,2,right,right,0.7271134798738561,weber_violated
70,14,2,right,right,0.9097398951070617,weber_violated
71,14,3,right,right,1.0360363827680064,weber_violated
72,14,3,right,right,1.1832626995692574,weber_violated
73,14,3,right,right,0.8906695207930628,weber_violated
74,14,3,right,right,1.5807826322343956,weber_violated
75,14,3,right,right,0.8933058556014826,weber_violated
76,14,3,right,right,1.1305061492148554,weber_violated
77,14,3,right,right,0.7750933002230775,weber_violated
78,14,3,right,right,1.0542421563715079,weber_violated
79,14,3,right,right,2.0501613887330956,weber_violated
80,14,3,right,right,1.1733704154850513,weber_violated
81,14,4,right,left,1.5144298386478154,weber_violated
82,14,4,right,right,0.9697260747415084,weber_violated
83,14,4,right,right,2.7485071618707484,weber_violated
84,14,4,right,right,1.1900381500995207,weber_violated
85,14,4,right,left,2.9091708264755196,weber_violated
86,14,4,right,right,1.424705815966345,weber_violated
87,14,4,right,right,1.8282088686053,weber_violated
88,14,4,right,left,2.0262952507321184,weber_violated
89,14,4,right,right,2.1773508930788337,weber_violated
90,14,4,right,right,0.975119169098299,weber_violated
91,14,6,right,left,2.142122271483857,weber_violated
92,14,6,right,left,5.2654482635095885,weber_violated
93,14,6,right,left,1.7444940026547224,weber_violated
94,14,6,right,right,3.786928166066468,weber_violated
95,14,6,right,right,2.6347918002572617,weber_violated
96,14,6,right,right,1.164717772855522,weber_violated
97,14,6,right,right,1.775755800303223,weber_violated
98,14,6,right,left,2.277887534631844,weber_violated
99,14,6,right,right,1.0516381608472598,weber_violated
100,14,6,right,right,1.5378579167676683,weber_violated
101,14,7,right,right,1.3796545353983678,weber_violated
102,14,7,right,right,1.139261513775816,weber_violated
103,14,7,right,right,1.7812538915964624,weber_violated
104,14,7,right,right,1.2743286712832056,weber_violated
105,14,7,right,right,0.9176699271024265,weber_violated
106,14,7,right,right,1.9574260203147613,weber_violated
107,14,7,right,right,1.3453379462525352,weber_violated
108,14,7,right,right,2.081785811124676,weber_violated
109,14,7,right,right,0.8923981346763135,weber_violated
110,14,7,right,right,1.0351351626291614,weber_violated
111,14,8,right,left,0.9727743156824658,weber_violated
112,14,8,right,right,0.6792688129135824,weber_violated
113,14,8,right,right,0.8724195183576775,weber_violated
114,14,8,right,right,0.8548153055648642,weber_violated
115,14,8,right,right,0.9636283820722027,weber_violated
116,14,8,right,right,0.7421128211585788,weber_violated
117,14,8,right,right,0.8572162686455893,weber_violated
118,14,8,right,right,0.7684703996059519,weber_violated
119,14,8,right,right,0.9814757374940226,weber_violated
120,14,8,right,right,0.8148160670506412,weber_violated
1,15,2,left,left,1.0461624204897997,weber_violated
2,15,2,left,left,0.818993505332088,weber_violated
3,15,2,left,left,0.9371125639888351,weber_violated
4,15,2,left,left,1.1306623711178196,weber_violated
5,15,2,left,left,0.8516123333333487,weber_violated
6,15,2,left,left,1.2255280800502126,weber_violated
7,15,2,left,left,1.0066854589420673,weber_violated
8,15,2,left,left,0.6781911423702043,weber_violated
9,15,2,left,left,0.735355545384035,weber_violated
10,15,2,left,left,0.7126814011281049,weber_violated
11,15,3,left,left,1.0213482421434052,weber_violated
12,15,3,left,left,1.0049116071590838,weber_violated
13,15,3,left,left,1.2540026536244366,weber_violated
14,15,3,left,left,2.1623620628076763,weber_violated
15,15,3,left,left,1.419798938284088,weber_violated
16,15,3,left,left,1.1060948127101902,weber_violated
17,15,3,left,left,1.5736252102535022,weber_violated
18,15,3,left,right,1.126320652277888,weber_violated
19,15,3,left,left,1.9964796910313463,weber_violated
20,15,3,left,left,1.4804615114091553,weber_violated
21,15,4,left,left,3.480583231449192,weber_violated
22,15,4,left,left,2.3618130990614743,weber_violated
23,15,4,left,left,1.1896631692085056,weber_violated
24,15,4,left,right,1.4999918142135897,weber_violated
25,15,4,left,left,1.0698341504930573,weber_violated
26,15,4,left,left,1.9055213978942325,weber_violated
27,15,4,left,right,1.935507934401481,weber_violated
28,15,4,left,right,7.455156981263416,weber_violated
29,15,4,left,left,2.5102016251514345,weber_violated
30,15,4,left,left,1.889111686365565,weber_violated
31,15,6,left,left,1.7443134390841728,weber_violated
32,15,6,left,left,1.082574753536218,weber_violated
33,15,6,left,right,1.832717253641075,weber_violated
34,15,6,left,left,5.539289502979047,weber_violated
35,15,6,left,left,1.672774225943385,weber_violated
36,15,6,left,left,5.632443859143365,weber_violated
37,15,6,left,right,1.7496570327465977,weber_violated
38,15,6,left,left,2.4813706907713806,weber_violated
39,15,6,left,left,1.8226460984745694,weber_violated
40,15,6,left,right,1.2634247020005045,weber_violated
41,15,7,left,left,1.083508757568423,weber_violated
42,15,7,left,left,1.3839609066120133,weber_violated
43,15,7,left,left,0.7940305454391587,weber_violated
44,15,7,left,left,0.9540286676944507,weber_violated
45,15,7,left,left,1.7945038371489037,weber_violated
46,15,7,left,left,1.6806297573728854,weber_violated
47,15,7,left,left,2.0833943993061483,weber_violated
48,15,7,left,left,0.8856575495588759,weber_violated
49,15,7,left,left,1.844287911106806,weber_violated
50,15,7,left,left,0.9800723567634244,weber_violated
51,15,8,left,left,0.9424217165564699,weber_violated
52,15,8,left,left,0.9401082426501359,weber_violated
53,15,8,left,left,1.0012848282109406,weber_violated
54,15,8,left,left,0.7983429230923533,weber_violated
55,15,8,left,left,0.8712629468570787,weber_violated
56,15,8,left,left,0.9258803668766258,weber_violated
57,15,8,left,left,0.823819909163918,weber_violated
58,15,8,left,left,0.7238204246308129,weber_violated
59,15,8,left,left,1.015569890463944,weber_violated
60,15,8,left,left,1.0705411386844201,weber_violated
61,15,2,right,right,1.2986474195320008,weber_violated
62,15,2,right,right,0.945609950577657,weber_violated
63,15,2,right,right,0.8030471622724089,weber_violated
64,15,2,right,right,0.8720564753624827,weber_violated
65,15,2,right,right,0.9497359919542256,weber_violated
66,15,2,right,right,0.904856531756475,weber_violated
67,15,2,right,right,1.2653581002011098,weber_violated
68,15,2,right,right,0.6981107624444902,weber_violated
69,15,2,right,right,0.7185268804170954,weber_violated
70,15,2,right,right,1.0031644900861136,weber_violated
71,15,3,right,right,1.6402767749760767,weber_violated
72,15,3,right,right,0.8989039836541368,weber_violated
73,15,3,right,right,1.6402144124186915,weber_violated
74,15,3,right,right,1.1037762724582663,weber_violated
75,15,3,right,right,0.901294291858814,weber_violated
76,15,3,right,right,1.0566334726225683,weber_violated
77,15,3,right,right,0.9644228733861768,weber_violated
78,15,3,right,right,1.5087234559086113,weber_violated
79,15,3,right,left,1.8625558943155767,weber_violated
80,15,3,right,right,1.0824290399765648,weber_violated
81,15,4,right,left,1.8622478054673568,weber_violated
82,15,4,right,right,1.3413551415640468,weber_violated
83,15,4,right,left,1.180433622502391,weber_violated
84,15,4,right,right,1.145550421226384,weber_violated
85,15,4,right,left,1.631702382170126,weber_violated
86,15,4,right,right,2.835207026211339,weber_violated
87,15,4,right,right,2.7640996356460485,weber_violated
88,15,4,right,left,2.0193483204744576,weber_violated
89,15,4,right,right,1.0993901862033244,weber_violated
90,15,4,right,left,2.007176660251008,weber_violated
91,15,6,right,right,1.8435647260781867,weber_violated
92,15,6,right,right,1.7565792119115213,weber_violated
93,15,6,right,left,1.5610100418220743,weber_violated
94,15,6,right,right,2.5777771674206695,weber_violated
95,15,6,right,right,3.705870682196441,weber_violated
96,15,6,right,right,1.3969040697009532,weber_violated
97,15,6,right,right,1.4171998509470158,weber_violated
98,15,6,right,right,2.4281179656640757,weber_violated
99,15,6,right,right,1.2654660487440559,weber_violated
100,15,6,right,right,2.0184235213686272,weber_violated
101,15,7,right,right,1.024228597084472,weber_violated
102,15,7,right,right,0.7790225655984806,weber_violated
103,15,7,right,right,1.1562490875503177,weber_violated
104,15,7,right,right,1.081733353618156,weber_violated
105,15,7,right,left,1.7790961163704633,weber_violated
106,15,7,right,left,1.0673702275006658,weber_violated
107,15,7,right,right,1.1518765296946754,weber_violated
108,15,7,right,right,1.047036731719851,weber_violated
109,15,7,right,right,0.9825899722054636,weber_violated
110,15,7,right,right,1.4091401103342653,weber_violated
111,15,8,right,right,0.9420398791313573,weber_violated
112,15,8,right,right,1.2326955352593487,weber_violated
113,15,8,right,right,0.972136553501624,weber_violated
114,15,8,right,right,0.9967515079281635,weber_violated
115,15,8,right,right,1.0365098250771652,weber_violated
116,15,8,right,right,1.0027031530911974,weber_violated
117,15,8,right,right,0.7321566994228375,weber_violated
118,15,8,right,right,0.7550569544252312,weber_violated
119,15,8,right,right,0.8550039626175274,weber_violated
120,15,8,right,right,0.6491780244790639,weber_violated
1,16,2,left,left,1.0025333318428042,weber_violated
2,16,2,left,left,0.9245929327618965,weber_violated
3,16,2,left,left,0.8039468201951565,weber_violated
4,16,2,left,left,0.9284548946198679,weber_violated
5,16,2,left,left,0.784590275372532,weber_violated
6,16,2,left,left,0.7417114880649676,weber_violated
7,16,2,left,left,1.1505473310585437,weber_violated
8,16,2,left,left,0.7248160508440076,weber_violated
9,16,2,left,right,0.9750355390920498,weber_violated
10,16,2,left,left,1.2105738983114804,weber_violated
11,16,3,left,left,1.0168236582650496,weber_violated
12,16,3,left,left,0.8856910711761625,weber_violated
13,16,3,left,left,0.8897086524384226,weber_violated
14,16,3,left,left,1.2690421368616502,weber_violated
15,16,3,left,left,2.1003051807695963,weber_violated
16,16,3,left,left,1.4060686343334599,weber_violated
17,16,3,left,left,1.0562685667675251,weber_violated
18,16,3,left,left,1.0273788071349033,weber_violated
19,16,3,left,left,1.181552422476428,weber_violated
20,16,3,left,left,0.7508309426888768,weber_violated
21,16,4,left,left,1.5197154170417673,weber_violated
22,16,4,left,left,2.200247529019998,weber_violated
23,16,4,left,right,1.7972373310099554,weber_violated
24,16,4,left,left,1.2998310061238136,weber_violated
25,16,4,left,left,1.1808305810765778,weber_violated
26,16,4,left,right,1.275666109302852,weber_violated
27,16,4,left,left,3.1295099703627285,weber_violated
28,16,4,left,left,1.32056184729344,weber_violated
29,16,4,left,left,1.8910826149721325,weber_violated
30,16,4,left,right,0.9860285326678395,weber_violated
31,16,6,left,right,1.4229920186318905,weber_violated
32,16,6,left,left,1.3161853957939442,weber_violated
33,16,6,left,left,1.5131804129885524,weber_violated
34,16,6,left,left,1.6883547736291005,weber_violated
35,16,6,left,left,2.0984502138517507,weber_violated
36,16,6,left,right,1.99377988746735,weber_violated
37,16,6,left,left,4.024144835733201,weber_violated
38,16,6,left,left,4.402608457647301,weber_violated
39,16,6,left,left,1.5154345450729814,weber_violated
40,16,6,left,left,2.77925226953447,weber_violated
41,16,7,left,left,1.2548052482358072,weber_violated
42,16,7,left,left,1.0772430172514649,weber_violated
43,16,7,left,left,0.979713546923316,weber_violated
44,16,7,left,left,1.504121070863741,weber_violated
45,16,7,left,left,1.10577703140957,weber_violated
46,16,7,left,left,1.4256071977262563,weber_violated
47,16,7,left,left,1.5823559841728485,weber_violated
48,16,7,left,left,0.8805976884415898,weber_violated
49,16,7,left,left,1.631567284777858,weber_violated
50,16,7,left,left,1.068672613851847,weber_violated
51,16,8,left,left,0.8141349311873016,weber_violated
52,16,8,left,left,0.7079523251594411,weber_violated
53,16,8,left,left,0.9116737041419456,weber_violated
54,16,8,left,left,0.9821445722519593,weber_violated
55,16,8,left,left,0.6506028116156477,weber_violated
56,16,8,left,left,0.9269767258226445,weber_violated
57,16,8,left,left,0.7656882855346254,weber_violated
58,16,8,left,left,0.7996765351089821,weber_violated
59,16,8,left,left,0.902601124077439,weber_violated
60,16,8,left,left,1.191050195585193,weber_violated
61,16,2,right,right,0.9602296031656328,weber_violated
62,16,2,right,right,0.6593712635146138,weber_violated
63,16,2,right,right,0.9397636602486572,weber_violated
64,16,2,right,right,1.0530114100166452,weber_violated
65,16,2,right,right,0.7503239805699398,weber_violated
66,16,2,right,right,0.8271776090004566,weber_violated
67,16,2,right,right,0.9336657640316437,weber_violated
68,16,2,right,right,1.2021319898389822,weber_violated
69,16,2,right,right,1.2577627605333859,weber_violated
70,16,2,right,right,0.5862356369048063,weber_violated
71,16,3,right,right,1.2938083598724583,weber_violated
72,16,3,right,right,1.0231967707011669,weber_violated
73,16,3,right,right,0.8193430182833281,weber_violated
74,16,3,right,right,1.3231662103402964,weber_violated
75,16,3,right,right,1.2990848244682747,weber_violated
76,16,3,right,right,1.81358883876743,weber_violated
77,16,3,right,right,1.0309123985701703,weber_violated
78,16,3,right,right,1.1108935774274051,weber_violated
79,16,3,right,right,1.3697110366592737,weber_violated
80,16,3,right,right,1.0138442632722575,weber_violated
81,16,4,right,right,3.132477827366381,weber_violated
82,16,4,right,left,0.9735337385613838,weber_violated
83,16,4,right,right,1.4345389341869277,weber_violated
84,16,4,right,right,1.5988416953203337,weber_violated
85,16,4,right,right,1.7068666102523227,weber_violated
86,16,4,right,right,1.563484382187843,weber_violated
87,16,4,right,right,1.1860366090830656,weber_violated
88,16,4,right,right,1.5032430742818848,weber_violated
89,16,4,right,left,2.068000728553329,weber_violated
90,16,4,right,right,1.9253585479516673,weber_violated
91,16,6,right,left,1.4274951517715884,weber_violated
92,16,6,right,right,1.9401399807657884,weber_violated
93,16,6,right,right,1.3014367525695856,weber_violated
94,16,6,right,right,1.1054986034299286,weber_violated
95,16,6,right,left,1.4482892239739775,weber_violated
96,16,6,right,right,2.022573055657549,weber_violated
97,16,6,right,right,1.6320523362765276,weber_violated
98,16,6,right,right,1.2568342351851762,weber_violated
99,16,6,right,left,1.3642622381285456,weber_violated
100,16,6,right,right,2.389094348972016,weber_violated
101,16,7,right,right,1.1376547034207303,weber_violated
102,16,7,right,right,0.8952345336306726,weber_violated
103,16,7,right,right,1.1027672665978292,weber_violated
104,16,7,right,right,1.306882455746387,weber_violated
105,16,7,right,right,0.9202812371538192,weber_violated
106,16,7,right,right,0.7019852244336546,weber_violated
107,16,7,right,right,1.0553608969799901,weber_violated
108,16,7,right,right,1.523436522567757,weber_violated
109,16,7,right,right,1.3317693633332488,weber_violated
110,16,7,right,right,0.7222922492299442,weber_violated
111,16,8,right,right,0.9941600033301823,weber_violated
112,16,8,right,right,1.166155286882032,weber_violated
113,16,8,right,right,1.3482375956814157,weber_violated
114,16,8,right,right,0.9413793512774822,weber_violated
115,16,8,right,right,0.9949868277250644,weber_violated
116,16,8,right,right,0.9424022976887532,weber_violated
117,16,8,right,right,1.7282923851447498,weber_violated
118,16,8,right,right,1.0043667166858514,weber_violated
119,16,8,right,right,0.9163818687687204,weber_violated
120,16,8,right,right,0.7062322687357352,weber_violated
1,17,2,left,left,0.7272655800798897,weber_violated
2,17,2,left,left,0.6937946462296769,weber_violated
3,17,2,left,left,0.8009511790901287,weber_violated
4,17,2,left,left,0.8459620518792301,weber_violated
5,17,2,left,left,0.7819963415573328,weber_violated
6,17,2,left,left,1.0257880056240356,weber_violated
7,17,2,left,left,0.8453854719672054,weber_violated
8,17,2,left,left,0.9838138328350923,weber_violated
9,17,2,left,left,1.0046336636445221,weber_violated
10,17,2,left,left,0.9864884118062534,weber_violated
11,17,3,left,left,0.9548483645575261,weber_violated
12,17,3,left,left,0.8720156323706116,weber_violated
13,17,3,left,right,2.0950088432497878,weber_violated
14,17,3,left,left,0.9869502614827579,weber_violated
15,17,3,left,left,0.9868767782149748,weber_violated
16,17,3,left,left,1.2701678849766391,weber_violated
17,17,3,left,right,1.3724358861528847,weber_violated
18,17,3,left,left,1.1239357101465357,weber_violated
19,17,3,left,left,1.6345885101318693,weber_violated
20,17,3,left,left,1.7012670820200289,weber_violated
21,17,4,left,left,1.8601669127422893,weber_violated
22,17,4,left,left,3.235517730279422,weber_violated
23,17,4,left,right,2.0215698649558678,weber_violated
24,17,4,left,right,3.2380693933831717,weber_violated
25,17,4,left,left,2.4173001382317625,weber_violated
26,17,4,left,left,1.6342701125206764,weber_violated
27,17,4,left,right,1.1991291025975985,weber_violated
28,17,4,left,left,2.645812780024076,weber_violated
29,17,4,left,right,1.0420264366567176,weber_violated
30,17,4,left,right,2.669200883478741,weber_violated
31,17,6,left,left,0.974909988550893,weber_violated
32,17,6,left,left,1.4778318052377581,weber_violated
33,17,6,left,right,1.3269663035271473,weber_violated
34,17,6,left,left,1.2185260538447371,weber_violated
35,17,6,left,right,3.5427694235583034,weber_violated
36,17,6,left,left,2.901778881251176,weber_violated
37,17,6,left,right,1.0941964841421519,weber_violated
38,17,6,left,left,1.513523518095996,weber_violated
39,17,6,left,right,1.2827386841867596,weber_violated
40,17,6,left,left,1.8619808525756933,weber_violated
41,17,7,left,left,1.060397151332413,weber_violated
42,17,7,left,right,1.2155784459182308,weber_violated
43,17,7,left,left,1.1533647890347845,weber_violated
44,17,7,left,left,1.0682915796356847,weber_violated
45,17,7,left,right,2.760650406489663,weber_violated
46,17,7,left,right,1.3140092303882929,weber_violated
47,17,7,left,left,1.5192408475906831,weber_violated
48,17,7,left,left,1.5429765145997918,weber_violated
49,17,7,left,left,1.5198515379231585,weber_violated
50,17,7,left,left,1.3122145989857554,weber_violated
51,17,8,left,left,1.0410510181069474,weber_violated
52,17,8,left,left,0.741542282669484,weber_violated
53,17,8,left,left,0.8368311795716503,weber_violated
54,17,8,left,left,1.2188502575539093,weber_violated
55,17,8,left,left,1.1344623064986215,weber_violated
56,17,8,left,left,0.9190021219079605,weber_violated
57,17,8,left,left,0.9607850747555107,weber_violated
58,17,8,left,left,0.8650991001002253,weber_violated
59,17,8,left,left,1.5608248348778893,weber_violated
60,17,8,left,left,0.8139494738424897,weber_violated
61,17,2,right,right,0.8894793531164527,weber_violated
62,17,2,right,right,1.0432815214786746,weber_violated
63,17,2,right,right,0.8514426496809593,weber_violated
64,17,2,right,right,1.298254244582373,weber_violated
65,17,2,right,right,0.9783821300227042,weber_violated
66,17,2,right,right,0.7984718023622017,weber_violated
67,17,2,right,right,1.09395499888565,weber_violated
68,17,2,right,right,1.1322752414812485,weber_violated
69,17,2,right,right,0.7905532655912124,weber_violated
70,17,2,right,right,1.0543549293140524,weber_violated
71,17,3,right,right,1.474433380301492,weber_violated
72,17,3,right,right,0.8635750916096214,weber_violated
73,17,3,right,right,1.2308128068808306,weber_violated
74,17,3,right,right,1.637425549442967,weber_violated
75,17,3,right,right,1.4990433007213326,weber_violated
76,17,3,right,left,2.750590200082978,weber_violated
77,17,3,right,right,1.0289828086714845,weber_violated
78,17,3,right,right,0.9274918969176214,weber_violated
79,17,3,right,right,1.6971614239677462,weber_violated
80,17,3,right,right,1.0836481590503888,weber_violated
81,17,4,right,right,1.7583756906551313,weber_violated
82,17,4,right,right,7.146833413344002,weber_violated
83,17,4,right,right,1.5011292920855668,weber_violated
84,17,4,right,left,3.14924879027477,weber_violated
85,17,4,right,left,1.2244165267233733,weber_violated
86,17,4,right,right,3.3604284230589414,weber_violated
87,17,4,right,right,1.456406954862241,weber_violated
88,17,4,right,right,1.7821580365928968,weber_violated
89,17,4,right,right,1.0795642376984822,weber_violated
90,17,4,right,left,3.9190296135972553,weber_violated
91,17,6,right,right,2.304480197165852,weber_violated
92,17,6,right,left,1.9455416126126177,weber_violated
93,17,6,right,right,1.3354739830461972,weber_violated
94,17,6,right,left,1.4513076130543714,weber_violated
95,17,6,right,right,1.9738865654789985,weber_violated
96,17,6,right,right,2.0266342713785326,weber_violated
97,17,6,right,left,2.687777329129975,weber_violated
98,17,6,right,right,1.1372013035694533,weber_violated
99,17,6,right,left,4.342544141175603,weber_violated
100,17,6,right,right,1.1887708273299713,weber_violated
101,17,7,right,right,0.9469280491469587,weber_violated
102,17,7,right,right,1.2209654396616394,weber_violated
103,17,7,right,right,2.2238920292822613,weber_violated
104,17,7,right,right,0.9849583259322696,weber_violated
105,17,7,right,right,2.58823380370554,weber_violated
106,17,7,right,right,1.1937411346663171,weber_violated
107,17,7,right,right,0.8523340095626517,weber_violated
108,17,7,right,right,0.987229762794892,weber_violated
109,17,7,right,right,1.6494115661304567,weber_violated
110,17,7,right,right,1.2433252286333831,weber_violated
111,17,8,right,right,0.791058844105994,weber_violated
112,17,8,right,right,1.16031667562136,weber_violated
113,17,8,right,right,0.8526616905622182,weber_violated
114,17,8,right,right,0.972242429352826,weber_violated
115,17,8,right,right,0.7153326879929647,weber_violated
116,17,8,right,right,0.9713840169104913,weber_violated
117,17,8,right,right,0.6756168824738649,weber_violated
118,17,8,right,right,1.0073708986484735,weber_violated
119,17,8,right,right,0.93608051143217,weber_violated
120,17,8,right,right,0.958047918004191,weber_violated
1,18,2,left,left,0.8656220851261072,weber_violated
2,18,2,left,left,0.6685449259838878,weber_violated
3,18,2,left,left,1.0764935520540106,weber_violated
4,18,2,left,left,1.0618529111848938,weber_violated
5,18,2,left,left,0.8864560230135046,weber_violated
6,18,2,left,left,1.023109840085571,weber_violated
7,18,2,left,left,0.9114944855233729,weber_violated
8,18,2,left,left,1.0585347002103769,weber_violated
9,18,2,left,left,0.670184373425188,weber_violated
10,18,2,left,left,1.570615252899198,weber_violated
11,18,3,left,left,1.4820445597689975,weber_violated
12,18,3,left,left,1.3446378146809312,weber_violated
13,18,3,left,left,0.9769006610169122,weber_violated
14,18,3,left,left,1.3597786025124141,weber_violated
15,18,3,left,left,0.933659094123614,weber_violated
16,18,3,left,left,1.4639771320164594,weber_violated
17,18,3,left,left,1.516532001777377,weber_violated
18,18,3,left,left,0.9417812217539248,weber_violated
19,18,3,left,left,0.9325838523505947,weber_violated
20,18,3,left,left,3.5915122172162075,weber_violated
21,18,4,left,left,1.4891128316032975,weber_violated
22,18,4,left,left,1.6529943181928188,weber_violated
23,18,4,left,left,1.9679216344325559,weber_violated
24,18,4,left,left,1.078713158578554,weber_violated
25,18,4,left,left,1.747567649433252,weber_violated
26,18,4,left,left,1.6759456020794534,weber_violated
27,18,4,left,left,1.434621117948706,weber_violated
28,18,4,left,left,1.133542744672133,weber_violated
29,18,4,left,left,1.7268520718894265,weber_violated
30,18,4,left,left,1.7545322438461333,weber_violated
31,18,6,left,right,1.3767103755774968,weber_violated
32,18,6,left,left,1.6225592226529735,weber_violated
33,18,6,left,left,2.0008033525062996,weber_violated
34,18,6,left,left,2.426650632731299,weber_violated
35,18,6,left,right,1.6028140845434513,weber_violated
36,18,6,left,left,3.042172064779135,weber_violated
37,18,6,left,left,1.4918602313212859,weber_violated
38,18,6,left,right,1.3295083301696662,weber_violated
39,18,6,left,left,1.7064496315326654,weber_violated
40,18,6,left,left,2.0878240082424906,weber_violated
41,18,7,left,left,1.0338782827210686,weber_violated
42,18,7,left,left,1.1100973798805038,weber_violated
43,18,7,left,left,1.0423698071297434,weber_violated
44,18,7,left,left,0.7196642842896661,weber_violated
45,18,7,left,left,1.0843896426265738,weber_violated
46,18,7,left,right,1.52525934280679,weber_violated
47,18,7,left,left,0.9545487142974336,weber_violated
48,18,7,left,left,0.9862320953842678,weber_violated
49,18,7,left,left,1.7542002784469286,weber_violated
50,18,7,left,left,1.1908862220044847,weber_violated
51,18,8,left,left,0.8056264742196058,weber_violated
52,18,8,left,left,0.859087442177477,weber_violated
53,18,8,left,left,0.7738471820124746,weber_violated
54,18,8,left,left,0.9219503775860562,weber_violated
55,18,8,left,left,0.8350999445424725,weber_violated
56,18,8,left,left,0.8020391000041014,weber_violated
57,18,8,left,left,0.7527314689557085,weber_violated
58,18,8,left,left,1.0410687721704064,weber_violated
59,18,8,left,left,0.7410522467232314,weber_violated
60,18,8,left,left,1.3316883218756146,weber_violated
61,18,2,right,right,1.1679065293923474,weber_violated
62,18,2,right,right,0.860051608692775,weber_violated
63,18,2,right,right,0.8711070095908995,weber_violated
64,18,2,right,right,0.8077561316492199,weber_violated
65,18,2,right,right,1.001650069775988,weber_violated
66,18,2,right,right,0.9164562252595956,weber_violated
67,18,2,right,right,0.7575501778305409,weber_violated
68,18,2,right,right,0.7887900354621018,weber_violated
69,18,2,right,right,1.2466249558218279,weber_violated
70,18,2,right,right,1.4595906456071992,weber_violated
71,18,3,right,right,1.6331995241890882,weber_violated
72,18,3,right,right,1.2645529492162444,weber_violated
73,18,3,right,right,1.3744867375678393,weber_violated
74,18,3,right,right,1.3417403987891816,weber_violated
75,18,3,right,right,0.8065976769197962,weber_violated
76,18,3,right,right,0.8444655071182967,weber_violated
77,18,3,right,left,1.2477847778476114,weber_violated
78,18,3,right,right,0.9957391305621985,weber_violated
79,18,3,right,left,1.8127931970548203,weber_violated
80,18,3,right,left,2.2461252186529785,weber_violated
81,18,4,right,left,1.5633328964302737,weber_violated
82,18,4,right,left,1.838447278201537,weber_violated
83,18,4,right,right,1.6206531295553086,weber_violated
84,18,4,right,right,1.7874859533108753,weber_violated
85,18,4,right,right,2.0533358809489703,weber_violated
86,18,4,right,right,3.5501611634013837,weber_violated
87,18,4,right,left,2.1433967273704995,weber_violated
88,18,4,right,right,4.59825356062094,weber_violated
89,18,4,right,left,2.4662040507993357,weber_violated
90,18,4,right,right,1.0773066269118776,weber_violated
91,18,6,right,right,1.2561772904001485,weber_violated
92,18,6,right,right,1.2397316986528377,weber_violated
93,18,6,right,right,1.5178645695828612,weber_violated
94,18,6,right,right,1.9822347698974419,weber_violated
95,18,6,right,left,2.8462526793453073,weber_violated
96,18,6,right,left,3.9173584362052307,weber_violated
97,18,6,right,right,3.4452849130160725,weber_violated
98,18,6,right,right,2.5338848092733004,weber_violated
99,18,6,right,right,1.7261195553780235,weber_violated
100,18,6,right,left,1.1437988186894426,weber_violated
101,18,7,right,right,1.2848006016937543,weber_violated
102,18,7,right,right,1.1540253778607557,weber_violated
103,18,7,right,right,1.4690972275981133,weber_violated
104,18,7,right,right,1.8581692845016533,weber_violated
105,18,7,right,right,2.1207993883170646,weber_violated
106,18,7,right,right,1.438609549944212,weber_violated
107,18,7,right,right,1.1446576042795642,weber_violated
108,18,7,right,right,1.4055696994815414,weber_violated
109,18,7,right,right,1.1873845162366927,weber_violated
110,18,7,right,right,1.2470915242204157,weber_violated
111,18,8,right,right,0.8431237562559291,weber_violated
112,18,8,right,right,0.734284796209359,weber_violated
113,18,8,right,right,1.0411946711314077,weber_violated
114,18,8,right,right,1.2842096215241363,weber_violated
115,18,8,right,right,1.0709773390823991,weber_violated
116,18,8,right,right,0.909080910985923,weber_violated
117,18,8,right,right,1.0704671401831984,weber_violated
118,18,8,right,right,1.1534924745650492,weber_violated
119,18,8,right,right,0.7519000068311485,weber_violated
120,18,8,right,right,0.8346044638445811,weber_violated
1,19,2,left,left,0.8234112538144742,weber_violated
2,19,2,left,left,0.9242758897931151,weber_violated
3,19,2,left,left,1.0760952549604048,weber_violated
4,19,2,left,left,0.7204285714542884,weber_violated
5,19,2,left,left,1.0063744298970505,weber_violated
6,19,2,left,left,0.6542698840517637,weber_violated
7,19,2,left,left,0.9219469508246307,weber_violated
8,19,2,left,left,0.7570361148644309,weber_violated
9,19,2,left,left,0.831014727481916,weber_violated
10,19,2,left,left,1.2263580180320044,weber_violated
11,19,3,left,right,2.0790575376564537,weber_violated
12,19,3,left,left,1.3324705666219692,weber_violated
13,19,3,left,left,1.2058672125499754,weber_violated
14,19,3,left,left,1.248749508894906,weber_violated
15,19,3,left,left,1.1377837272755178,weber_violated
16,19,3,left,left,1.4149497825471498,weber_violated
17,19,3,left,left,1.0849147403005477,weber_violated
18,19,3,left,left,1.2613286665406436,weber_violated
19,19,3,left,left,1.4734795102926541,weber_violated
20,19,3,left,right,2.676803981252438,weber_violated
21,19,4,left,right,1.7514013563830653,weber_violated
22,19,4,left,left,3.1082943801647422,weber_violated
23,19,4,left,left,1.4823790254666174,weber_violated
24,19,4,left,left,2.397320989138679,weber_violated
25,19,4,left,left,1.436208475860487,weber_violated
26,19,4,left,right,2.2754938087248666,weber_violated
27,19,4,left,right,1.1938150161021737,weber_violated
28,19,4,left,left,1.3933846233766525,weber_violated
29,19,4,left,right,4.147589713974902,weber_violated
30,19,4,left,left,2.0797076218926334,weber_violated
31,19,6,left,right,1.191733624064445,weber_violated
32,19,6,left,left,1.8272770608305928,weber_violated
33,19,6,left,left,1.370257660965372,weber_violated
34,19,6,left,left,1.028350068836286,weber_violated
35,19,6,left,left,1.2553641830185052,weber_violated
36,19,6,left,left,1.5764973165621508,weber_violated
37,19,6,left,left,1.9126505005925418,weber_violated
38,19,6,left,left,1.379372928847251,weber_violated
39,19,6,left,left,1.3713651102898374,weber_violated
40,19,6,left,left,2.05600978144433,weber_violated
41,19,7,left,left,1.5641455876381747,weber_violated
42,19,7,left,left,0.8583518275972375,weber_violated
43,19,7,left,left,1.3105524777732152,weber_violated
44,19,7,left,left,1.315320658088429,weber_violated
45,19,7,left,left,1.5472218044586268,weber_violated
46,19,7,left,left,1.2697772946565058,weber_violated
47,19,7,left,right,1.411484040054054,weber_violated
48,19,7,left,left,1.141526679423135,weber_violated
49,19,7,left,left,0.9391879637835834,weber_violated
50,19,7,left,left,1.2483116819796396,weber_violated
51,19,8,left,left,0.9674822191639108,weber_violated
52,19,8,left,left,0.9956731720924059,weber_violated
53,19,8,left,left,0.8995979899415742,weber_violated
54,19,8,left,left,0.9192429767701966,weber_violated
55,19,8,left,left,0.6539801762680622,weber_violated
56,19,8,left,left,0.7290843020940987,weber_violated
57,19,8,left,left,1.0583908818025283,weber_violated
58,19,8,left,left,1.0131770626143233,weber_violated
59,19,8,left,left,0.6747526069934957,weber_violated
60,19,8,left,left,0.7285848573944613,weber_violated
61,19,2,right,right,0.9378813154589247,weber_violated
62,19,2,right,right,1.2769993618485624,weber_violated
63,19,2,right,right,0.8943525967383521,weber_violated
64,19,2,right,right,0.8028069967234128,weber_violated
65,19,2,right,right,0.9414274033226526,weber_violated
66,19,2,right,right,0.9762723590569924,weber_violated
67,19,2,right,right,0.7364934579273574,weber_violated
68,19,2,right,right,1.187782746474167,weber_violated
69,19,2,right,right,0.8113444891360042,weber_violated
70,19,2,right,right,0.928000568066315,weber_violated
71,19,3,right,right,1.8211689149134904,weber_violated
72,19,3,right,right,1.4823177566941785,weber_violated
73,19,3,right,right,1.165437669487773,weber_violated
74,19,3,right,right,0.7457102901250907,weber_violated
75,19,3,right,right,1.2955942964520375,weber_violated
76,19,3,right,right,1.1625666238227,weber_violated
77,19,3,right,right,1.1965867743625738,weber_violated
78,19,3,right,right,1.1473569309412746,weber_violated
79,19,3,right,left,1.9752929951071365,weber_violated
80,19,3,right,right,1.0254080120166562,weber_violated
81,19,4,right,left,1.4026332610027452,weber_violated
82,19,4,right,left,2.5143121893856906,weber_violated
83,19,4,right,right,1.872066410704807,weber_violated
84,19,4,right,left,2.4176420562591416,weber_violated
85,19,4,right,right,1.8320873184410247,weber_violated
86,19,4,right,right,1.8141052020669732,weber_violated
87,19,4,right,left,4.313271205808225,weber_violated
88,19,4,right,right,3.0716245382552665,weber_violated
89,19,4,right,left,1.5567917719433761,weber_violated
90,19,4,right,right,1.656659420122764,weber_violated
91,19,6,right,right,1.3889936708460484,weber_violated
92,19,6,right,right,3.0276538243045006,weber_violated
93,19,6,right,right,1.3345915664193968,weber_violated
94,19,6,right,left,2.4802300498264893,weber_violated
95,19,6,right,right,4.335422630648965,weber_violated
96,19,6,right,right,5.638972527328101,weber_violated
97,19,6,right,left,1.8971967020166007,weber_violated
98,19,6,right,left,3.9719444354179716,weber_violated
99,19,6,right,right,3.7177728571429918,weber_violated
100,19,6,right,right,2.393430655971136,weber_violated
101,19,7,right,right,1.4432863018380115,weber_violated
102,19,7,right,right,0.9372470007160403,weber_violated
103,19,7,right,right,1.4221448909387648,weber_violated
104,19,7,right,right,1.0474374008328833,weber_violated
105,19,7,right,right,1.1064567700912709,weber_violated
106,19,7,right,left,2.0637510135299166,weber_violated
107,19,7,right,right,1.4624778504472353,weber_violated
108,19,7,right,right,1.5333042335254135,weber_violated
109,19,7,right,right,1.9927350209192238,weber_violated
110,19,7,right,right,1.1144100814960625,weber_violated
111,19,8,right,right,1.0492475092375657,weber_violated
112,19,8,right,right,0.8577214059473572,weber_violated
113,19,8,right,right,1.0422673570061498,weber_violated
114,19,8,right,right,0.7933657733895412,weber_violated
115,19,8,right,right,0.9185770265309099,weber_violated
116,19,8,right,right,0.6954246668748404,weber_violated
117,19,8,right,right,0.7283000750267379,weber_violated
118,19,8,right,right,0.8853429524075569,weber_violated
119,19,8,right,right,0.9960732535711447,weber_violated
120,19,8,right,right,0.6096457588935076,weber_violated
1,20,2,left,left,0.8824115953299514,weber_violated
2,20,2,left,left,0.9333802249758889,weber_violated
3,20,2,left,left,0.7816778539076605,weber_violated
4,20,2,left,left,0.7540171383509289,weber_violated
5,20,2,left,left,0.7296838805969452,weber_violated
6,20,2,left,left,0.7224371226843382,weber_violated
7,20,2,left,left,0.9731214541873774,weber_violated
8,20,2,left,left,0.8772455980178675,weber_violated
9,20,2,left,left,0.8707134015972768,weber_violated
10,20,2,left,left,0.8286571587262175,weber_violated
11,20,3,left,left,1.0413699118045543,weber_violated
12,20,3,left,left,1.2436526148479718,weber_violated
13,20,3,left,left,0.97662115862551,weber_violated
14,20,3,left,left,1.6588328063754694,weber_violated
15,20,3,left,left,1.9585287698805318,weber_violated
16,20,3,left,left,1.3303244407426746,weber_violated
17,20,3,left,left,1.7623596584658985,weber_violated
18,20,3,left,left,1.3192372056342998,weber_violated
19,20,3,left,left,0.8994405895653605,weber_violated
20,20,3,left,left,0.9844588493348458,weber_violated
21,20,4,left,left,1.777252968559082,weber_violated
22,20,4,left,left,1.7894678859328137,weber_violated
23,20,4,left,right,2.5361473309380944,weber_violated
24,20,4,left,right,1.373632054739059,weber_violated
25,20,4,left,left,1.3773230114719355,weber_violated
26,20,4,left,right,1.4248381581907696,weber_violated
27,20,4,left,left,2.2925298955148854,weber_violated
28,20,4,left,left,1.6494121232875099,weber_violated
29,20,4,left,left,2.755047766365326,weber_violated
30,20,4,left,right,1.6491845525740976,weber_violated
31,20,6,left,right,3.563978050028945,weber_violated
32,20,6,left,left,2.484036770294204,weber_violated
33,20,6,left,left,2.5818055437388505,weber_violated
34,20,6,left,right,2.6274926461438897,weber_violated
35,20,6,left,left,1.1873521586341864,weber_violated
36,20,6,left,left,1.5723448245838583,weber_violated
37,20,6,left,left,2.0885182970795935,weber_violated
38,20,6,left,left,2.312390422582485,weber_violated
39,20,6,left,left,9.070958105970075,weber_violated
40,20,6,left,right,2.3799930397007225,weber_violated
41,20,7,left,left,1.34414101578114,weber_violated
42,20,7,left,left,1.620171411304595,weber_violated
43,20,7,left,left,0.9351845328806576,weber_violated
44,20,7,left,left,0.8016831591260551,weber_violated
45,20,7,left,left,1.1920396179660666,weber_violated
46,20,7,left,left,0.9546148836431754,weber_violated
47,20,7,left,left,1.3325709158310712,weber_violated
48,20,7,left,left,1.1356675844098865,weber_violated
49,20,7,left,right,1.8194607892012993,weber_violated
50,20,7,left,right,1.457903369541947,weber_violated
51,20,8,left,left,0.7700619022132646,weber_violated
52,20,8,left,left,0.7818625248669251,weber_violated
53,20,8,left,left,0.8432164844696444,weber_violated
54,20,8,left,left,0.924751491804565,weber_violated
55,20,8,left,left,0.9202246326325858,weber_violated
56,20,8,left,left,0.999033840330394,weber_violated
57,20,8,left,left,0.7220715251242389,weber_violated
58,20,8,left,left,0.628837146650616,weber_violated
59,20,8,left,left,0.9638685808199143,weber_violated
60,20,8,left,left,1.0057706959813595,weber_violated
61,20,2,right,right,1.0404647935038114,weber_violated
62,20,2,right,right,0.79318822193498,weber_violated
63,20,2,right,right,1.020916850009852,weber_violated
64,20,2,right,right,0.7801953161296504,weber_violated
65,20,2,right,right,0.844501487482793,weber_violated
66,20,2,right,right,0.9233771651323426,weber_violated
67,20,2,right,right,0.7114831745473846,weber_violated
68,20,2,right,right,0.9491308754847985,weber_violated
69,20,2,right,right,1.0327534339431783,weber_violated
70,20,2,right,right,1.135041882500569,weber_violated
71,20,3,right,right,1.075698502421316,weber_violated
72,20,3,right,right,1.0945620231909978,weber_violated
73,20,3,right,right,0.8251162681082649,weber_violated
74,20,3,right,right,0.9338165460533763,weber_violated
75,20,3,right,right,1.4897070877650538,weber_violated
76,20,3,right,left,1.9568326858280332,weber_violated
77,20,3,right,right,1.3252963063180736,weber_violated
78,20,3,right,right,0.9168392245880057,weber_violated
79,20,3,right,right,0.9580335715524841,weber_violated
80,20,3,right,left,2.0915558657159137,weber_violated
81,20,4,right,right,1.6566649904605364,weber_violated
82,20,4,right,right,2.102034147272465,weber_violated
83,20,4,right,right,2.544887569818892,weber_violated
84,20,4,right,right,1.2717372132362297,weber_violated
85,20,4,right,right,1.462041278328168,weber_violated
86,20,4,right,right,1.4699932888367901,weber_violated
87,20,4,right,right,3.071526722486947,weber_violated
88,20,4,right,right,2.172827737721704,weber_violated
89,20,4,right,left,3.1714373711371184,weber_violated
90,20,4,right,right,1.7209407310431855,weber_violated
91,20,6,right,left,1.9066052113111023,weber_violated
92,20,6,right,right,1.8882312675409403,weber_violated
93,20,6,right,right,1.1972830740814475,weber_violated
94,20,6,right,left,1.4247908230623145,weber_violated
95,20,6,right,right,1.555161439374238,weber_violated
96,20,6,right,right,5.768228660548975,weber_violated
97,20,6,right,right,2.2339308681198293,weber_violated
98,20,6,right,left,1.8759882714831426,weber_violated
99,20,6,right,left,4.9277863292840625,weber_violated
100,20,6,right,right,1.8021565663211219,weber_violated
101,20,7,right,right,1.279515520925388,weber_violated
102,20,7,right,right,2.136679210231894,weber_violated
103,20,7,right,right,0.9757249807841673,weber_violated
104,20,7,right,right,0.8013399912087553,weber_violated
105,20,7,right,right,1.0826529081223355,weber_violated
106,20,7,right,right,0.8994489115503557,weber_violated
107,20,7,right,right,0.9683657729574455,weber_violated
108,20,7,right,right,1.3573948474930955,weber_violated
109,20,7,right,left,1.6364236202195013,weber_violated
110,20,7,right,right,1.1851980147194432,weber_violated
111,20,8,right,right,0.7331756482118728,weber_violated
112,20,8,right,right,1.1582788765811534,weber_violated
113,20,8,right,right,0.9734282894175288,weber_violated
114,20,8,right,right,0.969837033779769,weber_violated
115,20,8,right,right,0.942599842900042,weber_violated
116,20,8,right,right,1.0994538610826212,weber_violated
117,20,8,right,right,0.9376516770115428,weber_violated
118,20,8,right,right,0.7624200178290845,weber_violated
119,20,8,right,right,0.8267460499949308,weber_violated
120,20,8,right,right,0.6229097195631453,weber_violated
1,21,2,left,left,0.7412547055606178,weber_violated
2,21,2,left,left,0.9271880271389465,weber_violated
3,21,2,left,left,0.907244677477943,weber_violated
4,21,2,left,left,1.0115439675182734,weber_violated
5,21,2,left,left,1.3349545758179435,weber_violated
6,21,2,left,left,0.8344831860733077,weber_violated
7,21,2,left,left,0.8286669309619017,weber_violated
8,21,2,left,left,1.3493948817538213,weber_violated
9,21,2,left,left,1.128576384246659,weber_violated
10,21,2,left,left,0.9498808454515031,weber_violated
11,21,3,left,left,2.3288033738297886,weber_violated
12,21,3,left,left,0.9345853131473605,weber_violated
13,21,3,left,left,1.3066807391723454,weber_violated
14,21,3,left,left,1.7463703652013454,weber_violated
15,21,3,left,left,1.0754628159720918,weber_violated
16,21,3,left,left,1.526975650239604,weber_violated
17,21,3,left,left,1.5108611151045437,weber_violated
18,21,3,left,left,0.998460702838242,weber_violated
19,21,3,left,left,1.5470900093795092,weber_violated
20,21,3,left,left,1.3102014885545483,weber_violated
21,21,4,left,left,1.8020490457613685,weber_violated
22,21,4,left,right,2.2018463668566106,weber_violated
23,21,4,left,left,1.962915693992641,weber_violated
24,21,4,left,left,3.0612096905862876,weber_violated
25,21,4,left,right,1.9051659302923205,weber_violated
26,21,4,left,left,1.856945071012478,weber_violated
27,21,4,left,left,3.1547492278474434,weber_violated
28,21,4,left,right,2.5159580632277465,weber_violated
29,21,4,left,left,2.1255120329670394,weber_violated
30,21,4,left,left,1.5801607207469979,weber_violated
31,21,6,left,right,2.36011248964227,weber_violated
32,21,6,left,left,1.214552153234184,weber_violated
33,21,6,left,left,1.2407939883935053,weber_violated
34,21,6,left,right,1.3056417402260203,weber_violated
35,21,6,left,left,0.9457300670268953,weber_violated
36,21,6,left,left,2.2544192926931266,weber_violated
37,21,6,left,left,4.528356451287578,weber_violated
38,21,6,left,right,3.420703816567777,weber_violated
39,21,6,left,left,1.5691073725099176,weber_violated
40,21,6,left,left,3.291552206642743,weber_violated
41,21,7,left,left,1.3812538387177262,weber_violated
42,21,7,left,left,1.0071199502750081,weber_violated
43,21,7,left,left,1.0316704733322115,weber_violated
44,21,7,left,left,1.0886524372726265,weber_violated
45,21,7,left,left,1.1919572585150373,weber_violated
46,21,7,left,left,2.138229013943948,weber_violated
47,21,7,left,left,1.060280041584998,weber_violated
48,21,7,left,left,1.142022015939452,weber_violated
49,21,7,left,left,1.044230298032645,weber_violated
50,21,7,left,left,1.6823711493402573,weber_violated
51,21,8,left,left,1.1079911468604522,weber_violated
52,21,8,left,left,1.0128639154528158,weber_violated
53,21,8,left,left,0.7737408345728625,weber_violated
54,21,8,left,left,0.8402968743942192,weber_violated
55,21,8,left,left,0.7651653026535621,weber_violated
56,21,8,left,left,0.7803076875546127,weber_violated
57,21,8,left,left,0.7565887740740014,weber_violated
58,21,8,left,left,0.9166168304975566,weber_violated
59,21,8,left,left,0.6568803522486476,weber_violated
60,21,8,left,left,0.8078488679580316,weber_violated
61,21,2,right,right,1.3249834500564721,weber_violated
62,21,2,right,right,1.1601850474310627,weber_violated
63,21,2,right,right,1.0344375820129272,weber_violated
64,21,2,right,right,0.7266952757189677,weber_violated
65,21,2,right,right,0.693453921780218,weber_violated
66,21,2,right,right,1.0733016639541757,weber_violated
67,21,2,right,right,0.7512811370895136,weber_violated
68,21,2,right,right,0.8645136311437032,weber_violated
69,21,2,right,right,0.7950925344436317,weber_violated
70,21,2,right,left,1.3172814424193875,weber_violated
71,21,3,right,left,1.599962482270676,weber_violated
72,21,3,right,right,1.729217940127174,weber_violated
73,21,3,right,right,1.1528665242921312,weber_violated
74,21,3,right,right,3.383423152847026,weber_violated
75,21,3,right,right,1.6434650584981347,weber_violated
76,21,3,right,right,1.2293383575124397,weber_violated
77,21,3,right,right,1.2882046818530326,weber_violated
78,21,3,right,right,1.1212701713043614,weber_violated
79,21,3,right,right,1.3662454863454403,weber_violated
80,21,3,right,right,1.1462373693419852,weber_violated
81,21,4,right,right,2.745190132079295,weber_violated
82,21,4,right,right,1.5085047899569166,weber_violated
83,21,4,right,left,1.471643629868532,weber_violated
84,21,4,right,right,1.225155117326431,weber_violated
85,21,4,right,right,1.8004395161109805,weber_violated
86,21,4,right,right,1.884205511946503,weber_violated
87,21,4,right,left,1.1509471074961726,weber_violated
88,21,4,right,right,1.477080211793251,weber_violated
89,21,4,right,right,1.5954206120076173,weber_violated
90,21,4,right,right,2.725282567794596,weber_violated
91,21,6,right,right,1.3285639899634967,weber_violated
92,21,6,right,right,1.8213097107994767,weber_violated
93,21,6,right,right,1.664206473496705,weber_violated
94,21,6,right,right,1.229419080740414,weber_violated
95,21,6,right,right,1.3867127771617995,weber_violated
96,21,6,right,right,1.4742651278941725,weber_violated
97,21,6,right,left,1.7392307563086347,weber_violated
98,21,6,right,right,1.262554058146761,weber_violated
99,21,6,right,right,1.7021516668014862,weber_violated
100,21,6,right,left,3.308659062213377,weber_violated
101,21,7,right,right,0.969902757894721,weber_violated
102,21,7,right,right,0.9288509157500195,weber_violated
103,21,7,right,left,1.6105477003606603,weber_violated
104,21,7,right,right,0.8942567179800673,weber_violated
105,21,7,right,right,0.9193086844767386,weber_violated
106,21,7,right,right,0.997073867815748,weber_violated
107,21,7,right,right,0.9385630707216406,weber_violated
108,21,7,right,right,1.2104072400378467,weber_violated
109,21,7,right,right,1.2203356836491368,weber_violated
110,21,7,right,right,1.5097490019434496,weber_violated
111,21,8,right,right,0.9456981522862911,weber_violated
112,21,8,right,right,0.993038011306949,weber_violated
113,21,8,right,right,0.7076117594797866,weber_violated
114,21,8,right,right,0.9303550172016055,weber_violated
115,21,8,right,right,0.7170857457382933,weber_violated
116,21,8,right,right,0.8290788932190549,weber_violated
117,21,8,right,right,1.00082387723223,weber_violated
118,21,8,right,right,0.7049221357673194,weber_violated
119,21,8,right,right,1.092634172369173,weber_violated
120,21,8,right,right,1.0335127748167756,weber_violated
1,22,2,left,left,0.8989113392215504,weber_violated
2,22,2,left,left,0.7770398183965284,weber_violated
3,22,2,left,left,0.9573952051889993,weber_violated
4,22,2,left,left,0.8182165499767482,weber_violated
5,22,2,left,left,1.0682038729247538,weber_violated
6,22,2,left,left,0.8401652057095736,weber_violated
7,22,2,left,left,0.8269702598402233,weber_violated
8,22,2,left,right,1.144864609200389,weber_violated
9,22,2,left,left,0.764231221189354,weber_violated
10,22,2,left,left,1.4712843505306754,weber_violated
11,22,3,left,right,1.0086037262383027,weber_violated
12,22,3,left,left,1.174198350332547,weber_violated
13,22,3,left,left,0.9955936547570068,weber_violated
14,22,3,left,left,0.9955469615767343,weber_violated
15,22,3,left,left,1.0672778556684117,weber_violated
16,22,3,left,left,0.7346051519824408,weber_violated
17,22,3,left,right,1.7929175603227276,weber_violated
18,22,3,left,left,1.7390574422110014,weber_violated
19,22,3,left,left,1.5263406363250944,weber_violated
20,22,3,left,left,1.2939716481668522,weber_violated
21,22,4,left,left,1.9245138391497694,weber_violated
22,22,4,left,left,7.768176580931835,weber_violated
23,22,4,left,left,1.835609048941379,weber_violated
24,22,4,left,left,1.6828237725492767,weber_violated
25,22,4,left,left,4.085532438513247,weber_violated
26,22,4,left,right,2.3841425187823413,weber_violated
27,22,4,left,left,1.792853199751713,weber_violated
28,22,4,left,right,2.91892835305679,weber_violated
29,22,4,left,left,1.563917748649284,weber_violated
30,22,4,left,right,2.3892055959492176,weber_violated
31,22,6,left,left,1.7937805767589199,weber_violated
32,22,6,left,left,2.5058487541992363,weber_violated
33,22,6,left,left,1.5008448110248134,weber_violated
34,22,6,left,right,1.6205155408932985,weber_violated
35,22,6,left,left,1.2356268100816583,weber_violated
36,22,6,left,left,1.383713393968442,weber_violated
37,22,6,left,right,2.8948529358507753,weber_violated
38,22,6,left,right,2.245469058806742,weber_violated
39,22,6,left,left,2.3918001797098007,weber_violated
40,22,6,left,left,1.5552414375977475,weber_violated
41,22,7,left,left,1.0031621151407106,weber_violated
42,22,7,left,left,1.0028652360644974,weber_violated
43,22,7,left,left,0.765601018197499,weber_violated
44,22,7,left,left,1.3070280290516854,weber_violated
45,22,7,left,left,2.2757732178214556,weber_violated
46,22,7,left,left,2.1372138803167298,weber_violated
47,22,7,left,left,1.5195445254305973,weber_violated
48,22,7,left,left,0.9521822894859573,weber_violated
49,22,7,left,left,1.5632101818541924,weber_violated
50,22,7,left,left,1.5545648236042064,weber_violated
51,22,8,left,left,1.1246697356595983,weber_violated
52,22,8,left,left,0.8223684676947256,weber_violated
53,22,8,left,left,1.2913530889537261,weber_violated
54,22,8,left,left,1.2224766342801245,weber_violated
55,22,8,left,left,0.7329212024436593,weber_violated
56,22,8,left,left,0.7253607773710722,weber_violated
57,22,8,left,left,0.9434250470059873,weber_violated
58,22,8,left,left,0.7573437055890695,weber_violated
59,22,8,left,left,0.7732172854617687,weber_violated
60,22,8,left,left,1.011858905469562,weber_violated
61,22,2,right,right,0.8809307103654149,weber_violated
62,22,2,right,right,1.044434831659431,weber_violated
63,22,2,right,right,0.6715037306460027,weber_violated
64,22,2,right,right,0.8774760520288813,weber_violated
65,22,2,right,right,1.1695430453189897,weber_violated
66,22,2,right,right,0.8346479334924863,weber_violated
67,22,2,right,right,0.8188006919625594,weber_violated
68,22,2,right,right,0.9470089874118994,weber_violated
69,22,2,right,right,0.728436407326573,weber_violated
70,22,2,right,right,0.6949499319162017,weber_violated
71,22,3,right,right,0.9057258969815971,weber_violated
72,22,3,right,right,1.5742408339923222,weber_violated
73,22,3,right,right,1.3759520645304675,weber_violated
74,22,3,right,right,1.7360374516335033,weber_violated
75,22,3,right,right,2.0525472885464233,weber_violated
76,22,3,right,right,1.2844373119643762,weber_violated
77,22,3,right,right,1.3300899580138585,weber_violated
78,22,3,right,right,1.2545636790753771,weber_violated
79,22,3,right,right,1.3174888408286645,weber_violated
80,22,3,right,right,1.1368238207126555,weber_violated
81,22,4,right,right,1.0050740421361888,weber_violated
82,22,4,right,left,2.9164877099844086,weber_violated
83,22,4,right,left,1.0362348369457723,weber_violated
84,22,4,right,left,2.279946161013823,weber_violated
85,22,4,right,right,1.2921632272073238,weber_violated
86,22,4,right,right,1.49516805273336,weber_violated
87,22,4,right,right,2.5120939016514177,weber_violated
88,22,4,right,right,1.467728445687858,weber_violated
89,22,4,right,right,5.061221052875728,weber_violated
90,22,4,right,left,1.955579033549499,weber_violated
91,22,6,right,right,2.500904878471516,weber_violated
92,22,6,right,right,2.7664503677210415,weber_violated
93,22,6,right,right,1.837779695273626,weber_violated
94,22,6,right,right,1.6898263022102178,weber_violated
95,22,6,right,left,1.0308135477614155,weber_violated
96,22,6,right,left,3.8864751633926518,weber_violated
97,22,6,right,right,1.8194933902888848,weber_violated
98,22,6,right,left,2.814697723068393,weber_violated
99,22,6,right,right,1.1296407074822137,weber_violated
100,22,6,right,left,1.3103375068474135,weber_violated
101,22,7,right,right,1.3095080635374727,weber_violated
102,22,7,right,right,1.414797387056308,weber_violated
103,22,7,right,right,1.2517785424944052,weber_violated
104,22,7,right,right,1.631340398688578,weber_violated
105,22,7,right,right,2.1363551777713794,weber_violated
106,22,7,right,right,1.33489602045292,weber_violated
107,22,7,right,right,2.415907151020037,weber_violated
108,22,7,right,right,1.2319849540744259,weber_violated
109,22,7,right,left,1.8230262883827053,weber_violated
110,22,7,right,right,1.0992081916058218,weber_violated
111,22,8,right,right,0.6611015424001785,weber_violated
112,22,8,right,right,0.8750915920360514,weber_violated
113,22,8,right,right,0.9643235080319776,weber_violated
114,22,8,right,right,1.2530648816177548,weber_violated
115,22,8,right,right,0.7142803784878169,weber_violated
116,22,8,right,right,0.8001063268186659,weber_violated
117,22,8,right,right,0.842235694230433,weber_violated
118,22,8,right,right,1.2239619599525187,weber_violated
119,22,8,right,right,0.7186410673985377,weber_violated
120,22,8,right,right,0.8881368202757653,weber_violated
1,23,2,left,left,0.8009615362808642,weber_violated
2,23,2,left,left,1.0944429564285363,weber_violated
3,23,2,left,left,0.7888037188834569,weber_violated
4,23,2,left,left,0.8485885759813736,weber_violated
5,23,2,left,left,0.8929587239280616,weber_violated
6,23,2,left,left,0.8526927443551475,weber_violated
7,23,2,left,left,1.0150796751268814,weber_violated
8,23,2,left,left,0.8500392983461584,weber_violated
9,23,2,left,left,0.9382889573116715,weber_violated
10,23,2,left,left,1.2323836386026805,weber_violated
11,23,3,left,left,1.2006347795904961,weber_violated
12,23,3,left,left,1.0996329635120414,weber_violated
13,23,3,left,left,1.1050609797565627,weber_violated
14,23,3,left,left,1.1456249800553335,weber_violated
15,23,3,left,left,1.359132411033011,weber_violated
16,23,3,left,left,1.5010640655952576,weber_violated
17,23,3,left,left,2.0301305233114757,weber_violated
18,23,3,left,right,1.6722827269514833,weber_violated
19,23,3,left,left,0.9460052185953876,weber_violated
20,23,3,left,left,1.5470467962094097,weber_violated
21,23,4,left,left,3.1678357878729,weber_violated
22,23,4,left,right,2.497651519209942,weber_violated
23,23,4,left,right,1.8148534205082236,weber_violated
24,23,4,left,left,1.2286531577069095,weber_violated
25,23,4,left,left,1.491888887679771,weber_violated
26,23,4,left,right,2.686401068691128,weber_violated
27,23,4,left,left,1.9439347577758583,weber_violated
28,23,4,left,right,1.9624946166878168,weber_violated
29,23,4,left,left,1.334614028451566,weber_violated
30,23,4,left,left,1.666296394957274,weber_violated
31,23,6,left,right,1.605121251530395,weber_violated
32,23,6,left,left,2.1072148024167503,weber_violated
33,23,6,left,left,1.7040041040573124,weber_violated
34,23,6,left,right,1.9554234900867318,weber_violated
35,23,6,left,left,1.1865030260236726,weber_violated
36,23,6,left,left,1.8795860274081335,weber_violated
37,23,6,left,left,1.5761840491071832,weber_violated
38,23,6,left,right,1.4498886352194094,weber_violated
39,23,6,left,right,2.1420575426802304,weber_violated
40,23,6,left,right,2.529433474815352,weber_violated
41,23,7,left,left,1.2973068388005764,weber_violated
42,23,7,left,left,0.9959617692607201,weber_violated
43,23,7,left,left,0.9679209788611354,weber_violated
44,23,7,left,right,1.400317388880346,weber_violated
45,23,7,left,left,0.9702468576879058,weber_violated
46,23,7,left,left,1.770239270945984,weber_violated
47,23,7,left,left,0.9431314034265994,weber_violated
48,23,7,left,left,0.8245587894182764,weber_violated
49,23,7,left,left,1.095587879858796,weber_violated
50,23,7,left,left,1.5706674817110329,weber_violated
51,23,8,left,left,0.8237110379994654,weber_violated
52,23,8,left,left,0.7454504801561725,weber_violated
53,23,8,left,left,0.9479621859941454,weber_violated
54,23,8,left,left,0.9979265748733501,weber_violated
55,23,8,left,left,0.9402575272962008,weber_violated
56,23,8,left,left,0.7991487493169378,weber_violated
57,23,8,left,left,0.8696601486703397,weber_violated
58,23,8,left,left,0.855276517437036,weber_violated
59,23,8,left,left,0.9268338651948254,weber_violated
60,23,8,left,left,0.7896239930095157,weber_violated
61,23,2,right,right,0.9616687252557061,weber_violated
62,23,2,right,right,1.0278853217465913,weber_violated
63,23,2,right,right,0.8828285766453678,weber_violated
64,23,2,right,right,1.2411337198741756,weber_violated
65,23,2,right,right,0.8434772057229685,weber_violated
66,23,2,right,right,1.2188184442197922,weber_violated
67,23,2,right,right,1.189580086642664,weber_violated
68,23,2,right,right,0.8899331578746335,weber_violated
69,23,2,right,right,0.6418417022340682,weber_violated
70,23,2,right,right,1.452684994107578,weber_violated
71,23,3,right,right,1.4279804599680177,weber_violated
72,23,3,right,right,1.3550002765949216,weber_violated
73,23,3,right,right,0.8139750942531054,weber_violated
74,23,3,right,right,0.9988165411655636,weber_violated
75,23,3,right,right,1.2423066699702932,weber_violated
76,23,3,right,right,1.7834909782504145,weber_violated
77,23,3,right,right,0.736680723046339,weber_violated
78,23,3,right,right,1.206791377538821,weber_violated
79,23,3,right,right,0.9006157150172716,weber_violated
80,23,3,right,right,1.4619811574955348,weber_violated
81,23,4,right,left,1.1285593343006273,weber_violated
82,23,4,right,left,1.4584462847531547,weber_violated
83,23,4,right,left,1.7368520100775744,weber_violated
84,23,4,right,right,1.687202958422295,weber_violated
85,23,4,right,right,1.6665869857364295,weber_violated
86,23,4,right,left,3.389618602915761,weber_violated
87,23,4,right,right,1.305999825841619,weber_violated
88,23,4,right,right,2.384718528097626,weber_violated
89,23,4,right,right,1.5834193511162116,weber_violated
90,23,4,right,left,1.6227821772222972,weber_violated
91,23,6,right,right,1.760785336335248,weber_violated
92,23,6,right,right,1.8825494604183424,weber_violated
93,23,6,right,left,1.5573200710120698,weber_violated
94,23,6,right,right,1.9089356350248032,weber_violated
95,23,6,right,left,1.9479851730544695,weber_violated
96,23,6,right,right,1.605458119706133,weber_violated
97,23,6,right,right,1.4889617456210766,weber_violated
98,23,6,right,left,4.468545734277239,weber_violated
99,23,6,right,right,1.2808759973048633,weber_violated
100,23,6,right,left,2.2133132367586397,weber_violated
101,23,7,right,right,1.1062494466441042,weber_violated
102,23,7,right,right,1.354841556134396,weber_violated
103,23,7,right,right,1.3338085328301015,weber_violated
104,23,7,right,right,0.9080175914211264,weber_violated
105,23,7,right,right,1.552599964377392,weber_violated
106,23,7,right,right,1.0151303624797043,weber_violated
107,23,7,right,right,1.3036747197460745,weber_violated
108,23,7,right,right,1.082186354074305,weber_violated
109,23,7,right,right,0.9081167157994972,weber_violated
110,23,7,right,right,1.0349857244122433,weber_violated
111,23,8,right,right,1.273793500000522,weber_violated
112,23,8,right,right,1.006858012419261,weber_violated
113,23,8,right,right,0.792806021666904,weber_violated
114,23,8,right,right,0.9550626036977368,weber_violated
115,23,8,right,right,0.7979934185682724,weber_violated
116,23,8,right,right,0.8004010778440918,weber_violated
117,23,8,right,right,0.8730797679880995,weber_violated
118,23,8,right,right,1.1511466930688323,weber_violated
119,23,8,right,right,0.8695519339431703,weber_violated
120,23,8,right,right,0.7782886093789168,weber_violated
1,24,2,left,left,0.7613059446959214,weber_violated
2,24,2,left,left,0.9379500740805522,weber_violated
3,24,2,left,left,1.2808708157380442,weber_violated
4,24,2,left,left,0.8168406710309979,weber_violated
5,24,2,left,left,0.8013585536407635,weber_violated
6,24,2,left,left,1.074222610436549,weber_violated
7,24,2,left,left,0.7814248625558575,weber_violated
8,24,2,left,left,0.7173266900876074,weber_violated
9,24,2,left,left,0.9517604522165826,weber_violated
10,24,2,left,left,0.6962034208062735,weber_violated
11,24,3,left,left,1.2161783615474304,weber_violated
12,24,3,left,left,1.6607598714105145,weber_violated
13,24,3,left,left,1.0090348454472213,weber_violated
14,24,3,left,right,1.045280643051184,weber_violated
15,24,3,left,left,1.0044057488961764,weber_violated
16,24,3,left,left,1.0575750794432976,weber_violated
17,24,3,left,left,1.0948506506719045,weber_violated
18,24,3,left,right,1.7727277022737036,weber_violated
19,24,3,left,left,1.7132784830397618,weber_violated
20,24,3,left,left,1.3037622948438399,weber_violated
21,24,4,left,right,3.3183721613488517,weber_violated
22,24,4,left,left,1.7911447428162057,weber_violated
23,24,4,left,left,1.4481268994078342,weber_violated
24,24,4,left,left,2.2055860643643146,weber_violated
25,24,4,left,left,2.4037060802704513,weber_violated
26,24,4,left,right,2.1861270643507797,weber_violated
27,24,4,left,left,3.2506594292598554,weber_violated
28,24,4,left,left,5.882045750664991,weber_violated
29,24,4,left,left,1.5832138203641752,weber_violated
30,24,4,left,left,1.360046234550386,weber_violated
31,24,6,left,right,1.8989680090902845,weber_violated
32,24,6,left,left,3.178003348645069,weber_violated
33,24,6,left,left,2.8922057139887465,weber_violated
34,24,6,left,left,2.0077277114778087,weber_violated
35,24,6,left,right,2.2321719149966897,weber_violated
36,24,6,left,left,1.3804976694220954,weber_violated
37,24,6,left,left,1.2247391512325774,weber_violated
38,24,6,left,right,2.286430695667754,weber_violated
39,24,6,left,left,1.880208625418041,weber_violated
40,24,6,left,right,2.1289701656546427,weber_violated
41,24,7,left,left,1.9556979616999723,weber_violated
42,24,7,left,left,0.7262255958880461,weber_violated
43,24,7,left,left,0.9060550553390636,weber_violated
44,24,7,left,left,0.9040953185812373,weber_violated
45,24,7,left,left,1.4155392758468262,weber_violated
46,24,7,left,left,2.0449175735855203,weber_violated
47,24,7,left,left,1.397766161097114,weber_violated
48,24,7,left,left,2.039884751841384,weber_violated
49,24,7,left,left,1.435157839502806,weber_violated
50,24,7,left,left,1.2780733686013888,weber_violated
51,24,8,left,left,1.3646543414656018,weber_violated
52,24,8,left,left,0.9383332461539815,weber_violated
53,24,8,left,left,0.8606584283246954,weber_violated
54,24,8,left,left,0.769692905195912,weber_violated
55,24,8,left,left,0.9675205293568223,weber_violated
56,24,8,left,left,0.7579847879246029,weber_violated
57,24,8,left,left,1.0673402466165907,weber_violated
58,24,8,left,left,1.0625592356305902,weber_violated
59,24,8,left,left,1.3568246811912577,weber_violated
60,24,8,left,left,0.7159815276106336,weber_violated
61,24,2,right,right,0.9053824491999711,weber_violated
62,24,2,right,right,1.1181389361503313,weber_violated
63,24,2,right,right,0.8010361587254402,weber_violated
64,24,2,right,right,0.6760717174528128,weber_violated
65,24,2,right,right,0.7006174699588752,weber_violated
66,24,2,right,right,0.9764384201167688,weber_violated
67,24,2,right,right,0.8376812568044842,weber_violated
68,24,2,right,right,1.2185255813625386,weber_violated
69,24,2,right,right,0.8648415415708213,weber_violated
70,24,2,right,right,1.0079881218101325,weber_violated
71,24,3,right,left,2.795510610953478,weber_violated
72,24,3,right,right,1.1129098370349657,weber_violated
73,24,3,right,right,1.0953612693648156,weber_violated
74,24,3,right,right,0.9156392683448238,weber_violated
75,24,3,right,right,1.8171481688181534,weber_violated
76,24,3,right,right,0.9666078787120134,weber_violated
77,24,3,right,right,1.5095681958213631,weber_violated
78,24,3,right,right,1.2804954491147318,weber_violated
79,24,3,right,right,2.157992543991387,weber_violated
80,24,3,right,right,1.0896972821819986,weber_violated
81,24,4,right,right,1.1748470073506663,weber_violated
82,24,4,right,left,1.5855262402391397,weber_violated
83,24,4,right,right,1.1640739640760875,weber_violated
84,24,4,right,left,1.4407708165120592,weber_violated
85,24,4,right,right,1.9922242670014314,weber_violated
86,24,4,right,right,1.8534194303471214,weber_violated
87,24,4,right,right,1.6927820393668487,weber_violated
88,24,4,right,left,2.2157461195106998,weber_violated
89,24,4,right,right,2.322192505865559,weber_violated
90,24,4,right,left,1.05522883158134,weber_violated
91,24,6,right,left,1.1683895424131852,weber_violated
92,24,6,right,right,1.452604907165337,weber_violated
93,24,6,right,right,3.8081141857070078,weber_violated
94,24,6,right,right,4.223452306315099,weber_violated
95,24,6,right,right,1.5214371690050401,weber_violated
96,24,6,right,right,1.5198794962684197,weber_violated
97,24,6,right,right,1.850626047418591,weber_violated
98,24,6,right,left,1.014529265089719,weber_violated
99,24,6,right,right,8.408043181375827,weber_violated
100,24,6,right,right,1.8373583446702408,weber_violated
101,24,7,right,right,1.7453135858468265,weber_violated
102,24,7,right,right,1.0417919783915355,weber_violated
103,24,7,right,right,2.4214186266132445,weber_violated
104,24,7,right,right,1.4049165461021869,weber_violated
105,24,7,right,right,1.119236574655738,weber_violated
106,24,7,right,right,2.6442078931456083,weber_violated
107,24,7,right,right,1.0687416146604898,weber_violated
108,24,7,right,right,1.0632436257554632,weber_violated
109,24,7,right,right,1.6313351166203869,weber_violated
110,24,7,right,right,0.9078773729936842,weber_violated
111,24,8,right,right,0.9416709097224158,weber_violated
112,24,8,right,right,0.9635026113978937,weber_violated
113,24,8,right,right,0.853550180267721,weber_violated
114,24,8,right,right,1.1686796928988654,weber_violated
115,24,8,right,right,0.8866675654410876,weber_violated
116,24,8,right,right,0.8046317070470619,weber_violated
117,24,8,right,right,0.8874624784985559,weber_violated
118,24,8,right,right,0.8071663826660995,weber_violated
119,24,8,right,right,0.6560785176913507,weber_violated
120,24,8,right,right,0.9647208685335702,weber_violated
1,25,2,left,left,1.0851337925080198,weber_violated
2,25,2,left,left,1.0860879705161428,weber_violated
3,25,2,left,left,0.8808124541055677,weber_violated
4,25,2,left,left,0.7463772002065543,weber_violated
5,25,2,left,left,1.1267153951251265,weber_violated
6,25,2,left,left,0.9357950030622342,weber_violated
7,25,2,left,left,1.209451832665546,weber_violated
8,25,2,left,left,0.9338896254385671,weber_violated
9,25,2,left,left,1.276425380288347,weber_violated
10,25,2,left,left,1.5192135868611771,weber_violated
11,25,3,left,left,1.1427668150445582,weber_violated
12,25,3,left,right,1.1390836605376413,weber_violated
13,25,3,left,left,1.2551233864310034,weber_violated
14,25,3,left,left,0.7613358622081743,weber_violated
15,25,3,left,left,1.4359328957109794,weber_violated
16,25,3,left,left,1.365351488885497,weber_violated
17,25,3,left,left,1.0658589203710263,weber_violated
18,25,3,left,left,1.9189658653201682,weber_violated
19,25,3,left,left,1.156190630039823,weber_violated
20,25,3,left,left,1.1178711417868261,weber_violated
21,25,4,left,left,2.00475145757128,weber_violated
22,25,4,left,left,11.320774746358417,weber_violated
23,25,4,left,right,1.7477766376297552,weber_violated
24,25,4,left,left,1.8181911685060665,weber_violated
25,25,4,left,left,1.6492403662560107,weber_violated
26,25,4,left,left,1.9558219576813323,weber_violated
27,25,4,left,left,1.003898595395776,weber_violated
28,25,4,left,right,2.9186051332248777,weber_violated
29,25,4,left,left,1.1432133303887007,weber_violated
30,25,4,left,left,1.379978041056612,weber_violated
31,25,6,left,left,2.5668164936297435,weber_violated
32,25,6,left,left,2.138616396161853,weber_violated
33,25,6,left,left,1.689189613200142,weber_violated
34,25,6,left,left,1.665191556690734,weber_violated
35,25,6,left,right,1.1790402293406137,weber_violated
36,25,6,left,left,1.409223486927695,weber_violated
37,25,6,left,left,0.9122859587908829,weber_violated
38,25,6,left,right,1.4879913871225752,weber_violated
39,25,6,left,left,1.210731554790624,weber_violated
40,25,6,left,left,2.7057665376679902,weber_violated
41,25,7,left,left,1.00539983245977,weber_violated
42,25,7,left,left,1.4460182829420638,weber_violated
43,25,7,left,left,1.0801063942135007,weber_violated
44,25,7,left,left,2.347544493665627,weber_violated
45,25,7,left,left,0.8418994641912996,weber_violated
46,25,7,left,right,1.7367620502425307,weber_violated
47,25,7,left,left,0.9019735186434419,weber_violated
48,25,7,left,left,1.2753404354819218,weber_violated
49,25,7,left,left,1.426972011766356,weber_violated
50,25,7,left,left,1.6528986124045522,weber_violated
51,25,8,left,left,0.9933150041601002,weber_violated
52,25,8,left,left,0.8807798083051643,weber_violated
53,25,8,left,left,0.9279430335572387,weber_violated
54,25,8,left,left,1.0871776661908577,weber_violated
55,25,8,left,left,1.5089602835956706,weber_violated
56,25,8,left,left,0.7651278738171219,weber_violated
57,25,8,left,left,0.894876012455138,weber_violated
58,25,8,left,left,1.0328336704543586,weber_violated
59,25,8,left,left,0.9143125668838372,weber_violated
60,25,8,left,left,0.7068804082557267,weber_violated
61,25,2,right,right,0.8695939122115228,weber_violated
62,25,2,right,right,0.7035089333907754,weber_violated
63,25,2,right,right,0.8601162467683137,weber_violated
64,25,2,right,right,1.042509009301035,weber_violated
65,25,2,right,right,0.8030841631063488,weber_violated
66,25,2,right,right,0.9255304843278152,weber_violated
67,25,2,right,right,0.9274761763677013,weber_violated
68,25,2,right,right,0.8136846354862459,weber_violated
69,25,2,right,right,0.7156230294712251,weber_violated
70,25,2,right,right,0.7135459273090543,weber_violated
71,25,3,right,right,1.0462932715196573,weber_violated
72,25,3,right,right,1.386811812696917,weber_violated
73,25,3,right,right,2.1002082967248685,weber_violated
74,25,3,right,right,1.2913437938325776,weber_violated
75,25,3,right,right,1.272047114221891,weber_violated
76,25,3,right,right,1.367317982140888,weber_violated
77,25,3,right,right,1.0205108503288938,weber_violated
78,25,3,right,right,0.9419488055443699,weber_violated
79,25,3,right,right,2.343833542724815,weber_violated
80,25,3,right,right,1.348103916370776,weber_violated
81,25,4,right,right,1.1003697199244749,weber_violated
82,25,4,right,right,1.0786175576461925,weber_violated
83,25,4,right,right,1.4927068331754998,weber_violated
84,25,4,right,left,2.0332087541705253,weber_violated
85,25,4,right,right,1.195765997921796,weber_violated
86,25,4,right,right,1.540747478129145,weber_violated
87,25,4,right,right,1.0289503076388986,weber_violated
88,25,4,right,right,1.2418867461684957,weber_violated
89,25,4,right,right,1.5557638556405395,weber_violated
90,25,4,right,left,1.7047831306300507,weber_violated
91,25,6,right,left,1.6481708840279938,weber_violated
92,25,6,right,right,1.3269905038356946,weber_violated
93,25,6,right,right,1.362485294924221,weber_violated
94,25,6,right,right,1.3788584604868674,weber_violated
95,25,6,right,right,1.50732542410611,weber_violated
96,25,6,right,right,1.589199339436146,weber_violated
97,25,6,right,right,2.45746529267089,weber_violated
98,25,6,right,right,2.116192438257331,weber_violated
99,25,6,right,right,1.5681874190024354,weber_violated
100,25,6,right,right,2.332377638497225,weber_violated
101,25,7,right,right,1.2820799977814488,weber_violated
102,25,7,right,right,1.2428882766536637,weber_violated
103,25,7,right,right,0.9799250045998691,weber_violated
104,25,7,right,right,0.7383590335073282,weber_violated
105,25,7,right,right,1.3510560139684173,weber_violated
106,25,7,right,right,1.2342396182164452,weber_violated
107,25,7,right,right,1.503891269791704,weber_violated
108,25,7,right,right,1.1059714094973518,weber_violated
109,25,7,right,right,1.2022916956269287,weber_violated
110,25,7,right,right,0.9474406673568003,weber_violated
111,25,8,right,right,0.827814586863425,weber_violated
112,25,8,right,right,1.068590210380324,weber_violated
113,25,8,right,right,1.021269930669923,weber_violated
114,25,8,right,right,0.657744308240716,weber_violated
115,25,8,right,right,0.7413736592417506,weber_violated
116,25,8,right,right,1.3046716560638418,weber_violated
117,25,8,right,right,0.8848111467929236,weber_violated
118,25,8,right,right,0.9457320715316555,weber_violated
119,25,8,right,right,0.6710037457280413,weber_violated
120,25,8,right,right,0.7567744273050794,weber_violated
1,26,2,left,left,0.8694396268410998,weber_violated
2,26,2,left,left,1.3247703054668374,weber_violated
3,26,2,left,left,1.3221957095283479,weber_violated
4,26,2,left,left,1.2002212500578309,weber_violated
5,26,2,left,left,0.9700373269061631,weber_violated
6,26,2,left,left,0.8776844171929004,weber_violated
7,26,2,left,left,0.787256304391224,weber_violated
8,26,2,left,right,1.1526469735755347,weber_violated
9,26,2,left,left,0.8176606276392147,weber_violated
10,26,2,left,left,0.8969687061191944,weber_violated
11,26,3,left,left,0.9791684198422745,weber_violated
12,26,3,left,left,0.9352470632790333,weber_violated
13,26,3,left,left,1.2700118668303524,weber_violated
14,26,3,left,left,1.2480056316507508,weber_violated
15,26,3,left,left,1.2527729603321887,weber_violated
16,26,3,left,left,1.3242131384593872,weber_violated
17,26,3,left,left,0.9541659191619141,weber_violated
18,26,3,left,left,1.010999594955986,weber_violated
19,26,3,left,left,1.234862553285324,weber_violated
20,26,3,left,left,1.1695924702709484,weber_violated
21,26,4,left,left,1.754461891885055,weber_violated
22,26,4,left,left,1.5952594740504604,weber_violated
23,26,4,left,right,3.4206415660974865,weber_violated
24,26,4,left,left,1.1987673894818125,weber_violated
25,26,4,left,left,1.5399919404256803,weber_violated
26,26,4,left,left,1.5498894601807598,weber_violated
27,26,4,left,right,3.780675158394109,weber_violated
28,26,4,left,left,1.7883830492046915,weber_violated
29,26,4,left,left,1.5561756056291889,weber_violated
30,26,4,left,right,4.13411133737297,weber_violated
31,26,6,left,left,2.0034068503661357,weber_violated
32,26,6,left,left,1.084242015056481,weber_violated
33,26,6,left,left,2.6148373210472484,weber_violated
34,26,6,left,right,1.9607368165938912,weber_violated
35,26,6,left,left,1.2440319443252423,weber_violated
36,26,6,left,left,2.0614462289644577,weber_violated
37,26,6,left,left,1.664782748063061,weber_violated
38,26,6,left,left,2.1882706318758354,weber_violated
39,26,6,left,left,1.030456125379736,weber_violated
40,26,6,left,right,1.416722933613765,weber_violated
41,26,7,left,left,1.4882539282494325,weber_violated
42,26,7,left,left,0.9499186700152236,weber_violated
43,26,7,left,left,1.429776139027321,weber_violated
44,26,7,left,left,1.1475368646783048,weber_violated
45,26,7,left,left,1.149562196675934,weber_violated
46,26,7,left,left,0.8508033853211181,weber_violated
47,26,7,left,left,1.047836556393124,weber_violated
48,26,7,left,left,1.077525910345901,weber_violated
49,26,7,left,left,1.1719581753680297,weber_violated
50,26,7,left,left,1.1603424605078827,weber_violated
51,26,8,left,left,1.4271674512367492,weber_violated
52,26,8,left,left,0.8631318770059864,weber_violated
53,26,8,left,left,0.982972153815167,weber_violated
54,26,8,left,left,0.9453931631967216,weber_violated
55,26,8,left,left,0.8406271025619665,weber_violated
56,26,8,left,left,0.9893603014867545,weber_violated
57,26,8,left,left,1.0844406101872017,weber_violated
58,26,8,left,left,0.8383311270199554,weber_violated
59,26,8,left,left,1.2524620323377176,weber_violated
60,26,8,left,left,0.8816235466958957,weber_violated
61,26,2,right,right,1.0226167433811963,weber_violated
62,26,2,right,right,0.8601420570244547,weber_violated
63,26,2,right,right,1.0418757535726058,weber_violated
64,26,2,right,right,1.1439776925447673,weber_violated
65,26,2,right,right,0.8404018162067719,weber_violated
66,26,2,right,right,0.815044019989323,weber_violated
67,26,2,right,right,0.9305231248673871,weber_violated
68,26,2,right,right,0.9005514704693061,weber_violated
69,26,2,right,right,1.280737015680659,weber_violated
70,26,2,right,right,1.0816957258132662,weber_violated
71,26,3,right,left,1.6764353129732619,weber_violated
72,26,3,right,right,0.9858946921634166,weber_violated
73,26,3,right,right,0.8972886155794055,weber_violated
74,26,3,right,right,0.9432666240034626,weber_violated
75,26,3,right,right,1.2295936033302128,weber_violated
76,26,3,right,right,0.9254376213076017,weber_violated
77,26,3,right,right,1.2614113569112366,weber_violated
78,26,3,right,right,1.8988840869864438,weber_violated
79,26,3,right,right,1.3699956483874478,weber_violated
80,26,3,right,right,1.7851420177916353,weber_violated
81,26,4,right,left,1.6523306821609063,weber_violated
82,26,4,right,right,1.2254479184124447,weber_violated
83,26,4,right,left,1.2121723672632856,weber_violated
84,26,4,right,right,1.091079126327242,weber_violated
85,26,4,right,left,1.9936163675696559,weber_violated
86,26,4,right,right,1.783247941906399,weber_violated
87,26,4,right,left,1.0630351322432927,weber_violated
88,26,4,right,right,1.98911889189994,weber_violated
89,26,4,right,right,1.741254665357373,weber_violated
90,26,4,right,right,1.8310336266887193,weber_violated
91,26,6,right,right,1.8099600827537385,weber_violated
92,26,6,right,right,1.2112481041132,weber_violated
93,26,6,right,left,2.2782754971199752,weber_violated
94,26,6,right,left,1.637774553801194,weber_violated
95,26,6,right,right,1.6616721436269581,weber_violated
96,26,6,right,right,2.0604691559915165,weber_violated
97,26,6,right,right,1.614119141475235,weber_violated
98,26,6,right,right,1.628965514760733,weber_violated
99,26,6,right,left,1.7150282281273497,weber_violated
100,26,6,right,right,1.2706849698928169,weber_violated
101,26,7,right,right,1.9762435805311633,weber_violated
102,26,7,right,right,1.2564638985478465,weber_violated
103,26,7,right,left,1.476661801218887,weber_violated
104,26,7,right,right,1.2419480452465144,weber_violated
105,26,7,right,right,1.9577813719860864,weber_violated
106,26,7,right,right,1.128056375634198,weber_violated
107,26,7,right,right,1.629984864501347,weber_violated
108,26,7,right,right,1.2043930860770626,weber_violated
109,26,7,right,right,1.3324647526530138,weber_violated
110,26,7,right,right,1.1894158265128283,weber_violated
111,26,8,right,right,0.9892649342182587,weber_violated
112,26,8,right,right,1.0082350000420903,weber_violated
113,26,8,right,right,1.2594777157201564,weber_violated
114,26,8,right,right,0.9462301393853207,weber_violated
115,26,8,right,right,0.8323017865752298,weber_violated
116,26,8,right,right,0.8323548728571852,weber_violated
117,26,8,right,right,0.6731703215336147,weber_violated
118,26,8,right,right,0.7522820163094377,weber_violated
119,26,8,right,right,0.6717975513706382,weber_violated
120,26,8,right,right,1.108375834604681,weber_violated
1,27,2,left,left,0.8631076673164435,weber_violated
2,27,2,left,left,0.9346592123640451,weber_violated
3,27,2,left,left,0.8074001666518458,weber_violated
4,27,2,left,left,1.290038374768878,weber_violated
5,27,2,left,left,1.032526102242652,weber_violated
6,27,2,left,left,0.9544546608800313,weber_violated
7,27,2,left,left,1.1094102693406787,weber_violated
8,27,2,left,left,0.7403705886895293,weber_violated
9,27,2,left,left,1.02718234483602,weber_violated
10,27,2,left,left,1.1542177309760364,weber_violated
11,27,3,left,right,1.4353718579936714,weber_violated
12,27,3,left,left,0.9993255854502023,weber_violated
13,27,3,left,left,1.278142813895451,weber_violated
14,27,3,left,left,0.9489507129019199,weber_violated
15,27,3,left,left,0.9025028952082732,weber_violated
16,27,3,left,left,0.8915972057282784,weber_violated
17,27,3,left,left,1.048900670402917,weber_violated
18,27,3,left,left,1.053941460138167,weber_violated
19,27,3,left,left,1.2888548663161672,weber_violated
20,27,3,left,right,1.3893363607521803,weber_violated
21,27,4,left,left,1.2294026458947516,weber_violated
22,27,4,left,left,2.7989814966778495,weber_violated
23,27,4,left,left,2.051468643066055,weber_violated
24,27,4,left,left,1.0685536189894593,weber_violated
25,27,4,left,right,1.9725688215645116,weber_violated
26,27,4,left,left,1.938449557225592,weber_violated
27,27,4,left,left,3.876606314936595,weber_violated
28,27,4,left,left,1.911606577441375,weber_violated
29,27,4,left,right,1.6368669593539296,weber_violated
30,27,4,left,right,1.5900237949699154,weber_violated
31,27,6,left,right,1.7771442296271693,weber_violated
32,27,6,left,right,2.178559623932616,weber_violated
33,27,6,left,right,2.9045943859062295,weber_violated
34,27,6,left,left,1.441765825730454,weber_violated
35,27,6,left,right,2.3053919765563284,weber_violated
36,27,6,left,left,1.2327473921029772,weber_violated
37,27,6,left,left,5.515097452888815,weber_violated
38,27,6,left,right,2.2693198933526983,weber_violated
39,27,6,left,left,1.2561953291710977,weber_violated
40,27,6,left,left,1.9845814014602519,weber_violated
41,27,7,left,left,1.0881057658708726,weber_violated
42,27,7,left,left,1.3112375045921947,weber_violated
43,27,7,left,left,0.9546535804722787,weber_violated
44,27,7,left,left,1.7456949467276672,weber_violated
45,27,7,left,left,1.0559548213558982,weber_violated
46,27,7,left,left,1.1167805365873025,weber_violated
47,27,7,left,left,0.8261533196019477,weber_violated
48,27,7,left,right,1.4497514461165832,weber_violated
49,27,7,left,left,1.506979067527874,weber_violated
50,27,7,left,left,0.9729430832180828,weber_violated
51,27,8,left,left,0.8523448701422243,weber_violated
52,27,8,left,left,1.0962939619997034,weber_violated
53,27,8,left,left,1.7157511706914208,weber_violated
54,27,8,left,left,0.9280929242402309,weber_violated
55,27,8,left,left,1.1737816850007459,weber_violated
56,27,8,left,left,1.0094864118320883,weber_violated
57,27,8,left,left,0.8366863590960514,weber_violated
58,27,8,left,left,1.0861670955421014,weber_violated
59,27,8,left,left,0.7900120614411787,weber_violated
60,27,8,left,left,0.9967855385921316,weber_violated
61,27,2,right,right,0.8408763763325555,weber_violated
62,27,2,right,right,0.7631789162683793,weber_violated
63,27,2,right,right,0.7054887192062078,weber_violated
64,27,2,right,right,0.7916072178274596,weber_violated
65,27,2,right,right,1.0601388138248593,weber_violated
66,27,2,right,right,0.837354250097291,weber_violated
67,27,2,right,right,0.9313034223170025,weber_violated
68,27,2,right,right,0.7421041198900027,weber_violated
69,27,2,right,right,1.3217842687835555,weber_violated
70,27,2,right,right,0.9369049042540307,weber_violated
71,27,3,right,right,0.9143534295787468,weber_violated
72,27,3,right,left,2.491843584384382,weber_violated
73,27,3,right,right,0.8025370169978026,weber_violated
74,27,3,right,right,0.9372765733446105,weber_violated
75,27,3,right,left,1.7360959237705904,weber_violated
76,27,3,right,right,1.1872411478378546,weber_violated
77,27,3,right,right,1.5808633576378548,weber_violated
78,27,3,right,right,0.9614731850925129,weber_violated
79,27,3,right,right,0.956171289982231,weber_violated
80,27,3,right,right,0.9381366081408071,weber_violated
81,27,4,right,right,1.2096076245933547,weber_violated
82,27,4,right,right,1.3371291569236128,weber_violated
83,27,4,right,right,1.6242687645268912,weber_violated
84,27,4,right,left,1.6435690867763997,weber_violated
85,27,4,right,right,1.4606970480703312,weber_violated
86,27,4,right,right,1.809126436942821,weber_violated
87,27,4,right,right,1.7930640769657402,weber_violated
88,27,4,right,right,1.5953983317713647,weber_violated
89,27,4,right,left,1.7668746290927118,weber_violated
90,27,4,right,right,1.6149979108478112,weber_violated
91,27,6,right,right,3.4882538657500586,weber_violated
92,27,6,right,right,1.304942345642041,weber_violated
93,27,6,right,right,1.7806163820811092,weber_violated
94,27,6,right,left,1.172044564461109,weber_violated
95,27,6,right,right,1.6666489696159417,weber_violated
96,27,6,right,right,3.0253218694513624,weber_violated
97,27,6,right,right,1.4007540203449045,weber_violated
98,27,6,right,right,2.6907907306456247,weber_violated
99,27,6,right,right,1.241335319884245,weber_violated
100,27,6,right,right,1.6024092992889933,weber_violated
101,27,7,right,right,0.970341328160639,weber_violated
102,27,7,right,right,1.057337114216154,weber_violated
103,27,7,right,right,0.7548464154915344,weber_violated
104,27,7,right,right,1.4381765238737032,weber_violated
105,27,7,right,right,1.5915726452780548,weber_violated
106,27,7,right,right,1.9119719099742294,weber_violated
107,27,7,right,right,0.9521118339135277,weber_violated
108,27,7,right,right,1.1728903561176836,weber_violated
109,27,7,right,right,1.057827201884793,weber_violated
110,27,7,right,right,0.8237174594149355,weber_violated
111,27,8,right,right,0.9521413165291011,weber_violated
112,27,8,right,right,0.8024741631553567,weber_violated
113,27,8,right,right,0.9192386299178499,weber_violated
114,27,8,right,right,0.9707774239756211,weber_violated
115,27,8,right,right,0.6306739173745977,weber_violated
116,27,8,right,right,0.9101021268547198,weber_violated
117,27,8,right,right,1.0001114441430632,weber_violated
118,27,8,right,right,0.8961568157236495,weber_violated
119,27,8,right,right,1.0222934288860381,weber_violated
120,27,8,right,right,1.0528823942111276,weber_violated
1,28,2,left,left,0.8929915513036357,weber_violated
2,28,2,left,left,0.9558688745153401,weber_violated
3,28,2,left,left,0.889690671282019,weber_violated
4,28,2,left,left,0.6991274513981466,weber_violated
5,28,2,left,left,1.063286449226235,weber_violated
6,28,2,left,left,0.7429518053596955,weber_violated
7,28,2,left,left,0.9120546148473949,weber_violated
8,28,2,left,left,0.9081581070670732,weber_violated
9,28,2,left,left,1.08657543002798,weber_violated
10,28,2,left,left,1.0278027781270183,weber_violated
11,28,3,left,left,1.5476438657168872,weber_violated
12,28,3,left,left,1.0129159801166012,weber_violated
13,28,3,left,left,1.2640476397227975,weber_violated
14,28,3,left,left,1.3385212642938793,weber_violated
15,28,3,left,left,1.242914579386247,weber_violated
16,28,3,left,left,1.2356430317177474,weber_violated
17,28,3,left,left,1.814708698377982,weber_violated
18,28,3,left,left,2.1819953963581873,weber_violated
19,28,3,left,left,1.1274922049312914,weber_violated
20,28,3,left,left,0.9509618993502924,weber_violated
21,28,4,left,left,1.7639230399695305,weber_violated
22,28,4,left,right,1.215105966830465,weber_violated
23,28,4,left,left,1.2325783591029043,weber_violated
24,28,4,left,left,1.7645430354426648,weber_violated
25,28,4,left,left,4.11020389131758,weber_violated
26,28,4,left,left,3.5489579338919324,weber_violated
27,28,4,left,left,2.2044952463572915,weber_violated
28,28,4,left,right,1.6635285500455848,weber_violated
29,28,4,left,left,1.873451610538454,weber_violated
30,28,4,left,left,0.7786855304412896,weber_violated
31,28,6,left,left,2.12335240640603,weber_violated
32,28,6,left,left,1.1629736137163307,weber_violated
33,28,6,left,right,1.682756085481636,weber_violated
34,28,6,left,left,1.9107604904201643,weber_violated
35,28,6,left,left,1.3248507201266078,weber_violated
36,28,6,left,left,2.114384235379265,weber_violated
37,28,6,left,left,1.0819091142771071,weber_violated
38,28,6,left,left,1.612971660209881,weber_violated
39,28,6,left,left,1.2286992309738598,weber_violated
40,28,6,left,left,3.0202398577281606,weber_violated
41,28,7,left,left,1.1698587864716248,weber_violated
42,28,7,left,left,1.4467462648358567,weber_violated
43,28,7,left,left,2.1142133898159194,weber_violated
44,28,7,left,left,1.1388868832688275,weber_violated
45,28,7,left,left,1.3805749068348927,weber_violated
46,28,7,left,left,1.4415259585285731,weber_violated
47,28,7,left,left,2.51623398846079,weber_violated
48,28,7,left,left,1.1724617880329447,weber_violated
49,28,7,left,left,1.2309339929030616,weber_violated
50,28,7,left,left,0.9782653180388707,weber_violated
51,28,8,left,left,0.8963622050608162,weber_violated
52,28,8,left,left,0.860386730612825,weber_violated
53,28,8,left,left,1.5240700771430247,weber_violated
54,28,8,left,left,0.840330754113388,weber_violated
55,28,8,left,left,0.8521846809783178,weber_violated
56,28,8,left,left,0.8034994444075425,weber_violated
57,28,8,left,left,0.8899527686760742,weber_violated
58,28,8,left,left,0.8197844459718764,weber_violated
59,28,8,left,left,0.743779524486885,weber_violated
60,28,8,left,left,0.8964349969729892,weber_violated
61,28,2,right,right,1.0911356873038962,weber_violated
62,28,2,right,right,0.9581276599646662,weber_violated
63,28,2,right,right,0.7552959492823856,weber_violated
64,28,2,right,right,0.8927128030711984,weber_violated
65,28,2,right,right,0.8472674814638728,weber_violated
66,28,2,right,right,0.9276280945638611,weber_violated
67,28,2,right,right,0.8608137013243051,weber_violated
68,28,2,right,right,1.0028374533151176,weber_violated
69,28,2,right,right,0.983229820968738,weber_violated
70,28,2,right,right,1.2296072963581341,weber_violated
71,28,3,right,right,1.2962860214848744,weber_violated
72,28,3,right,right,1.4856485719203247,weber_violated
73,28,3,right,left,2.1089817095746866,weber_violated
74,28,3,right,right,1.2810311101672749,weber_violated
75,28,3,right,right,1.1810901996091991,weber_violated
76,28,3,right,right,1.2950890191305837,weber_violated
77,28,3,right,right,1.2576908760655805,weber_violated
78,28,3,right,right,1.991601412212127,weber_violated
79,28,3,right,right,0.7381700109285811,weber_violated
80,28,3,right,right,1.0406378314182863,weber_violated
81,28,4,right,left,2.772198672704102,weber_violated
82,28,4,right,left,1.487254745025171,weber_violated
83,28,4,right,left,1.9823834863417578,weber_violated
84,28,4,right,right,1.9213590008565895,weber_violated
85,28,4,right,right,1.3745544637611573,weber_violated
86,28,4,right,right,4.803325262369108,weber_violated
87,28,4,right,right,1.2480659685194777,weber_violated
88,28,4,right,left,2.9043521669678922,weber_violated
89,28,4,right,left,4.039998635516803,weber_violated
90,28,4,right,left,1.565887462674591,weber_violated
91,28,6,right,right,1.877873482635343,weber_violated
92,28,6,right,right,1.0454574785595452,weber_violated
93,28,6,right,right,1.207079012669466,weber_violated
94,28,6,right,right,1.676234991300432,weber_violated
95,28,6,right,right,1.0664238085549294,weber_violated
96,28,6,right,right,1.2777122506017755,weber_violated
97,28,6,right,right,1.9517563368687199,weber_violated
98,28,6,right,right,2.3911455081266957,weber_violated
99,28,6,right,right,1.5362560016274587,weber_violated
100,28,6,right,right,2.1807315272641667,weber_violated
101,28,7,right,right,1.1356177280972095,weber_violated
102,28,7,right,right,1.0119424579014613,weber_violated
103,28,7,right,right,1.7270829738132818,weber_violated
104,28,7,right,right,0.9559204557560015,weber_violated
105,28,7,right,right,0.9379946756460595,weber_violated
106,28,7,right,right,1.034397190254347,weber_violated
107,28,7,right,right,1.609668059645089,weber_violated
108,28,7,right,right,1.1820602955276218,weber_violated
109,28,7,right,right,1.2104930574386394,weber_violated
110,28,7,right,right,0.9054548005738667,weber_violated
111,28,8,right,right,1.2415413763922691,weber_violated
112,28,8,right,right,1.3687343480632919,weber_violated
113,28,8,right,right,0.8227939637434998,weber_violated
114,28,8,right,right,0.937090859760382,weber_violated
115,28,8,right,right,1.194840533106584,weber_violated
116,28,8,right,right,0.8410173276491306,weber_violated
117,28,8,right,right,0.8647387030483322,weber_violated
118,28,8,right,right,1.1331412406963415,weber_violated
119,28,8,right,right,0.9039952126986359,weber_violated
120,28,8,right,right,0.9397978013012307,weber_violated
1,29,2,left,left,0.783578015191329,weber_violated
2,29,2,left,left,0.8728735095742002,weber_violated
3,29,2,left,left,0.7659236607414694,weber_violated
4,29,2,left,left,0.8625433890963627,weber_violated
5,29,2,left,left,1.132343222281692,weber_violated
6,29,2,left,left,0.7987164135335103,weber_violated
7,29,2,left,left,0.9704132018995077,weber_violated
8,29,2,left,left,0.7686843250411919,weber_violated
9,29,2,left,left,0.7570056760815744,weber_violated
10,29,2,left,left,0.9969795245540165,weber_violated
11,29,3,left,right,1.3616687221162187,weber_violated
12,29,3,left,right,1.7184339948949028,weber_violated
13,29,3,left,left,1.5162314006119901,weber_violated
14,29,3,left,left,0.8955841300862932,weber_violated
15,29,3,left,left,1.5924194230304247,weber_violated
16,29,3,left,left,1.2078408788003092,weber_violated
17,29,3,left,right,1.0949796018491165,weber_violated
18,29,3,left,left,1.0553356701072625,weber_violated
19,29,3,left,left,2.1205061423679545,weber_violated
20,29,3,left,left,1.3702573188374993,weber_violated
21,29,4,left,left,1.3655051864221506,weber_violated
22,29,4,left,left,1.4491051871102538,weber_violated
23,29,4,left,left,3.98546837651232,weber_violated
24,29,4,left,left,1.4365138236548152,weber_violated
25,29,4,left,right,1.5070097381511607,weber_violated
26,29,4,left,left,2.6965508064587724,weber_violated
27,29,4,left,right,1.7373314022020367,weber_violated
28,29,4,left,left,1.8708383848494905,weber_violated
29,29,4,left,right,2.366927917544043,weber_violated
30,29,4,left,left,2.2673857552436982,weber_violated
31,29,6,left,left,1.6821058227163246,weber_violated
32,29,6,left,left,1.5453568484422542,weber_violated
33,29,6,left,left,2.213998516144169,weber_violated
34,29,6,left,left,1.6298107922700356,weber_violated
35,29,6,left,left,1.4833194921747823,weber_violated
36,29,6,left,left,2.5304025627948383,weber_violated
37,29,6,left,left,8.3668305419802,weber_violated
38,29,6,left,left,6.425022050379042,weber_violated
39,29,6,left,left,1.9325957198649801,weber_violated
40,29,6,left,left,2.2815459751657734,weber_violated
41,29,7,left,left,1.225696362380272,weber_violated
42,29,7,left,left,1.2810546399986025,weber_violated
43,29,7,left,left,1.7356889319696365,weber_violated
44,29,7,left,left,1.3373862380686392,weber_violated
45,29,7,left,left,1.1975529026242835,weber_violated
46,29,7,left,left,0.9302254686442757,weber_violated
47,29,7,left,left,0.9135495967532614,weber_violated
48,29,7,left,left,1.5149554288782328,weber_violated
49,29,7,left,left,1.084685298882864,weber_violated
50,29,7,left,left,1.2274905037530859,weber_violated
51,29,8,left,left,0.6619385117164346,weber_violated
52,29,8,left,left,1.0712010780702295,weber_violated
53,29,8,left,left,1.0560121620609855,weber_violated
54,29,8,left,left,0.9655712285239542,weber_violated
55,29,8,left,left,1.1268477938782582,weber_violated
56,29,8,left,left,0.8890549159921051,weber_violated
57,29,8,left,left,0.7428801319347011,weber_violated
58,29,8,left,left,1.1115611721189413,weber_violated
59,29,8,left,left,0.67071872385978,weber_violated
60,29,8,left,left,0.9172770889916442,weber_violated
61,29,2,right,right,0.7118545738961282,weber_violated
62,29,2,right,left,1.0624218164687904,weber_violated
63,29,2,right,right,1.0108829681024147,weber_violated
64,29,2,right,right,0.9582470901989117,weber_violated
65,29,2,right,right,0.8790523874696226,weber_violated
66,29,2,right,right,0.9034620582429183,weber_violated
67,29,2,right,right,1.8825869627080896,weber_violated
68,29,2,right,right,1.0433610944635916,weber_violated
69,29,2,right,right,0.9442022243633497,weber_violated
70,29,2,right,right,0.8785364234412949,weber_violated
71,29,3,right,right,1.004398996871069,weber_violated
72,29,3,right,right,1.1808598609869332,weber_violated
73,29,3,right,right,0.8310585296023669,weber_violated
74,29,3,right,right,1.4984561918118111,weber_violated
75,29,3,right,right,1.054632422323927,weber_violated
76,29,3,right,right,1.198185308220694,weber_violated
77,29,3,right,right,1.4480123491827372,weber_violated
78,29,3,right,right,1.6736395769291417,weber_violated
79,29,3,right,right,1.0753664059973642,weber_violated
80,29,3,right,right,1.3414227204033862,weber_violated
81,29,4,right,left,1.5246409252930677,weber_violated
82,29,4,right,left,2.2442598829403346,weber_violated
83,29,4,right,right,4.115242741943354,weber_violated
84,29,4,right,left,2.9073268765497784,weber_violated
85,29,4,right,left,1.8041242809496036,weber_violated
86,29,4,right,right,3.3294904749863923,weber_violated
87,29,4,right,left,3.0070728430837117,weber_violated
88,29,4,right,right,1.4390941741873318,weber_violated
89,29,4,right,left,1.22225490802146,weber_violated
90,29,4,right,left,1.3562112349410276,weber_violated
91,29,6,right,left,1.5687826187807743,weber_violated
92,29,6,right,right,1.2839553498783536,weber_violated
93,29,6,right,right,2.364023319284897,weber_violated
94,29,6,right,right,2.0956111875767087,weber_violated
95,29,6,right,right,1.7998572784280025,weber_violated
96,29,6,right,right,1.2865194062921068,weber_violated
97,29,6,right,right,1.59602537049991,weber_violated
98,29,6,right,right,1.4096572538883758,weber_violated
99,29,6,right,right,1.6069379619116502,weber_violated
100,29,6,right,right,2.6777965904720613,weber_violated
101,29,7,right,right,1.048782315704491,weber_violated
102,29,7,right,right,0.8068267207751145,weber_violated
103,29,7,right,right,1.1482390942189282,weber_violated
104,29,7,right,right,0.8499485041028441,weber_violated
105,29,7,right,right,0.9204555450832572,weber_violated
106,29,7,right,right,1.3465963997547459,weber_violated
107,29,7,right,right,1.2324080264698405,weber_violated
108,29,7,right,right,1.2403648768631195,weber_violated
109,29,7,right,right,1.055843798830858,weber_violated
110,29,7,right,right,1.4980617529533273,weber_violated
111,29,8,right,right,0.5954879932255333,weber_violated
112,29,8,right,right,1.0345751474560008,weber_violated
113,29,8,right,right,0.7577184920259377,weber_violated
114,29,8,right,right,1.1908430154498995,weber_violated
115,29,8,right,right,1.120971382834833,weber_violated
116,29,8,right,right,2.2220199108637906,weber_violated
117,29,8,right,right,1.022645650359675,weber_violated
118,29,8,right,right,0.6944721448126991,weber_violated
119,29,8,right,right,0.9233555372423781,weber_violated
120,29,8,right,right,0.9352041379073053,weber_violated
1,30,2,left,left,1.0144791088659086,weber_violated
2,30,2,left,left,1.1776054623941685,weber_violated
3,30,2,left,left,0.964882249238237,weber_violated
4,30,2,left,left,0.8462215967932223,weber_violated
5,30,2,left,left,1.0337779855149207,weber_violated
6,30,2,left,left,1.0734028342463493,weber_violated
7,30,2,left,left,0.9736051821294383,weber_violated
8,30,2,left,left,1.0065303129384464,weber_violated
9,30,2,left,left,1.4869198811748274,weber_violated
10,30,2,left,left,0.7150743529364278,weber_violated
11,30,3,left,left,1.1294672609125007,weber_violated
12,30,3,left,left,1.0295833537892003,weber_violated
13,30,3,left,left,1.0377649599350622,weber_violated
14,30,3,left,right,1.40989150673269,weber_violated
15,30,3,left,left,1.4889474615464129,weber_violated
16,30,3,left,left,1.5407358104945186,weber_violated
17,30,3,left,left,1.074055372046393,weber_violated
18,30,3,left,left,0.949264147821097,weber_violated
19,30,3,left,left,1.1445317183816528,weber_violated
20,30,3,left,left,1.5053584031560403,weber_violated
21,30,4,left,left,1.8662520260955628,weber_violated
22,30,4,left,left,4.254336032416355,weber_violated
23,30,4,left,left,1.9192678741257114,weber_violated
24,30,4,left,left,1.1337237406461549,weber_violated
25,30,4,left,left,2.0549221500407353,weber_violated
26,30,4,left,left,2.2795822104436807,weber_violated
27,30,4,left,left,0.9080427001251403,weber_violated
28,30,4,left,right,2.4721275687163007,weber_violated
29,30,4,left,left,5.323509556317537,weber_violated
30,30,4,left,left,1.3815861232895805,weber_violated
31,30,6,left,left,1.3677224827871377,weber_violated
32,30,6,left,left,1.327978250686453,weber_violated
33,30,6,left,left,2.2992962971871442,weber_violated
34,30,6,left,right,1.2168875224559643,weber_violated
35,30,6,left,right,1.9882412141504897,weber_violated
36,30,6,left,left,2.814668708266574,weber_violated
37,30,6,left,right,1.7171928270954437,weber_violated
38,30,6,left,left,1.3236753499345115,weber_violated
39,30,6,left,left,1.4970615320521408,weber_violated
40,30,6,left,left,1.6420908011627455,weber_violated
41,30,7,left,left,1.3367083501799946,weber_violated
42,30,7,left,left,0.9667423384702629,weber_violated
43,30,7,left,left,1.1593043818067557,weber_violated
44,30,7,left,left,1.7593050705606046,weber_violated
45,30,7,left,left,1.5688640856644858,weber_violated
46,30,7,left,left,1.369927200317906,weber_violated
47,30,7,left,left,1.4104678991478647,weber_violated
48,30,7,left,left,3.28710121256529,weber_violated
49,30,7,left,left,1.2536284477310258,weber_violated
50,30,7,left,left,0.9920935344606809,weber_violated
51,30,8,left,left,0.6658721004246022,weber_violated
52,30,8,left,left,0.9672805897186987,weber_violated
53,30,8,left,left,0.9464317149728296,weber_violated
54,30,8,left,left,0.8000160895655353,weber_violated
55,30,8,left,left,0.6085373840357966,weber_violated
56,30,8,left,left,0.7605491877440045,weber_violated
57,30,8,left,left,1.0328258968474275,weber_violated
58,30,8,left,right,1.9125578542247503,weber_violated
59,30,8,left,left,1.0025415670694457,weber_violated
60,30,8,left,left,0.8043971196457662,weber_violated
61,30,2,right,right,0.7863522158048353,weber_violated
62,30,2,right,right,0.7692614537134255,weber_violated
63,30,2,right,right,0.7934075499523865,weber_violated
64,30,2,right,right,0.8370944840540695,weber_violated
65,30,2,right,right,0.9278340664602143,weber_violated
66,30,2,right,right,0.9759702915536699,weber_violated
67,30,2,right,right,0.9943029850291141,weber_violated
68,30,2,right,right,0.9217221043033714,weber_violated
69,30,2,right,right,1.2121306636331235,weber_violated
70,30,2,right,right,0.7323298537356218,weber_violated
71,30,3,right,right,0.8431386981354883,weber_violated
72,30,3,right,right,1.5501330858229256,weber_violated
73,30,3,right,right,0.9728515688413084,weber_violated
74,30,3,right,right,2.0087845681048173,weber_violated
75,30,3,right,right,1.5293206326980608,weber_violated
76,30,3,right,right,1.221883771004293,weber_violated
77,30,3,right,right,0.9041397043456794,weber_violated
78,30,3,right,right,1.0336323652360553,weber_violated
79,30,3,right,right,0.9617470095403216,weber_violated
80,30,3,right,right,1.4657879654393102,weber_violated
81,30,4,right,left,1.9821857885872978,weber_violated
82,30,4,right,left,3.2189800209363053,weber_violated
83,30,4,right,left,7.468457914108431,weber_violated
84,30,4,right,right,1.833328427137374,weber_violated
85,30,4,right,left,2.627397653301667,weber_violated
86,30,4,right,right,1.7159178548278546,weber_violated
87,30,4,right,right,1.9945988475230112,weber_violated
88,30,4,right,left,1.4277149431654292,weber_violated
89,30,4,right,left,1.8475680503012004,weber_violated
90,30,4,right,right,1.2834278794897847,weber_violated
91,30,6,right,left,1.5518566680419497,weber_violated
92,30,6,right,right,1.4990977711223885,weber_violated
93,30,6,right,left,3.9976077471725535,weber_violated
94,30,6,right,right,1.9900112557199534,weber_violated
95,30,6,right,right,2.234940967579359,weber_violated
96,30,6,right,right,0.9356067701391881,weber_violated
97,30,6,right,left,1.7332819582517118,weber_violated
98,30,6,right,right,1.2946070588183283,weber_violated
99,30,6,right,left,3.0941929091959466,weber_violated
100,30,6,right,left,6.69473183218606,weber_violated
101,30,7,right,right,1.2278876262683234,weber_violated
102,30,7,right,right,1.3604118297379006,weber_violated
103,30,7,right,left,1.3085354233188728,weber_violated
104,30,7,right,right,1.5162750136858796,weber_violated
105,30,7,right,right,1.4656480060939199,weber_violated
106,30,7,right,right,1.0100005121347957,weber_violated
107,30,7,right,right,1.4585800874184132,weber_violated
108,30,7,right,right,1.6197199154440622,weber_violated
109,30,7,right,right,0.9781191909793523,weber_violated
110,30,7,right,left,1.2340994374777963,weber_violated
111,30,8,right,right,0.8296186625122473,weber_violated
112,30,8,right,right,0.822685285092073,weber_violated
113,30,8,right,right,0.6462561626666825,weber_violated
114,30,8,right,right,0.814089190408567,weber_violated
115,30,8,right,right,0.8050055265161027,weber_violated
116,30,8,right,right,1.122013989450988,weber_violated
117,30,8,right,right,0.9294195478861251,weber_violated
118,30,8,right,right,0.9322426325046123,weber_violated
119,30,8,right,right,0.7070709601838312,weber_violated
120,30,8,right,right,1.0944325791053076,weber_violated
1,31,2,left,left,0.6212659983313701,weber_violated
2,31,2,left,left,1.021371611468246,weber_violated
3,31,2,left,left,0.9663860008347116,weber_violated
4,31,2,left,left,1.0566948677576986,weber_violated
5,31,2,left,left,1.1264828835809995,weber_violated
6,31,2,left,left,0.8264253632297784,weber_violated
7,31,2,left,left,1.3031642929289986,weber_violated
8,31,2,left,left,0.7804873287236709,weber_violated
9,31,2,left,left,0.7903898259647879,weber_violated
10,31,2,left,left,0.7465175067317122,weber_violated
11,31,3,left,left,2.4741002441063173,weber_violated
12,31,3,left,left,1.3492785385881987,weber_violated
13,31,3,left,left,1.4879193525822283,weber_violated
14,31,3,left,left,0.7843059648270041,weber_violated
15,31,3,left,left,1.0048245806367213,weber_violated
16,31,3,left,left,1.006290706410574,weber_violated
17,31,3,left,left,0.8998347289199082,weber_violated
18,31,3,left,left,1.6200412217558993,weber_violated
19,31,3,left,left,1.1143419767237999,weber_violated
20,31,3,left,left,1.627498401891443,weber_violated
21,31,4,left,left,4.0703944066014355,weber_violated
22,31,4,left,right,1.5786475508999998,weber_violated
23,31,4,left,left,1.5109085050879978,weber_violated
24,31,4,left,left,1.6119840777227803,weber_violated
25,31,4,left,left,2.5341853751753605,weber_violated
26,31,4,left,left,2.389778636363848,weber_violated
27,31,4,left,right,2.4949994371858444,weber_violated
28,31,4,left,right,4.809097167002998,weber_violated
29,31,4,left,right,3.0796613522678147,weber_violated
30,31,4,left,left,1.6358351045624606,weber_violated
31,31,6,left,left,1.3822565512318057,weber_violated
32,31,6,left,left,1.1728321953714707,weber_violated
33,31,6,left,right,2.1013227397795506,weber_violated
34,31,6,left,right,1.0145688750125346,weber_violated
35,31,6,left,left,1.786514305771626,weber_violated
36,31,6,left,left,2.126233982663053,weber_violated
37,31,6,left,left,1.5973982279256387,weber_violated
38,31,6,left,right,2.638080075005911,weber_violated
39,31,6,left,left,1.2353571348444845,weber_violated
40,31,6,left,right,1.2668385632873973,weber_violated
41,31,7,left,right,1.1458253269092056,weber_violated
42,31,7,left,left,1.1738095061780398,weber_violated
43,31,7,left,left,1.8414151497448266,weber_violated
44,31,7,left,left,1.3061132263636952,weber_violated
45,31,7,left,left,1.1857098496221607,weber_violated
46,31,7,left,left,0.8577476662723049,weber_violated
47,31,7,left,left,1.387977033331969,weber_violated
48,31,7,left,left,1.0201455606439203,weber_violated
49,31,7,left,left,1.1632843698521966,weber_violated
50,31,7,left,left,1.948292498489274,weber_violated
51,31,8,left,left,0.6738094069799817,weber_violated
52,31,8,left,left,0.7828925099274231,weber_violated
53,31,8,left,left,0.6430632731713954,weber_violated
54,31,8,left,left,1.1230953197999014,weber_violated
55,31,8,left,left,1.3509005248761043,weber_violated
56,31,8,left,left,0.7630492033053506,weber_violated
57,31,8,left,left,1.2308248087462361,weber_violated
58,31,8,left,left,0.6980724570213874,weber_violated
59,31,8,left,left,0.8886062322214481,weber_violated
60,31,8,left,left,0.8372212277858782,weber_violated
61,31,2,right,right,0.6967118607925377,weber_violated
62,31,2,right,right,1.3450848988632045,weber_violated
63,31,2,right,right,0.7557521955422848,weber_violated
64,31,2,right,right,0.8448724205935998,weber_violated
65,31,2,right,right,0.8197551533219847,weber_violated
66,31,2,right,right,0.9337672759716096,weber_violated
67,31,2,right,right,1.175579144713688,weber_violated
68,31,2,right,right,0.7790723474347103,weber_violated
69,31,2,right,right,0.8823885461833381,weber_violated
70,31,2,right,right,0.9041804975166183,weber_violated
71,31,3,right,right,1.349605838547839,weber_violated
72,31,3,right,right,0.9440889164848258,weber_violated
73,31,3,right,right,1.9194691107711856,weber_violated
74,31,3,right,right,1.1657611924828015,weber_violated
75,31,3,right,right,1.807780120269588,weber_violated
76,31,3,right,right,1.2322900957530292,weber_violated
77,31,3,right,right,1.3276814536246897,weber_violated
78,31,3,right,right,0.9420182818170708,weber_violated
79,31,3,right,right,1.1867001138989415,weber_violated
80,31,3,right,right,1.0445915564307329,weber_violated
81,31,4,right,right,1.646826314341602,weber_violated
82,31,4,right,left,1.5613435756862397,weber_violated
83,31,4,right,right,1.1444741694713672,weber_violated
84,31,4,right,right,2.489438025977132,weber_violated
85,31,4,right,right,1.5275698627786722,weber_violated
86,31,4,right,right,1.654476451051465,weber_violated
87,31,4,right,left,5.327176400300645,weber_violated
88,31,4,right,right,1.0571861461280725,weber_violated
89,31,4,right,left,1.8112455343931457,weber_violated
90,31,4,right,left,1.1555284374878791,weber_violated
91,31,6,right,left,1.5154510844019085,weber_violated
92,31,6,right,right,2.090060522271849,weber_violated
93,31,6,right,right,1.7184607531212825,weber_violated
94,31,6,right,left,1.360415987031217,weber_violated
95,31,6,right,left,1.4434439585215428,weber_violated
96,31,6,right,right,4.534216074686298,weber_violated
97,31,6,right,right,1.8499765678953597,weber_violated
98,31,6,right,right,1.8073618884037097,weber_violated
99,31,6,right,left,1.7519491003864485,weber_violated
100,31,6,right,left,1.3602694590900717,weber_violated
101,31,7,right,right,1.1748824714942936,weber_violated
102,31,7,right,right,1.3902198986916925,weber_violated
103,31,7,right,right,1.1333661725866568,weber_violated
104,31,7,right,right,1.3985686467790142,weber_violated
105,31,7,right,right,0.9357831070174929,weber_violated
106,31,7,right,right,0.9985191795191404,weber_violated
107,31,7,right,right,1.237699767056012,weber_violated
108,31,7,right,left,1.5540186532577018,weber_violated
109,31,7,right,right,1.7389675213644253,weber_violated
110,31,7,right,right,1.197905047017565,weber_violated
111,31,8,right,right,0.9403276409028682,weber_violated
112,31,8,right,right,1.0895307206797538,weber_violated
113,31,8,right,right,0.6317347652207417,weber_violated
114,31,8,right,right,1.1021665013382538,weber_violated
115,31,8,right,right,0.8523511136901538,weber_violated
116,31,8,right,right,0.6251028863881811,weber_violated
117,31,8,right,right,0.9144851150083919,weber_violated
118,31,8,right,right,0.7219254573023799,weber_violated
119,31,8,right,right,1.1412568867861452,weber_violated
120,31,8,right,right,0.9339157052010119,weber_violated
1,32,2,left,left,0.9982355186111911,weber_violated
2,32,2,left,left,0.8035838337176446,weber_violated
3,32,2,left,left,0.8725699909038969,weber_violated
4,32,2,left,left,0.9738026166355092,weber_violated
5,32,2,left,left,0.7188866137130094,weber_violated
6,32,2,left,left,1.4523407108435693,weber_violated
7,32,2,left,left,0.9838622688647005,weber_violated
8,32,2,left,left,0.7203246401337953,weber_violated
9,32,2,left,left,0.9474695829324584,weber_violated
10,32,2,left,left,0.817017824894672,weber_violated
11,32,3,left,left,1.1439594737975718,weber_violated
12,32,3,left,left,1.4871175536606658,weber_violated
13,32,3,left,left,2.6145960496774543,weber_violated
14,32,3,left,left,1.6284364078223152,weber_violated
15,32,3,left,left,1.7089935276880697,weber_violated
16,32,3,left,left,0.7462786883045185,weber_violated
17,32,3,left,left,0.9931978295453308,weber_violated
18,32,3,left,right,1.0263304166598148,weber_violated
19,32,3,left,left,0.9669993272082062,weber_violated
20,32,3,left,left,1.1814717882552248,weber_violated
21,32,4,left,left,1.857665633248131,weber_violated
22,32,4,left,left,1.4553812344478114,weber_violated
23,32,4,left,right,2.572843201118228,weber_violated
24,32,4,left,left,1.8508397497674804,weber_violated
25,32,4,left,left,1.4643757602034586,weber_violated
26,32,4,left,right,2.7202268745932607,weber_violated
27,32,4,left,right,3.1001663823115178,weber_violated
28,32,4,left,right,1.913906620620426,weber_violated
29,32,4,left,left,1.768207559311345,weber_violated
30,32,4,left,left,1.5489095879363477,weber_violated
31,32,6,left,right,1.4358951833272977,weber_violated
32,32,6,left,left,1.7144827432316216,weber_violated
33,32,6,left,left,3.1026893747696107,weber_violated
34,32,6,left,left,2.499634744254465,weber_violated
35,32,6,left,left,1.7677055462777496,weber_violated
36,32,6,left,right,1.5225611841734321,weber_violated
37,32,6,left,left,2.3007033913820663,weber_violated
38,32,6,left,right,1.4290061715434546,weber_violated
39,32,6,left,left,1.5570172130170883,weber_violated
40,32,6,left,right,2.158333369482857,weber_violated
41,32,7,left,left,0.9530418360105926,weber_violated
42,32,7,left,left,2.2667652591202168,weber_violated
43,32,7,left,left,1.6980293801162694,weber_violated
44,32,7,left,left,1.9959018841542973,weber_violated
45,32,7,left,left,0.9601127026280067,weber_violated
46,32,7,left,left,1.1438726658870306,weber_violated
47,32,7,left,right,1.8942324472080918,weber_violated
48,32,7,left,left,1.4144887058310722,weber_violated
49,32,7,left,left,1.1575219451023562,weber_violated
50,32,7,left,left,1.1562299625208852,weber_violated
51,32,8,left,left,0.9442000273073612,weber_violated
52,32,8,left,left,1.193771275844134,weber_violated
53,32,8,left,left,1.1018994898184975,weber_violated
54,32,8,left,left,1.028914927758571,weber_violated
55,32,8,left,left,0.972922606514103,weber_violated
56,32,8,left,left,0.5620497841816677,weber_violated
57,32,8,left,left,1.2001761638599286,weber_violated
58,32,8,left,left,0.7955011979549598,weber_violated
59,32,8,left,left,0.7826782962055627,weber_violated
60,32,8,left,left,0.927202170048778,weber_violated
61,32,2,right,right,1.276528063884939,weber_violated
62,32,2,right,right,1.0440734692108653,weber_violated
63,32,2,right,right,0.9814511039849365,weber_violated
64,32,2,right,right,1.0803714631557004,weber_violated
65,32,2,right,right,0.8532015104420836,weber_violated
66,32,2,right,right,0.8485506170971466,weber_violated
67,32,2,right,right,0.814551125802037,weber_violated
68,32,2,right,right,1.0548333814565336,weber_violated
69,32,2,right,right,1.2094039960317855,weber_violated
70,32,2,right,right,0.8721734665004948,weber_violated
71,32,3,right,right,0.965327755078776,weber_violated
72,32,3,right,right,1.1251919268613035,weber_violated
73,32,3,right,right,1.3610599009803075,weber_violated
74,32,3,right,right,1.2031974181436305,weber_violated
75,32,3,right,right,0.8835539976379294,weber_violated
76,32,3,right,right,1.021232703719314,weber_violated
77,32,3,right,right,1.3019980890875875,weber_violated
78,32,3,right,right,2.279339006477712,weber_violated
79,32,3,right,right,1.314612858897346,weber_violated
80,32,3,right,right,1.7649043129988466,weber_violated
81,32,4,right,right,1.7541422452213145,weber_violated
82,32,4,right,right,1.2849122844492744,weber_violated
83,32,4,right,left,2.789358108411221,weber_violated
84,32,4,right,right,2.94117452192511,weber_violated
85,32,4,right,right,1.0978044627098156,weber_violated
86,32,4,right,left,2.1459942130321266,weber_violated
87,32,4,right,left,1.1992843173459111,weber_violated
88,32,4,right,right,0.9017382905156703,weber_violated
89,32,4,right,left,1.3456925980771082,weber_violated
90,32,4,right,left,7.443058959296471,weber_violated
91,32,6,right,right,1.8296871073557917,weber_violated
92,32,6,right,right,1.0874701686551032,weber_violated
93,32,6,right,right,1.5565987415517106,weber_violated
94,32,6,right,left,1.848681839004532,weber_violated
95,32,6,right,right,1.0897336114400742,weber_violated
96,32,6,right,left,2.1729959864689916,weber_violated
97,32,6,right,right,1.5436243014200035,weber_violated
98,32,6,right,right,1.7933488352886258,weber_violated
99,32,6,right,left,1.370654664735778,weber_violated
100,32,6,right,right,3.022867280691789,weber_violated
101,32,7,right,left,1.7519752234012658,weber_violated
102,32,7,right,left,1.4274079474936308,weber_violated
103,32,7,right,right,1.206559392265299,weber_violated
104,32,7,right,right,0.8606051214924737,weber_violated
105,32,7,right,right,1.4179161222807193,weber_violated
106,32,7,right,right,1.2844761421446673,weber_violated
107,32,7,right,right,1.0837024140578404,weber_violated
108,32,7,right,right,1.2033927049883997,weber_violated
109,32,7,right,right,1.1075915526754723,weber_violated
110,32,7,right,right,1.170254733105361,weber_violated
111,32,8,right,right,1.1251129480352786,weber_violated
112,32,8,right,right,0.780060295701567,weber_violated
113,32,8,right,right,1.0189582293661172,weber_violated
114,32,8,right,right,0.8579296789873465,weber_violated
115,32,8,right,right,1.2094268914982012,weber_violated
116,32,8,right,right,0.8269783926423395,weber_violated
117,32,8,right,right,0.7052085515883242,weber_violated
118,32,8,right,right,1.0601785722238417,weber_violated
119,32,8,right,right,0.7808190116130678,weber_violated
120,32,8,right,right,0.7100709595105725,weber_violated
1,33,2,left,right,1.2084893873920661,weber_violated
2,33,2,left,left,0.8647403332421268,weber_violated
3,33,2,left,left,0.7832028102781716,weber_violated
4,33,2,left,left,0.9796236124580646,weber_violated
5,33,2,left,left,0.8292686420697417,weber_violated
6,33,2,left,left,0.8126652582199023,weber_violated
7,33,2,left,left,0.9689996393373306,weber_violated
8,33,2,left,left,0.9376072791644123,weber_violated
9,33,2,left,left,1.142309746876327,weber_violated
10,33,2,left,left,0.9013483387935768,weber_violated
11,33,3,left,left,1.1296470995529584,weber_violated
12,33,3,left,left,1.5231908242590002,weber_violated
13,33,3,left,left,0.919216814650551,weber_violated
14,33,3,left,left,1.4217230026272745,weber_violated
15,33,3,left,right,1.4571625121764633,weber_violated
16,33,3,left,left,1.1396676991906096,weber_violated
17,33,3,left,left,1.3791977177235748,weber_violated
18,33,3,left,left,0.9018549975827737,weber_violated
19,33,3,left,left,1.1098397741330517,weber_violated
20,33,3,left,right,1.3553514245043103,weber_violated
21,33,4,left,left,1.3242806455307399,weber_violated
22,33,4,left,left,0.9836034006318741,weber_violated
23,33,4,left,right,2.5285674677216714,weber_violated
24,33,4,left,right,1.3837880282095123,weber_violated
25,33,4,left,left,1.781294442413149,weber_violated
26,33,4,left,right,1.9188946091631536,weber_violated
27,33,4,left,left,1.6173033576327913,weber_violated
28,33,4,left,left,2.246972042901721,weber_violated
29,33,4,left,left,1.269885846917405,weber_violated
30,33,4,left,right,2.217962515855473,weber_violated
31,33,6,left,right,2.4757212237657567,weber_violated
32,33,6,left,left,3.1814009713946474,weber_violated
33,33,6,left,left,4.012192756086829,weber_violated
34,33,6,left,left,1.261374301439771,weber_violated
35,33,6,left,right,2.431831267056222,weber_violated
36,33,6,left,left,1.834719882634258,weber_violated
37,33,6,left,left,3.648614193511822,weber_violated
38,33,6,left,left,1.7715405433509386,weber_violated
39,33,6,left,left,1.1007745852524564,weber_violated
40,33,6,left,left,1.764025390185869,weber_violated
41,33,7,left,left,2.0141895843468753,weber_violated
42,33,7,left,left,1.1352686108287684,weber_violated
43,33,7,left,right,1.6304144479842384,weber_violated
44,33,7,left,left,1.520190814159025,weber_violated
45,33,7,left,left,1.0992668158004164,weber_violated
46,33,7,left,left,2.3216847906295235,weber_violated
47,33,7,left,left,0.9493587861692823,weber_violated
48,33,7,left,left,1.3262666736265163,weber_violated
49,33,7,left,left,0.9728693376372624,weber_violated
50,33,7,left,left,4.715766085618647,weber_violated
51,33,8,left,left,1.405456023766767,weber_violated
52,33,8,left,left,0.6358284639147731,weber_violated
53,33,8,left,left,0.7248002286993525,weber_violated
54,33,8,left,left,0.9888489171831178,weber_violated
55,33,8,left,left,1.0411704539537163,weber_violated
56,33,8,left,left,1.109507374869948,weber_violated
57,33,8,left,left,0.9072861870048625,weber_violated
58,33,8,left,left,0.8853076456886935,weber_violated
59,33,8,left,left,0.7749342831414483,weber_violated
60,33,8,left,left,0.7469509584873633,weber_violated
61,33,2,right,right,0.839316446433612,weber_violated
62,33,2,right,right,0.9451799407133188,weber_violated
63,33,2,right,right,1.0877155893903647,weber_violated
64,33,2,right,right,0.9337223672965915,weber_violated
65,33,2,right,right,0.8304422477050024,weber_violated
66,33,2,right,right,1.0576680419897857,weber_violated
67,33,2,right,right,1.2512527611046775,weber_violated
68,33,2,right,right,0.788016059830206,weber_violated
69,33,2,right,right,0.9243632158192812,weber_violated
70,33,2,right,right,0.9773210667662677,weber_violated
71,33,3,right,left,1.5187343281747447,weber_violated
72,33,3,right,right,1.2466987792111563,weber_violated
73,33,3,right,right,1.6966941914861118,weber_violated
74,33,3,right,right,1.094826105718057,weber_violated
75,33,3,right,right,1.4759001501475844,weber_violated
76,33,3,right,right,1.4427908410272199,weber_violated
77,33,3,right,right,0.9514275457694523,weber_violated
78,33,3,right,right,1.0451880993212415,weber_violated
79,33,3,right,right,0.9319267853562714,weber_violated
80,33,3,right,right,1.172506220575768,weber_violated
81,33,4,right,left,1.9205591192545688,weber_violated
82,33,4,right,right,1.9262038201893805,weber_violated
83,33,4,right,right,1.1170433119659577,weber_violated
84,33,4,right,right,1.2089109000612661,weber_violated
85,33,4,right,right,1.2346687285388682,weber_violated
86,33,4,right,right,1.8081883752844496,weber_violated
87,33,4,right,right,2.0248829678708233,weber_violated
88,33,4,right,right,1.776185877962093,weber_violated
89,33,4,right,left,1.2969469037830867,weber_violated
90,33,4,right,right,2.5817791033178223,weber_violated
91,33,6,right,right,3.4620433805194737,weber_violated
92,33,6,right,left,3.2204092703688207,weber_violated
93,33,6,right,left,3.416234986807176,weber_violated
94,33,6,right,left,2.3112795419633967,weber_violated
95,33,6,right,left,1.1497870583337273,weber_violated
96,33,6,right,right,1.1465943561062226,weber_violated
97,33,6,right,right,2.0862504506037967,weber_violated
98,33,6,right,right,1.047997598890741,weber_violated
99,33,6,right,left,1.5149695739253495,weber_violated
100,33,6,right,right,1.2580994095171953,weber_violated
101,33,7,right,right,1.0439534370453925,weber_violated
102,33,7,right,right,1.5070427911567763,weber_violated
103,33,7,right,right,1.4990653536203553,weber_violated
104,33,7,right,right,0.9618691624353097,weber_violated
105,33,7,right,right,0.8547487013946518,weber_violated
106,33,7,right,right,1.9107533765251257,weber_violated
107,33,7,right,right,1.224164171406804,weber_violated
108,33,7,right,right,1.1978208833496533,weber_violated
109,33,7,right,right,1.6103860326969213,weber_violated
110,33,7,right,right,1.6754308416280428,weber_violated
111,33,8,right,right,0.8250982263473978,weber_violated
112,33,8,right,right,1.2665469610621847,weber_violated
113,33,8,right,right,1.0466200392047407,weber_violated
114,33,8,right,right,0.8696406639024676,weber_violated
115,33,8,right,right,1.0974238389768527,weber_violated
116,33,8,right,right,0.7213937808890174,weber_violated
117,33,8,right,right,0.9277068942602371,weber_violated
118,33,8,right,right,1.118687300288889,weber_violated
119,33,8,right,right,1.1841959888258367,weber_violated
120,33,8,right,right,0.8565089602089371,weber_violated
1,34,2,left,left,0.7900502252393671,weber_violated
2,34,2,left,left,0.8970858079757376,weber_violated
3,34,2,left,left,1.314641549970607,weber_violated
4,34,2,left,left,1.0243296018589119,weber_violated
5,34,2,left,left,0.9712853208473753,weber_violated
6,34,2,left,left,0.9896354624978838,weber_violated
7,34,2,left,left,0.8913702645671351,weber_violated
8,34,2,left,left,0.9321049634464353,weber_violated
9,34,2,left,left,0.8649133680855186,weber_violated
10,34,2,left,left,0.9155812913620356,weber_violated
11,34,3,left,left,0.9889048745391391,weber_violated
12,34,3,left,left,0.8564074383352871,weber_violated
13,34,3,left,left,1.2600538397332675,weber_violated
14,34,3,left,left,1.3818023569029527,weber_violated
15,34,3,left,left,1.7553477617440265,weber_violated
16,34,3,left,left,1.8751619623219598,weber_violated
17,34,3,left,left,1.4310102333694186,weber_violated
18,34,3,left,left,1.1207617823398208,weber_violated
19,34,3,left,right,1.6023850540752527,weber_violated
20,34,3,left,left,1.5272356091198491,weber_violated
21,34,4,left,left,1.656132339503678,weber_violated
22,34,4,left,right,1.7983460175061006,weber_violated
23,34,4,left,left,1.4098870068600227,weber_violated
24,34,4,left,left,1.3887486448514086,weber_violated
25,34,4,left,left,1.460083876090193,weber_violated
26,34,4,left,right,1.1467333187839552,weber_violated
27,34,4,left,left,1.3778967346865352,weber_violated
28,34,4,left,right,1.4975874879502244,weber_violated
29,34,4,left,left,1.2509700197854867,weber_violated
30,34,4,left,right,2.9451410590785683,weber_violated
31,34,6,left,right,1.636525109070524,weber_violated
32,34,6,left,left,4.039648441393274,weber_violated
33,34,6,left,right,2.0098212296825935,weber_violated
34,34,6,left,left,1.0259547954493908,weber_violated
35,34,6,left,left,1.8907249137511515,weber_violated
36,34,6,left,left,1.4067974391743137,weber_violated
37,34,6,left,right,2.406939441208032,weber_violated
38,34,6,left,left,1.4584392497915448,weber_violated
39,34,6,left,left,1.4260663926103774,weber_violated
40,34,6,left,left,1.2730105167013797,weber_violated
41,34,7,left,left,1.1652369200858677,weber_violated
42,34,7,left,left,1.0017796067079583,weber_violated
43,34,7,left,left,1.589583376230862,weber_violated
44,34,7,left,left,1.0981170470823538,weber_violated
45,34,7,left,left,0.9949305496867435,weber_violated
46,34,7,left,left,1.1080201129812488,weber_violated
47,34,7,left,left,2.342461045959591,weber_violated
48,34,7,left,right,1.8052620353021025,weber_violated
49,34,7,left,left,1.15667686695979,weber_violated
50,34,7,left,left,1.6277683915317946,weber_violated
51,34,8,left,left,1.0000762495939126,weber_violated
52,34,8,left,left,0.9194626509007218,weber_violated
53,34,8,left,left,0.9801912729428026,weber_violated
54,34,8,left,left,0.6942864076080241,weber_violated
55,34,8,left,left,1.0254215406552891,weber_violated
56,34,8,left,left,0.8650521990774864,weber_violated
57,34,8,left,left,0.953717315850761,weber_violated
58,34,8,left,left,1.0056181639989596,weber_violated
59,34,8,left,left,0.7279119468601667,weber_violated
60,34,8,left,left,0.9039156299381184,weber_violated
61,34,2,right,right,1.1051339188464182,weber_violated
62,34,2,right,right,1.1526553649872557,weber_violated
63,34,2,right,right,0.7910531385724044,weber_violated
64,34,2,right,right,0.7651591316741815,weber_violated
65,34,2,right,right,1.3137103103070278,weber_violated
66,34,2,right,right,1.795691385795882,weber_violated
67,34,2,right,right,0.9637374645251935,weber_violated
68,34,2,right,right,1.2719748455546411,weber_violated
69,34,2,right,right,1.0657251593469435,weber_violated
70,34,2,right,right,0.8831670632529454,weber_violated
71,34,3,right,right,1.304730120758751,weber_violated
72,34,3,right,right,0.9948899361852672,weber_violated
73,34,3,right,right,1.174247898607697,weber_violated
74,34,3,right,right,1.1329470174991763,weber_violated
75,34,3,right,right,1.1294890440520458,weber_violated
76,34,3,right,right,1.474438647169279,weber_violated
77,34,3,right,right,1.1077719126037113,weber_violated
78,34,3,right,left,1.5508411870748124,weber_violated
79,34,3,right,right,1.0318636624234467,weber_violated
80,34,3,right,right,0.9723680834305024,weber_violated
81,34,4,right,right,1.8275190089595192,weber_violated
82,34,4,right,left,1.5000190934123108,weber_violated
83,34,4,right,right,1.5342465720113154,weber_violated
84,34,4,right,right,1.953594532608918,weber_violated
85,34,4,right,left,1.2747267991487208,weber_violated
86,34,4,right,right,1.098397982346886,weber_violated
87,34,4,right,right,3.784946126246199,weber_violated
88,34,4,right,right,2.6580569523165556,weber_violated
89,34,4,right,right,3.456085968514023,weber_violated
90,34,4,right,right,1.665695988220626,weber_violated
91,34,6,right,right,2.2212568254067704,weber_violated
92,34,6,right,right,1.6318769414827337,weber_violated
93,34,6,right,left,2.6519797402980445,weber_violated
94,34,6,right,left,1.7977775589395173,weber_violated
95,34,6,right,right,1.064222220544298,weber_violated
96,34,6,right,right,3.1767596719724804,weber_violated
97,34,6,right,left,1.8653546708832973,weber_violated
98,34,6,right,right,2.7542405744103546,weber_violated
99,34,6,right,left,2.1069491134469382,weber_violated
100,34,6,right,right,1.4428401487467957,weber_violated
101,34,7,right,right,1.4446421816031165,weber_violated
102,34,7,right,right,1.072615535057324,weber_violated
103,34,7,right,right,1.336719068780728,weber_violated
104,34,7,right,right,1.5214656996731484,weber_violated
105,34,7,right,right,1.8570525862528682,weber_violated
106,34,7,right,right,1.1759058478856168,weber_violated
107,34,7,right,right,1.1230320696113478,weber_violated
108,34,7,right,right,0.856721222344488,weber_violated
109,34,7,right,right,1.4447126663690806,weber_violated
110,34,7,right,right,1.0947455235752515,weber_violated
111,34,8,right,right,0.8892519766320235,weber_violated
112,34,8,right,right,0.6814536218973645,weber_violated
113,34,8,right,right,0.8550560832276319,weber_violated
114,34,8,right,right,0.8010772243576152,weber_violated
115,34,8,right,right,0.963788855017953,weber_violated
116,34,8,right,right,0.9309700983377023,weber_violated
117,34,8,right,right,1.0096166637621689,weber_violated
118,34,8,right,right,0.7660003344177571,weber_violated
119,34,8,right,right,1.094318236322767,weber_violated
120,34,8,right,right,1.1425819207595471,weber_violated
1,35,2,left,left,0.6958748172203659,weber_violated
2,35,2,left,left,1.2704547615025086,weber_violated
3,35,2,left,left,0.7277330848404822,weber_violated
4,35,2,left,left,1.1260361430313954,weber_violated
5,35,2,left,left,0.6799538256403548,weber_violated
6,35,2,left,left,1.8405048047680945,weber_violated
7,35,2,left,left,0.7258727926699744,weber_violated
8,35,2,left,left,0.7802061488833667,weber_violated
9,35,2,left,left,0.7824380609829686,weber_violated
10,35,2,left,left,0.8963646113105048,weber_violated
11,35,3,left,left,1.1965930145869825,weber_violated
12,35,3,left,left,4.028902161853272,weber_violated
13,35,3,left,left,2.0314504828583075,weber_violated
14,35,3,left,left,1.3334915397748806,weber_violated
15,35,3,left,left,1.712172504376998,weber_violated
16,35,3,left,left,1.3739504654559933,weber_violated
17,35,3,left,left,1.3704841929988836,weber_violated
18,35,3,left,left,1.2969710439526467,weber_violated
19,35,3,left,left,1.2287327167802071,weber_violated
20,35,3,left,left,2.4107027465637656,weber_violated
21,35,4,left,left,1.4695783700557512,weber_violated
22,35,4,left,left,1.8119175545925663,weber_violated
23,35,4,left,right,1.9712699864469565,weber_violated
24,35,4,left,left,1.057723648002736,weber_violated
25,35,4,left,right,1.910741571676832,weber_violated
26,35,4,left,right,1.3742918725808517,weber_violated
27,35,4,left,left,2.114414992360703,weber_violated
28,35,4,left,left,2.122219353844231,weber_violated
29,35,4,left,left,2.765526434720134,weber_violated
30,35,4,left,right,1.4318104415723416,weber_violated
31,35,6,left,right,2.153626732808691,weber_violated
32,35,6,left,left,1.2727354753156108,weber_violated
33,35,6,left,left,1.11879990481627,weber_violated
34,35,6,left,right,2.1430860464875945,weber_violated
35,35,6,left,left,1.6228547030833071,weber_violated
36,35,6,left,left,1.8171888658497621,weber_violated
37,35,6,left,right,1.4896470416607674,weber_violated
38,35,6,left,left,1.2194418139672798,weber_violated
39,35,6,left,right,1.3295318618354781,weber_violated
40,35,6,left,right,7.344777829348072,weber_violated
41,35,7,left,left,1.0636855346248717,weber_violated
42,35,7,left,left,2.041783630525554,weber_violated
43,35,7,left,left,1.3466634203462846,weber_violated
44,35,7,left,left,0.8749458709119073,weber_violated
45,35,7,left,right,2.510885318466345,weber_violated
46,35,7,left,right,1.38015483322474,weber_violated
47,35,7,left,left,0.7895723897559785,weber_violated
48,35,7,left,left,2.6259626239348783,weber_violated
49,35,7,left,left,1.2766450924461796,weber_violated
50,35,7,left,left,1.1571884206353058,weber_violated
51,35,8,left,left,1.0112705694096702,weber_violated
52,35,8,left,left,0.8697201822915062,weber_violated
53,35,8,left,left,0.9585768177980798,weber_violated
54,35,8,left,left,0.9139727378406237,weber_violated
55,35,8,left,left,0.7581331984130155,weber_violated
56,35,8,left,left,0.8588368814628697,weber_violated
57,35,8,left,left,0.9490901697178584,weber_violated
58,35,8,left,left,0.9681352162735104,weber_violated
59,35,8,left,left,0.6666111520559497,weber_violated
60,35,8,left,left,0.7363820034301731,weber_violated
61,35,2,right,right,0.950887342733848,weber_violated
62,35,2,right,right,0.625059612380477,weber_violated
63,35,2,right,right,0.7247214027486184,weber_violated
64,35,2,right,right,0.6553807125629967,weber_violated
65,35,2,right,right,0.6929784225288145,weber_violated
66,35,2,right,right,0.7982234216340067,weber_violated
67,35,2,right,right,0.7718545262099168,weber_violated
68,35,2,right,right,0.7544637016623399,weber_violated
69,35,2,right,right,0.9363194773463666,weber_violated
70,35,2,right,right,0.6592477338903512,weber_violated
71,35,3,right,right,1.230521923432848,weber_violated
72,35,3,right,right,1.3280345320210487,weber_violated
73,35,3,right,right,1.2109465369582246,weber_violated
74,35,3,right,right,1.6559497111055013,weber_violated
75,35,3,right,right,0.8885151410627079,weber_violated
76,35,3,right,left,1.5661251084477774,weber_violated
77,35,3,right,right,2.0086008578566403,weber_violated
78,35,3,right,right,1.1663871750661476,weber_violated
79,35,3,right,right,1.1546574242651568,weber_violated
80,35,3,right,right,2.4635489404927906,weber_violated
81,35,4,right,left,2.3246167550483032,weber_violated
82,35,4,right,left,1.232904996503699,weber_violated
83,35,4,right,right,2.2950434462866656,weber_violated
84,35,4,right,left,1.1227642321228193,weber_violated
85,35,4,right,right,1.7142789690844316,weber_violated
86,35,4,right,left,1.8264183365984952,weber_violated
87,35,4,right,right,1.8034231631729847,weber_violated
88,35,4,right,left,1.5988479044245025,weber_violated
89,35,4,right,right,1.4098976678033084,weber_violated
90,35,4,right,right,1.3971485493230944,weber_violated
91,35,6,right,left,1.8569190804586506,weber_violated
92,35,6,right,right,1.205740626517583,weber_violated
93,35,6,right,right,1.0685475353232716,weber_violated
94,35,6,right,right,1.8024165341485257,weber_violated
95,35,6,right,right,1.4117037401042554,weber_violated
96,35,6,right,right,1.5318617340163483,weber_violated
97,35,6,right,left,2.5012781847837586,weber_violated
98,35,6,right,left,2.6979813210885624,weber_violated
99,35,6,right,right,1.2002997799496526,weber_violated
100,35,6,right,left,1.389026803820975,weber_violated
101,35,7,right,right,1.522405982733963,weber_violated
102,35,7,right,right,1.7315411962850957,weber_violated
103,35,7,right,right,2.411288934472725,weber_violated
104,35,7,right,right,3.25998787420457,weber_violated
105,35,7,right,right,1.043621300036634,weber_violated
106,35,7,right,right,1.2253298745952836,weber_violated
107,35,7,right,left,2.262720772713739,weber_violated
108,35,7,right,right,0.9669898388467417,weber_violated
109,35,7,right,right,1.7673640784324416,weber_violated
110,35,7,right,right,1.3851918777537995,weber_violated
111,35,8,right,right,1.0215411775590022,weber_violated
112,35,8,right,right,0.8846961946049938,weber_violated
113,35,8,right,right,1.0085811291870543,weber_violated
114,35,8,right,right,1.0073563508305496,weber_violated
115,35,8,right,right,0.8016279597460811,weber_violated
116,35,8,right,right,0.6916109681940292,weber_violated
117,35,8,right,right,0.8178612140176931,weber_violated
118,35,8,right,right,1.1331554868477849,weber_violated
119,35,8,right,right,0.8657128697535181,weber_violated
120,35,8,right,right,0.7188056344622227,weber_violated
1,36,2,left,left,0.863358638727943,weber_violated
2,36,2,left,left,0.6410426964701854,weber_violated
3,36,2,left,left,0.8511807948758621,weber_violated
4,36,2,left,left,0.991800886294594,weber_violated
5,36,2,left,left,0.8265839040224792,weber_violated
6,36,2,left,left,1.3001933500822385,weber_violated
7,36,2,left,left,0.9429598081599835,weber_violated
8,36,2,left,left,0.7532767524617281,weber_violated
9,36,2,left,left,1.0440433747978297,weber_violated
10,36,2,left,left,0.9138432411263757,weber_violated
11,36,3,left,left,1.798873549951084,weber_violated
12,36,3,left,left,1.5948193973157592,weber_violated
13,36,3,left,left,1.6237258153737117,weber_violated
14,36,3,left,left,1.6803952623291383,weber_violated
15,36,3,left,left,1.2517787448285538,weber_violated
16,36,3,left,left,1.3685653834443032,weber_violated
17,36,3,left,left,1.159653682555937,weber_violated
18,36,3,left,left,1.0014880106560398,weber_violated
19,36,3,left,left,1.0642567620741403,weber_violated
20,36,3,left,left,0.9422152685628438,weber_violated
21,36,4,left,left,1.9692379493871797,weber_violated
22,36,4,left,left,1.8581980189696286,weber_violated
23,36,4,left,left,1.1115117210944503,weber_violated
24,36,4,left,left,1.3384786654396676,weber_violated
25,36,4,left,left,3.376338729709294,weber_violated
26,36,4,left,right,3.8266477589727215,weber_violated
27,36,4,left,right,1.6052784265625992,weber_violated
28,36,4,left,left,2.722927036921712,weber_violated
29,36,4,left,left,1.4560983762487554,weber_violated
30,36,4,left,left,4.705647031113634,weber_violated
31,36,6,left,left,2.0469923202915385,weber_violated
32,36,6,left,left,1.3375221654556186,weber_violated
33,36,6,left,left,2.1456394566658856,weber_violated
34,36,6,left,left,1.9220845152592498,weber_violated
35,36,6,left,left,2.26940914170307,weber_violated
36,36,6,left,left,1.4493989283953603,weber_violated
37,36,6,left,left,2.0217763958838084,weber_violated
38,36,6,left,left,1.4889813500366929,weber_violated
39,36,6,left,left,1.3050960417351365,weber_violated
40,36,6,left,right,1.6379662097524819,weber_violated
41,36,7,left,left,1.038421462157209,weber_violated
42,36,7,left,left,2.1555435390899356,weber_violated
43,36,7,left,left,2.0280015442756163,weber_violated
44,36,7,left,left,1.2018629556132507,weber_violated
45,36,7,left,left,1.0437921026574704,weber_violated
46,36,7,left,left,0.8382786218305562,weber_violated
47,36,7,left,left,1.0184445343429374,weber_violated
48,36,7,left,left,1.6173431955796227,weber_violated
49,36,7,left,left,1.4397258649261975,weber_violated
50,36,7,left,left,1.568990559284815,weber_violated
51,36,8,left,left,1.0590961526892333,weber_violated
52,36,8,left,left,0.8671520569251245,weber_violated
53,36,8,left,left,1.0582416956991731,weber_violated
54,36,8,left,left,0.8157512106796119,weber_violated
55,36,8,left,left,0.7471866721083316,weber_violated
56,36,8,left,left,0.9476967532997407,weber_violated
57,36,8,left,left,0.6402090467794884,weber_violated
58,36,8,left,left,0.6728471923004091,weber_violated
59,36,8,left,left,0.9073694325185673,weber_violated
60,36,8,left,left,0.8818419616308713,weber_violated
61,36,2,right,right,0.7133577507952449,weber_violated
62,36,2,right,left,1.324882254293357,weber_violated
63,36,2,right,right,1.0562605624874764,weber_violated
64,36,2,right,right,0.8402192644753277,weber_violated
65,36,2,right,right,1.1649499189827361,weber_violated
66,36,2,right,right,1.491564144128669,weber_violated
67,36,2,right,right,0.810245730060184,weber_violated
68,36,2,right,right,0.8653778746385057,weber_violated
69,36,2,right,right,1.2552983073580959,weber_violated
70,36,2,right,right,0.7048121125954594,weber_violated
71,36,3,right,right,2.342095200942569,weber_violated
72,36,3,right,right,0.7031411881859435,weber_violated
73,36,3,right,right,0.8827401299356161,weber_violated
74,36,3,right,left,1.0150676565257981,weber_violated
75,36,3,right,right,1.4662622496064754,weber_violated
76,36,3,right,right,1.3555509926956326,weber_violated
77,36,3,right,right,1.4032331279579477,weber_violated
78,36,3,right,right,1.5126431172006365,weber_violated
79,36,3,right,right,1.2656896799810557,weber_violated
80,36,3,right,right,0.9066463518968497,weber_violated
81,36,4,right,right,2.3829328015421494,weber_violated
82,36,4,right,right,1.9834170577189973,weber_violated
83,36,4,right,right,1.1407845847196143,weber_violated
84,36,4,right,right,1.581201896187497,weber_violated
85,36,4,right,right,2.330973224569282,weber_violated
86,36,4,right,left,1.1530265977784697,weber_violated
87,36,4,right,left,1.9100289162249526,weber_violated
88,36,4,right,right,1.9427376432512784,weber_violated
89,36,4,right,right,1.838943818921257,weber_violated
90,36,4,right,right,1.4270748130908741,weber_violated
91,36,6,right,right,1.0600638968421083,weber_violated
92,36,6,right,right,1.6711904758243414,weber_violated
93,36,6,right,right,1.9954359210762316,weber_violated
94,36,6,right,right,0.8838739094635546,weber_violated
95,36,6,right,right,6.381522861862677,weber_violated
96,36,6,right,left,1.6936740582344312,weber_violated
97,36,6,right,right,1.5584609382493007,weber_violated
98,36,6,right,right,2.2894586609427336,weber_violated
99,36,6,right,right,2.6875703330130785,weber_violated
100,36,6,right,right,1.4445717818622617,weber_violated
101,36,7,right,left,1.0238986427697656,weber_violated
102,36,7,right,right,0.8121752010150549,weber_violated
103,36,7,right,right,1.2323587904530553,weber_violated
104,36,7,right,right,1.6073305009639822,weber_violated
105,36,7,right,right,1.329259911543232,weber_violated
106,36,7,right,right,1.1549245730034488,weber_violated
107,36,7,right,right,1.4900228155741775,weber_violated
108,36,7,right,left,1.1863095948504747,weber_violated
109,36,7,right,right,1.3158199017403014,weber_violated
110,36,7,right,right,0.8777689718005417,weber_violated
111,36,8,right,right,1.0994320913240072,weber_violated
112,36,8,right,right,0.8225201068884116,weber_violated
113,36,8,right,right,0.951222895077271,weber_violated
114,36,8,right,right,0.797648586310229,weber_violated
115,36,8,right,right,1.1242534718634867,weber_violated
116,36,8,right,right,1.1773288309328362,weber_violated
117,36,8,right,right,0.6834803945827812,weber_violated
118,36,8,right,right,0.7316923505960493,weber_violated
119,36,8,right,right,0.8524078658543044,weber_violated
120,36,8,right,right,0.898684477922086,weber_violated
1,37,2,left,left,0.8775102720401793,weber_violated
2,37,2,left,left,0.5948083738694381,weber_violated
3,37,2,left,left,0.9337878566860942,weber_violated
4,37,2,left,left,0.7207506658303617,weber_violated
5,37,2,left,left,1.0105520701702713,weber_violated
6,37,2,left,left,1.139097245503918,weber_violated
7,37,2,left,left,0.6764763487643876,weber_violated
8,37,2,left,left,0.9787081843889658,weber_violated
9,37,2,left,left,0.7757389169656632,weber_violated
10,37,2,left,left,0.8012662565313904,weber_violated
11,37,3,left,left,1.1076044138526935,weber_violated
12,37,3,left,left,1.2963217057037948,weber_violated
13,37,3,left,left,0.9767567881384482,weber_violated
14,37,3,left,left,1.0801271445258955,weber_violated
15,37,3,left,left,1.336726969786367,weber_violated
16,37,3,left,left,1.3937902544133363,weber_violated
17,37,3,left,left,1.1063141053499326,weber_violated
18,37,3,left,left,1.2522514743303497,weber_violated
19,37,3,left,left,1.0676088250716214,weber_violated
20,37,3,left,left,0.99316843785874,weber_violated
21,37,4,left,left,1.7781439220812443,weber_violated
22,37,4,left,left,1.6386704606308182,weber_violated
23,37,4,left,left,1.469503607037062,weber_violated
24,37,4,left,left,1.3856119882162359,weber_violated
25,37,4,left,right,3.7094289847847874,weber_violated
26,37,4,left,left,1.5966139391507375,weber_violated
27,37,4,left,left,1.8838528259651062,weber_violated
28,37,4,left,left,1.2242345564615444,weber_violated
29,37,4,left,right,1.1261765611539016,weber_violated
30,37,4,left,left,1.5722197983751325,weber_violated
31,37,6,left,left,1.7928663276294021,weber_violated
32,37,6,left,left,1.0332887213914734,weber_violated
33,37,6,left,left,1.0828413647819406,weber_violated
34,37,6,left,right,2.801654872173367,weber_violated
35,37,6,left,left,5.002874710909077,weber_violated
36,37,6,left,left,1.3253805848293887,weber_violated
37,37,6,left,left,5.9185965593770025,weber_violated
38,37,6,left,right,1.7093835822881895,weber_violated
39,37,6,left,left,1.1505500175765009,weber_violated
40,37,6,left,left,4.669506794093204,weber_violated
41,37,7,left,left,0.9644258148769,weber_violated
42,37,7,left,left,1.3167594126567823,weber_violated
43,37,7,left,left,1.014568534147508,weber_violated
44,37,7,left,left,1.1381227906996596,weber_violated
45,37,7,left,left,2.5112728331170184,weber_violated
46,37,7,left,left,1.0890807168890217,weber_violated
47,37,7,left,left,1.314721340565789,weber_violated
48,37,7,left,left,0.9680434104602504,weber_violated
49,37,7,left,right,1.8654747136620164,weber_violated
50,37,7,left,left,1.4162387919892891,weber_violated
51,37,8,left,left,0.8650421527282106,weber_violated
52,37,8,left,left,0.9936647635877147,weber_violated
53,37,8,left,left,0.9548496843361769,weber_violated
54,37,8,left,left,0.7096722289023916,weber_violated
55,37,8,left,left,1.2105697563426057,weber_violated
56,37,8,left,left,1.1397929233963355,weber_violated
57,37,8,left,left,0.8427104158445495,weber_violated
58,37,8,left,left,0.9736919350953199,weber_violated
59,37,8,left,left,0.8911680072950963,weber_violated
60,37,8,left,left,0.8635505568385844,weber_violated
61,37,2,right,right,1.020718792680129,weber_violated
62,37,2,right,right,0.7405971935494109,weber_violated
63,37,2,right,right,0.7974631211089458,weber_violated
64,37,2,right,right,0.8198203371591624,weber_violated
65,37,2,right,right,0.6494901520404386,weber_violated
66,37,2,right,right,0.8325525709667725,weber_violated
67,37,2,right,right,0.8054960106217752,weber_violated
68,37,2,right,right,0.8271192344205742,weber_violated
69,37,2,right,right,0.8901223876062996,weber_violated
70,37,2,right,right,0.7710291016077524,weber_violated
71,37,3,right,right,1.2063386443012833,weber_violated
72,37,3,right,right,1.010827592578422,weber_violated
73,37,3,right,right,0.9843490643919768,weber_violated
74,37,3,right,right,1.1190628833404708,weber_violated
75,37,3,right,right,1.3212682509706126,weber_violated
76,37,3,right,right,0.9897089460460133,weber_violated
77,37,3,right,right,1.0975600241306198,weber_violated
78,37,3,right,right,1.8787626831269544,weber_violated
79,37,3,right,right,1.1987396445700471,weber_violated
80,37,3,right,right,2.149360062418721,weber_violated
81,37,4,right,right,2.762016016080071,weber_violated
82,37,4,right,right,1.839593032211586,weber_violated
83,37,4,right,right,1.5843888839904505,weber_violated
84,37,4,right,right,1.03978760555636,weber_violated
85,37,4,right,right,1.4428241482661766,weber_violated
86,37,4,right,right,2.931119231336105,weber_violated
87,37,4,right,right,1.4571821857863076,weber_violated
88,37,4,right,right,2.072913499418242,weber_violated
89,37,4,right,right,1.7279953858893908,weber_violated
90,37,4,right,left,1.2000441832468134,weber_violated
91,37,6,right,left,1.3433478083085604,weber_violated
92,37,6,right,left,1.6245184436223885,weber_violated
93,37,6,right,right,1.676848867355009,weber_violated
94,37,6,right,right,1.6743209867220146,weber_violated
95,37,6,right,left,1.798181419958568,weber_violated
96,37,6,right,right,1.7579201198777943,weber_violated
97,37,6,right,right,1.0275464177544404,weber_violated
98,37,6,right,right,1.9887105868195165,weber_violated
99,37,6,right,right,1.7690541704469516,weber_violated
100,37,6,right,right,1.9906286447067847,weber_violated
101,37,7,right,right,2.1563958129241696,weber_violated
102,37,7,right,right,0.9214654099623014,weber_violated
103,37,7,right,right,1.3050744977505564,weber_violated
104,37,7,right,right,1.6479239970934194,weber_violated
105,37,7,right,right,1.311371428977549,weber_violated
106,37,7,right,right,1.1196767076791758,weber_violated
107,37,7,right,right,1.2128611772344098,weber_violated
108,37,7,right,right,1.2953120767914463,weber_violated
109,37,7,right,right,1.090720756196164,weber_violated
110,37,7,right,right,1.16830298653223,weber_violated
111,37,8,right,right,0.8768847236832407,weber_violated
112,37,8,right,right,0.7940241711324549,weber_violated
113,37,8,right,right,1.1568944633469853,weber_violated
114,37,8,right,right,0.7583488311957585,weber_violated
115,37,8,right,right,0.8339422745225105,weber_violated
116,37,8,right,right,0.7036149791098696,weber_violated
117,37,8,right,right,0.7178508349984047,weber_violated
118,37,8,right,right,1.2021064652271056,weber_violated
119,37,8,right,right,0.8935752211956265,weber_violated
120,37,8,right,right,1.3530278792466788,weber_violated
1,38,2,left,left,0.818794312271012,weber_violated
2,38,2,left,left,0.7874918022190645,weber_violated
3,38,2,left,left,0.9401350513331661,weber_violated
4,38,2,left,left,1.0705787916608192,weber_violated
5,38,2,left,left,0.7609572856516753,weber_violated
6,38,2,left,left,0.8216427799217363,weber_violated
7,38,2,left,left,1.1221134740584013,weber_violated
8,38,2,left,left,1.0395069262905678,weber_violated
9,38,2,left,left,0.7970644371931683,weber_violated
10,38,2,left,left,0.9280007684567348,weber_violated
11,38,3,left,left,1.0856831564298617,weber_violated
12,38,3,left,left,1.23214716787816,weber_violated
13,38,3,left,left,1.5037993228549513,weber_violated
14,38,3,left,left,1.5030773236712018,weber_violated
15,38,3,left,left,1.465052522848754,weber_violated
16,38,3,left,left,1.5166114267022206,weber_violated
17,38,3,left,left,1.5555105931957849,weber_violated
18,38,3,left,left,0.968610039012223,weber_violated
19,38,3,left,left,1.7413355910807296,weber_violated
20,38,3,left,left,1.6435423263207722,weber_violated
21,38,4,left,right,1.843071814019714,weber_violated
22,38,4,left,left,2.6399371161636327,weber_violated
23,38,4,left,left,1.4038107726035474,weber_violated
24,38,4,left,left,1.572457646021255,weber_violated
25,38,4,left,left,1.6618867271820548,weber_violated
26,38,4,left,left,1.930058827643839,weber_violated
27,38,4,left,left,1.7492542791283254,weber_violated
28,38,4,left,left,2.196118825808313,weber_violated
29,38,4,left,left,1.3438565203406843,weber_violated
30,38,4,left,right,1.78541105277916,weber_violated
31,38,6,left,left,2.047439820960657,weber_violated
32,38,6,left,left,2.216267941490953,weber_violated
33,38,6,left,left,1.0630177553337263,weber_violated
34,38,6,left,right,0.9500735365899036,weber_violated
35,38,6,left,right,3.256701925275792,weber_violated
36,38,6,left,left,1.3246930993511326,weber_violated
37,38,6,left,left,2.0356423200634652,weber_violated
38,38,6,left,right,1.9845571688540833,weber_violated
39,38,6,left,right,1.4347533611598766,weber_violated
40,38,6,left,left,1.7447424609982165,weber_violated
41,38,7,left,left,1.5694122932365238,weber_violated
42,38,7,left,left,1.1161566124718465,weber_violated
43,38,7,left,left,1.0628118333253413,weber_violated
44,38,7,left,left,0.8690831101342729,weber_violated
45,38,7,left,left,1.299545707738137,weber_violated
46,38,7,left,left,1.6411834178788691,weber_violated
47,38,7,left,left,1.1271014020148538,weber_violated
48,38,7,left,right,2.2955667815621834,weber_violated
49,38,7,left,left,0.9275877694385506,weber_violated
50,38,7,left,left,1.533625867610236,weber_violated
51,38,8,left,left,0.8139334794120727,weber_violated
52,38,8,left,left,1.1556231564817177,weber_violated
53,38,8,left,left,0.9042513503836187,weber_violated
54,38,8,left,left,0.9839276034705342,weber_violated
55,38,8,left,left,0.911617807071365,weber_violated
56,38,8,left,left,1.0174945787621985,weber_violated
57,38,8,left,left,1.1133052078043226,weber_violated
58,38,8,left,left,0.6412152920912357,weber_violated
59,38,8,left,left,1.0996821506692274,weber_violated
60,38,8,left,left,1.4241103630140313,weber_violated
61,38,2,right,right,1.2753109483698783,weber_violated
62,38,2,right,right,0.7709084869407268,weber_violated
63,38,2,right,right,0.749037191420761,weber_violated
64,38,2,right,right,0.7631376549272129,weber_violated
65,38,2,right,right,0.8260369891039747,weber_violated
66,38,2,right,right,0.7207807168937093,weber_violated
67,38,2,right,right,1.0719345210639908,weber_violated
68,38,2,right,right,1.0216574710372819,weber_violated
69,38,2,right,right,1.0585950794809573,weber_violated
70,38,2,right,right,0.8622640842787865,weber_violated
71,38,3,right,right,1.5549810131157822,weber_violated
72,38,3,right,right,1.313557910041075,weber_violated
73,38,3,right,right,1.4144238075403897,weber_violated
74,38,3,right,right,1.4676375471366163,weber_violated
75,38,3,right,right,0.8177672683395423,weber_violated
76,38,3,right,right,1.198749885590434,weber_violated
77,38,3,right,right,0.9003445629094533,weber_violated
78,38,3,right,left,1.1612394004514495,weber_violated
79,38,3,right,right,0.8670465503399609,weber_violated
80,38,3,right,right,1.4440342579077206,weber_violated
81,38,4,right,right,1.6025175301065775,weber_violated
82,38,4,right,left,0.9601660278670194,weber_violated
83,38,4,right,right,1.414842418906586,weber_violated
84,38,4,right,right,2.2270903595326024,weber_violated
85,38,4,right,left,1.492499020604524,weber_violated
86,38,4,right,right,2.221635130222304,weber_violated
87,38,4,right,right,2.7678839153237482,weber_violated
88,38,4,right,right,2.273044779630494,weber_violated
89,38,4,right,left,1.7023320060743645,weber_violated
90,38,4,right,right,1.2990560001494647,weber_violated
91,38,6,right,right,1.8124864557320406,weber_violated
92,38,6,right,right,1.243751005375009,weber_violated
93,38,6,right,left,1.2871984214942556,weber_violated
94,38,6,right,right,1.8352398688385352,weber_violated
95,38,6,right,right,2.299203611150807,weber_violated
96,38,6,right,right,1.765858460814734,weber_violated
97,38,6,right,right,2.0648750097982895,weber_violated
98,38,6,right,left,1.6114863389287897,weber_violated
99,38,6,right,left,1.465711730433458,weber_violated
100,38,6,right,left,1.822586421504057,weber_violated
101,38,7,right,right,1.1400126441962393,weber_violated
102,38,7,right,right,0.9704502108799227,weber_violated
103,38,7,right,right,1.6135443881905156,weber_violated
104,38,7,right,right,1.2000252554593078,weber_violated
105,38,7,right,right,1.229477683722129,weber_violated
106,38,7,right,right,1.0453900166406838,weber_violated
107,38,7,right,right,1.0420546716024641,weber_violated
108,38,7,right,right,0.9565934308760187,weber_violated
109,38,7,right,right,1.1408892567146167,weber_violated
110,38,7,right,right,1.6276842749669986,weber_violated
111,38,8,right,right,0.9222536809284063,weber_violated
112,38,8,right,right,0.6789443617019657,weber_violated
113,38,8,right,right,0.6600395364655502,weber_violated
114,38,8,right,right,0.7496862087903813,weber_violated
115,38,8,right,right,1.1914320153989704,weber_violated
116,38,8,right,right,0.932749117631755,weber_violated
117,38,8,right,right,0.800517877648736,weber_violated
118,38,8,right,right,1.0625444945159754,weber_violated
119,38,8,right,right,1.0312737164818409,weber_violated
120,38,8,right,right,1.1163113571113827,weber_violated
1,39,2,left,left,0.8887998707428966,weber_violated
2,39,2,left,left,0.6853201101221896,weber_violated
3,39,2,left,left,0.9581578853859736,weber_violated
4,39,2,left,left,0.8994138803947602,weber_violated
5,39,2,left,left,0.9129060943038239,weber_violated
6,39,2,left,left,1.2884628390075843,weber_violated
7,39,2,left,left,0.9443678258222767,weber_violated
8,39,2,left,left,0.7070842100353101,weber_violated
9,39,2,left,left,1.2984467402784892,weber_violated
10,39,2,left,left,1.4482253061343489,weber_violated
11,39,3,left,left,1.292575470296996,weber_violated
12,39,3,left,left,1.2765109726344306,weber_violated
13,39,3,left,left,0.97780518729103,weber_violated
14,39,3,left,left,0.9697912205366506,weber_violated
15,39,3,left,right,2.247991288257958,weber_violated
16,39,3,left,left,1.6304144603933255,weber_violated
17,39,3,left,left,1.060072973373672,weber_violated
18,39,3,left,left,0.981502828346879,weber_violated
19,39,3,left,left,1.244854485355841,weber_violated
20,39,3,left,left,1.3961198557459151,weber_violated
21,39,4,left,left,1.1822997000309565,weber_violated
22,39,4,left,right,1.6741729678683086,weber_violated
23,39,4,left,left,1.732516708378109,weber_violated
24,39,4,left,left,1.0087398957579623,weber_violated
25,39,4,left,right,1.7590554205367779,weber_violated
26,39,4,left,left,1.360389394241929,weber_violated
27,39,4,left,left,2.201813403814131,weber_violated
28,39,4,left,left,1.6867632142020008,weber_violated
29,39,4,left,left,1.2209619607533555,weber_violated
30,39,4,left,left,1.318627106946833,weber_violated
31,39,6,left,left,1.7270203169051082,weber_violated
32,39,6,left,right,4.657123960065405,weber_violated
33,39,6,left,left,1.5821688397335996,weber_violated
34,39,6,left,right,1.8591622445865361,weber_violated
35,39,6,left,right,1.5127143276025536,weber_violated
36,39,6,left,left,1.639344116883454,weber_violated
37,39,6,left,right,3.007449856416174,weber_violated
38,39,6,left,left,1.7235807763469826,weber_violated
39,39,6,left,left,1.5436640878673062,weber_violated
40,39,6,left,right,3.0446951210261055,weber_violated
41,39,7,left,left,1.2189021436420413,weber_violated
42,39,7,left,left,1.31686217040569,weber_violated
43,39,7,left,left,0.877911547897938,weber_violated
44,39,7,left,left,1.3019808013813778,weber_violated
45,39,7,left,left,0.9711823696943576,weber_violated
46,39,7,left,left,1.4958202948234194,weber_violated
47,39,7,left,left,1.3271611126370502,weber_violated
48,39,7,left,left,0.8814881992053079,weber_violated
49,39,7,left,left,0.9844568445903714,weber_violated
50,39,7,left,left,0.9380565089189712,weber_violated
51,39,8,left,left,0.7723314695526724,weber_violated
52,39,8,left,left,0.9062102679861777,weber_violated
53,39,8,left,left,0.8438094234045024,weber_violated
54,39,8,left,left,0.7827717884854204,weber_violated
55,39,8,left,left,0.8291432004467714,weber_violated
56,39,8,left,left,0.8112630057333259,weber_violated
57,39,8,left,left,0.8522105642124085,weber_violated
58,39,8,left,left,0.8996437011575806,weber_violated
59,39,8,left,left,0.8365786511380457,weber_violated
60,39,8,left,left,0.8364687207427692,weber_violated
61,39,2,right,right,1.0802908047176776,weber_violated
62,39,2,right,right,0.9341186383117606,weber_violated
63,39,2,right,right,0.9867691375073098,weber_violated
64,39,2,right,right,0.7906657515326065,weber_violated
65,39,2,right,right,1.1639540983206311,weber_violated
66,39,2,right,right,1.1963144300107091,weber_violated
67,39,2,right,right,1.1442370767134933,weber_violated
68,39,2,right,right,0.8478912226116442,weber_violated
69,39,2,right,right,0.8285132425512005,weber_violated
70,39,2,right,right,0.9792809128933084,weber_violated
71,39,3,right,right,1.5665172901942692,weber_violated
72,39,3,right,right,1.0463094856271415,weber_violated
73,39,3,right,right,1.3080102116632948,weber_violated
74,39,3,right,right,1.034759216344827,weber_violated
75,39,3,right,right,1.2622981596231209,weber_violated
76,39,3,right,right,0.8015201238270981,weber_violated
77,39,3,right,right,1.0125161838501113,weber_violated
78,39,3,right,right,0.850363770736696,weber_violated
79,39,3,right,right,1.3211639889009616,weber_violated
80,39,3,right,right,1.1582494366888407,weber_violated
81,39,4,right,left,2.9690047606311545,weber_violated
82,39,4,right,right,1.8459194712133937,weber_violated
83,39,4,right,right,3.0599236323506003,weber_violated
84,39,4,right,right,1.869306793891691,weber_violated
85,39,4,right,left,2.147993900802005,weber_violated
86,39,4,right,right,1.9091350631364676,weber_violated
87,39,4,right,right,4.697150199264761,weber_violated
88,39,4,right,right,1.992314955998869,weber_violated
89,39,4,right,right,2.3140030377204996,weber_violated
90,39,4,right,left,1.395369753477002,weber_violated
91,39,6,right,left,1.810006500179412,weber_violated
92,39,6,right,left,2.0499883160021213,weber_violated
93,39,6,right,left,1.463283846107371,weber_violated
94,39,6,right,left,1.2174241876629799,weber_violated
95,39,6,right,right,1.6501479970880735,weber_violated
96,39,6,right,right,1.6385919204216186,weber_violated
97,39,6,right,right,1.4834694208315236,weber_violated
98,39,6,right,right,1.368072031972494,weber_violated
99,39,6,right,right,2.743930044909039,weber_violated
100,39,6,right,right,1.284034572739083,weber_violated
101,39,7,right,right,1.9931839007305618,weber_violated
102,39,7,right,right,0.9821940010636465,weber_violated
103,39,7,right,right,1.2032237464429945,weber_violated
104,39,7,right,right,2.1086948753622545,weber_violated
105,39,7,right,left,1.2689750728086542,weber_violated
106,39,7,right,left,1.8578329044539041,weber_violated
107,39,7,right,left,1.48956061386423,weber_violated
108,39,7,right,right,1.925378144438886,weber_violated
109,39,7,right,right,1.9129035890229722,weber_violated
110,39,7,right,right,0.8678174795674392,weber_violated
111,39,8,right,right,0.7927113459966586,weber_violated
112,39,8,right,right,0.7451904181846005,weber_violated
113,39,8,right,right,0.8234445006107058,weber_violated
114,39,8,right,right,0.9526064023978869,weber_violated
115,39,8,right,right,1.4458143998887798,weber_violated
116,39,8,right,right,0.9451823522559366,weber_violated
117,39,8,right,right,1.016529912875859,weber_violated
118,39,8,right,right,0.8763492283205139,weber_violated
119,39,8,right,right,1.0620273696749931,weber_violated
120,39,8,right,right,1.1066293890655372,weber_violated
1,40,2,left,left,0.7954242374660607,weber_violated
2,40,2,left,left,0.9062698313216728,weber_violated
3,40,2,left,left,0.9739885102403261,weber_violated
4,40,2,left,left,1.11973469036349,weber_violated
5,40,2,left,left,0.7647931199733988,weber_violated
6,40,2,left,left,1.1846429894062336,weber_violated
7,40,2,left,left,0.8235897305564324,weber_violated
8,40,2,left,left,1.1423799106530066,weber_violated
9,40,2,left,left,0.6686490877774166,weber_violated
10,40,2,left,left,0.7434374940321415,weber_violated
11,40,3,left,left,1.310804204383086,weber_violated
12,40,3,left,right,2.5267101247873653,weber_violated
13,40,3,left,right,1.287743729342932,weber_violated
14,40,3,left,right,1.3675003937990007,weber_violated
15,40,3,left,left,1.3076654613788778,weber_violated
16,40,3,left,left,1.22768880517417,weber_violated
17,40,3,left,left,0.7863785246017598,weber_violated
18,40,3,left,right,1.2855358554295586,weber_violated
19,40,3,left,left,1.093291467071191,weber_violated
20,40,3,left,left,1.5762883953453872,weber_violated
21,40,4,left,left,2.3038737084064325,weber_violated
22,40,4,left,right,2.950736144295856,weber_violated
23,40,4,left,left,2.3460951669148242,weber_violated
24,40,4,left,left,1.2421718210403037,weber_violated
25,40,4,left,right,1.443663904700383,weber_violated
26,40,4,left,right,1.2673147189116147,weber_violated
27,40,4,left,left,2.385401794559577,weber_violated
28,40,4,left,left,1.604450576274357,weber_violated
29,40,4,left,left,1.0498333446276065,weber_violated
30,40,4,left,left,1.716918624762769,weber_violated
31,40,6,left,left,1.3913514288867121,weber_violated
32,40,6,left,left,1.514682375089076,weber_violated
33,40,6,left,left,2.749832974773994,weber_violated
34,40,6,left,left,0.9376811725291649,weber_violated
35,40,6,left,right,1.7798201301247087,weber_violated
36,40,6,left,left,1.4898762906337886,weber_violated
37,40,6,left,right,1.6884021311738784,weber_violated
38,40,6,left,left,2.250719848551018,weber_violated
39,40,6,left,left,1.640062165874615,weber_violated
40,40,6,left,left,1.9923032851220541,weber_violated
41,40,7,left,left,1.4454247426471192,weber_violated
42,40,7,left,left,1.179750159890675,weber_violated
43,40,7,left,left,1.5145883255045824,weber_violated
44,40,7,left,left,1.882419616139637,weber_violated
45,40,7,left,right,1.3409342549942909,weber_violated
46,40,7,left,left,0.8098856243711632,weber_violated
47,40,7,left,left,1.232348675146223,weber_violated
48,40,7,left,left,1.2609685219275195,weber_violated
49,40,7,left,left,1.106390661620594,weber_violated
50,40,7,left,left,1.4851864270957085,weber_violated
51,40,8,left,left,0.9720151325684347,weber_violated
52,40,8,left,left,0.7803597738813026,weber_violated
53,40,8,left,left,0.9588733511667946,weber_violated
54,40,8,left,left,1.1381786697718195,weber_violated
55,40,8,left,left,0.8295493883789018,weber_violated
56,40,8,left,left,1.0801918019814627,weber_violated
57,40,8,left,left,0.6580373276669498,weber_violated
58,40,8,left,left,0.9228675278921565,weber_violated
59,40,8,left,left,0.6625259900223099,weber_violated
60,40,8,left,left,1.1014685389478516,weber_violated
61,40,2,right,right,0.8562413879846147,weber_violated
62,40,2,right,right,0.9375107309193849,weber_violated
63,40,2,right,right,0.8203574088251919,weber_violated
64,40,2,right,right,0.8592972415756592,weber_violated
65,40,2,right,right,0.6671476343067735,weber_violated
66,40,2,right,right,0.8364062953090197,weber_violated
67,40,2,right,right,0.7259237520033115,weber_violated
68,40,2,right,right,0.5789505908800581,weber_violated
69,40,2,right,right,1.0734909409722415,weber_violated
70,40,2,right,right,0.8523952110484652,weber_violated
71,40,3,right,right,1.0555574556995642,weber_violated
72,40,3,right,right,0.9169335563638095,weber_violated
73,40,3,right,right,1.6148424995972137,weber_violated
74,40,3,right,right,1.6446826349119077,weber_violated
75,40,3,right,right,1.1762823660817678,weber_violated
76,40,3,right,right,1.1332075786764861,weber_violated
77,40,3,right,right,0.9565875490642,weber_violated
78,40,3,right,right,1.0151564643729403,weber_violated
79,40,3,right,right,1.037147221455862,weber_violated
80,40,3,right,right,0.9661606891066992,weber_violated
81,40,4,right,left,3.6812412606545353,weber_violated
82,40,4,right,right,2.555065439065245,weber_violated
83,40,4,right,right,1.7122574474199301,weber_violated
84,40,4,right,right,2.3497171749876116,weber_violated
85,40,4,right,right,1.7605871238852697,weber_violated
86,40,4,right,right,2.0377492693950496,weber_violated
87,40,4,right,right,2.3285753152391915,weber_violated
88,40,4,right,right,1.6893758113624393,weber_violated
89,40,4,right,right,1.7112124873057608,weber_violated
90,40,4,right,right,1.340413320195534,weber_violated
91,40,6,right,right,1.0024310162051377,weber_violated
92,40,6,right,right,1.8343552245013246,weber_violated
93,40,6,right,right,1.521382794294623,weber_violated
94,40,6,right,right,1.3689344415870563,weber_violated
95,40,6,right,left,2.0455255739417066,weber_violated
96,40,6,right,left,1.7039701690211289,weber_violated
97,40,6,right,right,1.4541559425051758,weber_violated
98,40,6,right,right,1.6374990429616547,weber_violated
99,40,6,right,left,1.4255464213748286,weber_violated
100,40,6,right,right,2.736457851125185,weber_violated
101,40,7,right,right,1.425261484702646,weber_violated
102,40,7,right,right,1.2462826066522092,weber_violated
103,40,7,right,right,1.1682678351759739,weber_violated
104,40,7,right,right,1.5840944031830688,weber_violated
105,40,7,right,right,1.1028847757109186,weber_violated
106,40,7,right,right,2.4033368733791525,weber_violated
107,40,7,right,right,1.3649690779997719,weber_violated
108,40,7,right,right,0.7490704498440899,weber_violated
109,40,7,right,right,1.4072860183035147,weber_violated
110,40,7,right,right,2.353116259471692,weber_violated
111,40,8,right,right,1.1231226866641066,weber_violated
112,40,8,right,right,0.8051615006270612,weber_violated
113,40,8,right,right,1.2910397675111962,weber_violated
114,40,8,right,right,1.376861049211609,weber_violated
115,40,8,right,right,0.8865215005191713,weber_violated
116,40,8,right,right,0.9308955615398664,weber_violated
117,40,8,right,right,0.8159109286606698,weber_violated
118,40,8,right,right,0.7812425259101048,weber_violated
119,40,8,right,right,1.0856733609985174,weber_violated
120,40,8,right,right,0.7371568390095713,weber_violated
1,41,2,left,left,0.8729257266426194,weber_violated
2,41,2,left,left,1.042167092266492,weber_violated
3,41,2,left,left,0.8314699440013673,weber_violated
4,41,2,left,left,0.8219774509347313,weber_violated
5,41,2,left,left,1.105614106718813,weber_violated
6,41,2,left,left,0.9876452661732287,weber_violated
7,41,2,left,left,0.7761232425759379,weber_violated
8,41,2,left,left,0.7681801807622746,weber_violated
9,41,2,left,left,0.862524015536644,weber_violated
10,41,2,left,left,1.1166804306379359,weber_violated
11,41,3,left,left,1.287543994418571,weber_violated
12,41,3,left,left,1.2133688310207043,weber_violated
13,41,3,left,left,0.8671782431854507,weber_violated
14,41,3,left,right,1.3955822933587403,weber_violated
15,41,3,left,left,1.2097056454192838,weber_violated
16,41,3,left,left,1.6024855833938256,weber_violated
17,41,3,left,left,0.9301384586240424,weber_violated
18,41,3,left,right,0.979222856214435,weber_violated
19,41,3,left,left,1.007943469431619,weber_violated
20,41,3,left,left,1.431386040028435,weber_violated
21,41,4,left,left,2.1790394447228874,weber_violated
22,41,4,left,left,1.1543894588350736,weber_violated
23,41,4,left,left,2.3484734580251554,weber_violated
24,41,4,left,right,1.3578281976357993,weber_violated
25,41,4,left,right,1.4935770442998058,weber_violated
26,41,4,left,right,1.954073113048517,weber_violated
27,41,4,left,left,1.2564344414542237,weber_violated
28,41,4,left,left,1.3087424187658543,weber_violated
29,41,4,left,left,1.7200533759212777,weber_violated
30,41,4,left,right,1.2541350142402676,weber_violated
31,41,6,left,left,2.6196515329596144,weber_violated
32,41,6,left,left,1.4973255171879292,weber_violated
33,41,6,left,right,1.5210946344233482,weber_violated
34,41,6,left,left,1.4117076435999434,weber_violated
35,41,6,left,left,1.9580086546414281,weber_violated
36,41,6,left,left,1.7010540213820373,weber_violated
37,41,6,left,left,2.268155379253617,weber_violated
38,41,6,left,left,2.2085458403933127,weber_violated
39,41,6,left,left,2.4125056927684763,weber_violated
40,41,6,left,right,1.512795263883158,weber_violated
41,41,7,left,left,0.9369242950169396,weber_violated
42,41,7,left,left,0.9914397701247664,weber_violated
43,41,7,left,left,1.4977636155966771,weber_violated
44,41,7,left,left,1.453888180013283,weber_violated
45,41,7,left,left,1.350124026611949,weber_violated
46,41,7,left,left,1.1386703018382325,weber_violated
47,41,7,left,left,1.7001421663779177,weber_violated
48,41,7,left,left,1.5014098201534272,weber_violated
49,41,7,left,right,2.8972910270659282,weber_violated
50,41,7,left,left,1.5962819222122515,weber_violated
51,41,8,left,left,0.8337771228117161,weber_violated
52,41,8,left,left,0.7933396047498802,weber_violated
53,41,8,left,left,0.5631093790973417,weber_violated
54,41,8,left,left,0.8127430828236841,weber_violated
55,41,8,left,left,0.866489845989973,weber_violated
56,41,8,left,left,0.8128771309101894,weber_violated
57,41,8,left,left,0.7964823999560311,weber_violated
58,41,8,left,left,0.6729772563508478,weber_violated
59,41,8,left,left,0.7603282828626068,weber_violated
60,41,8,left,left,0.8908848753791523,weber_violated
61,41,2,right,right,0.7655293845629298,weber_violated
62,41,2,right,right,1.0029864246466453,weber_violated
63,41,2,right,right,0.727040949528853,weber_violated
64,41,2,right,right,1.0311149922124223,weber_violated
65,41,2,right,right,0.9025538911868352,weber_violated
66,41,2,right,right,0.9265443868526022,weber_violated
67,41,2,right,right,0.6587831900894607,weber_violated
68,41,2,right,right,0.7084967650045895,weber_violated
69,41,2,right,right,1.0631432398252811,weber_violated
70,41,2,right,right,0.8652374136335825,weber_violated
71,41,3,right,right,0.7667563688887447,weber_violated
72,41,3,right,right,1.1693593677380831,weber_violated
73,41,3,right,right,1.851122161056461,weber_violated
74,41,3,right,right,2.753369383499696,weber_violated
75,41,3,right,right,0.9393679235302996,weber_violated
76,41,3,right,right,1.0605300303815233,weber_violated
77,41,3,right,right,1.5113643030624975,weber_violated
78,41,3,right,right,1.4321931900974811,weber_violated
79,41,3,right,right,1.3921496000900992,weber_violated
80,41,3,right,right,1.1423808182804789,weber_violated
81,41,4,right,right,1.2769580432032017,weber_violated
82,41,4,right,left,2.091279060783671,weber_violated
83,41,4,right,left,1.2136856518479466,weber_violated
84,41,4,right,left,2.5074134823069922,weber_violated
85,41,4,right,right,2.0419098886042524,weber_violated
86,41,4,right,right,2.751599588573809,weber_violated
87,41,4,right,right,2.1480307908554925,weber_violated
88,41,4,right,right,8.238033017251269,weber_violated
89,41,4,right,right,1.8374886936036332,weber_violated
90,41,4,right,right,2.029834353262957,weber_violated
91,41,6,right,right,1.315983272902773,weber_violated
92,41,6,right,left,2.885690425676442,weber_violated
93,41,6,right,left,2.750603617544003,weber_violated
94,41,6,right,left,1.3629564881092413,weber_violated
95,41,6,right,right,1.475546491072809,weber_violated
96,41,6,right,right,2.620753496700555,weber_violated
97,41,6,right,right,3.6602610787175704,weber_violated
98,41,6,right,left,2.4599330819071397,weber_violated
99,41,6,right,left,1.4864958274565538,weber_violated
100,41,6,right,right,2.4223716787583918,weber_violated
101,41,7,right,right,1.1403088713925325,weber_violated
102,41,7,right,right,1.0400958632263984,weber_violated
103,41,7,right,right,1.1800894973961669,weber_violated
104,41,7,right,right,1.4311085125372065,weber_violated
105,41,7,right,right,0.8939639419256327,weber_violated
106,41,7,right,right,1.0844727306677355,weber_violated
107,41,7,right,right,1.3521690754068936,weber_violated
108,41,7,right,left,1.705881505965311,weber_violated
109,41,7,right,right,1.25194219108433,weber_violated
110,41,7,right,right,1.6910403214987964,weber_violated
111,41,8,right,right,1.3656656351521606,weber_violated
112,41,8,right,right,0.7823099663735316,weber_violated
113,41,8,right,right,1.1092188924098938,weber_violated
114,41,8,right,right,0.7644385132818279,weber_violated
115,41,8,right,right,1.0310525115774045,weber_violated
116,41,8,right,right,0.8873902765857913,weber_violated
117,41,8,right,right,1.3548229690296847,weber_violated
118,41,8,right,right,0.7574886838843824,weber_violated
119,41,8,right,right,0.9476362318841756,weber_violated
120,41,8,right,right,1.201929501397106,weber_violated
1,42,2,left,left,0.7629925359159679,weber_violated
2,42,2,left,left,1.0344789254268443,weber_violated
3,42,2,left,left,0.9598619145091543,weber_violated
4,42,2,left,left,0.6906131429073782,weber_violated
5,42,2,left,left,0.8705195456676766,weber_violated
6,42,2,left,left,0.6443275748772129,weber_violated
7,42,2,left,left,1.1678079012739682,weber_violated
8,42,2,left,left,1.1613894879652087,weber_violated
9,42,2,left,left,0.97375262019744,weber_violated
10,42,2,left,left,0.7413684748362306,weber_violated
11,42,3,left,left,1.014658557840084,weber_violated
12,42,3,left,left,1.3637670087423701,weber_violated
13,42,3,left,left,0.9992386437697749,weber_violated
14,42,3,left,left,0.8546322641605646,weber_violated
15,42,3,left,left,1.8250608199433642,weber_violated
16,42,3,left,left,1.5708637021275762,weber_violated
17,42,3,left,left,1.0968856808839784,weber_violated
18,42,3,left,left,0.8731269994011694,weber_violated
19,42,3,left,right,2.754544578337382,weber_violated
20,42,3,left,left,0.9046153378297634,weber_violated
21,42,4,left,left,1.8419686188160653,weber_violated
22,42,4,left,left,1.8240540964307832,weber_violated
23,42,4,left,left,1.6461159676170707,weber_violated
24,42,4,left,left,1.3678782424810503,weber_violated
25,42,4,left,right,1.3701348375494642,weber_violated
26,42,4,left,left,2.4476892069452423,weber_violated
27,42,4,left,left,1.158184568345837,weber_violated
28,42,4,left,right,1.6799248546941834,weber_violated
29,42,4,left,right,1.4786384384297813,weber_violated
30,42,4,left,left,2.1001920205497164,weber_violated
31,42,6,left,left,1.9215295030860164,weber_violated
32,42,6,left,right,1.5747320987411997,weber_violated
33,42,6,left,left,1.366180629381827,weber_violated
34,42,6,left,left,1.4762683550250009,weber_violated
35,42,6,left,right,2.6929562726382152,weber_violated
36,42,6,left,left,1.3620729994517342,weber_violated
37,42,6,left,left,1.6594781686662623,weber_violated
38,42,6,left,left,1.2059653781036306,weber_violated
39,42,6,left,left,2.3389759968807335,weber_violated
40,42,6,left,right,1.5806753719075053,weber_violated
41,42,7,left,left,1.7675044577670935,weber_violated
42,42,7,left,left,1.1904478344469145,weber_violated
43,42,7,left,left,1.3532658639439115,weber_violated
44,42,7,left,left,1.5104670049910758,weber_violated
45,42,7,left,right,1.3913276647178023,weber_violated
46,42,7,left,left,1.4591782817577856,weber_violated
47,42,7,left,left,1.164681958573527,weber_violated
48,42,7,left,left,1.4146356786606649,weber_violated
49,42,7,left,left,1.5956297440997724,weber_violated
50,42,7,left,left,1.0091571663131444,weber_violated
51,42,8,left,left,1.2168905927967044,weber_violated
52,42,8,left,left,1.294244321189295,weber_violated
53,42,8,left,left,0.8214286003952413,weber_violated
54,42,8,left,left,0.6622961909331497,weber_violated
55,42,8,left,left,1.2275413154319565,weber_violated
56,42,8,left,left,0.7795644522115055,weber_violated
57,42,8,left,left,0.9074277821454162,weber_violated
58,42,8,left,left,1.2005341331003652,weber_violated
59,42,8,left,left,0.7813718573125441,weber_violated
60,42,8,left,left,0.8065657031143181,weber_violated
61,42,2,right,right,0.8736302121778432,weber_violated
62,42,2,right,right,1.1224249341980614,weber_violated
63,42,2,right,right,0.9277845489337033,weber_violated
64,42,2,right,right,0.7051432443001657,weber_violated
65,42,2,right,right,0.8432168006824798,weber_violated
66,42,2,right,right,0.9849741613611875,weber_violated
67,42,2,right,right,0.7811471493628912,weber_violated
68,42,2,right,right,0.8506768390281603,weber_violated
69,42,2,right,right,0.7889768275092903,weber_violated
70,42,2,right,right,1.139525960103832,weber_violated
71,42,3,right,right,1.119994773308353,weber_violated
72,42,3,right,right,0.8405268808990132,weber_violated
73,42,3,right,left,1.5313265444717599,weber_violated
74,42,3,right,right,1.1276774990331735,weber_violated
75,42,3,right,right,1.2277593482207667,weber_violated
76,42,3,right,right,0.9744790435396107,weber_violated
77,42,3,right,right,0.9135343434819116,weber_violated
78,42,3,right,right,2.191786469859383,weber_violated
79,42,3,right,right,1.4774963209825713,weber_violated
80,42,3,right,right,1.2027134388357996,weber_violated
81,42,4,right,right,1.3732919480469858,weber_violated
82,42,4,right,left,4.491181229243157,weber_violated
83,42,4,right,right,2.194386960772209,weber_violated
84,42,4,right,left,2.0444416827414904,weber_violated
85,42,4,right,right,1.534780731465089,weber_violated
86,42,4,right,right,2.099024275525852,weber_violated
87,42,4,right,right,1.970486014061411,weber_violated
88,42,4,right,right,3.0226162863480392,weber_violated
89,42,4,right,right,1.7901233481530199,weber_violated
90,42,4,right,right,1.5704362587237377,weber_violated
91,42,6,right,right,1.5557667484812878,weber_violated
92,42,6,right,right,1.1146761387526645,weber_violated
93,42,6,right,right,1.0584840239594144,weber_violated
94,42,6,right,right,2.148735613944954,weber_violated
95,42,6,right,right,5.275796242134983,weber_violated
96,42,6,right,right,1.9361692283748115,weber_violated
97,42,6,right,right,1.1326439938006523,weber_violated
98,42,6,right,left,2.0184720191523393,weber_violated
99,42,6,right,right,2.1692677970212135,weber_violated
100,42,6,right,right,1.3832239128814852,weber_violated
101,42,7,right,right,0.8560289898735121,weber_violated
102,42,7,right,right,1.565585682702934,weber_violated
103,42,7,right,right,1.5588492269495189,weber_violated
104,42,7,right,right,0.9212495307149591,weber_violated
105,42,7,right,right,1.7054148806163592,weber_violated
106,42,7,right,right,0.8847425858315734,weber_violated
107,42,7,right,right,0.8197690983985824,weber_violated
108,42,7,right,right,1.8575449803257544,weber_violated
109,42,7,right,right,0.9209844369225477,weber_violated
110,42,7,right,right,1.2109909589101533,weber_violated
111,42,8,right,right,1.0005447415135005,weber_violated
112,42,8,right,right,0.9013708227831971,weber_violated
113,42,8,right,right,0.7843268886138932,weber_violated
114,42,8,right,right,1.2018586953657922,weber_violated
115,42,8,right,right,0.8521289961915861,weber_violated
116,42,8,right,right,0.7351003233586637,weber_violated
117,42,8,right,right,0.9456818883861049,weber_violated
118,42,8,right,right,0.7999400932296861,weber_violated
119,42,8,right,right,0.8923646965713306,weber_violated
120,42,8,right,right,0.8825389186869579,weber_violated
1,43,2,left,left,1.127991834049689,weber_violated
2,43,2,left,left,1.6175518208033162,weber_violated
3,43,2,left,left,0.8731869180749077,weber_violated
4,43,2,left,left,0.949984855152749,weber_violated
5,43,2,left,left,0.8975454517261394,weber_violated
6,43,2,left,left,1.0194278885695793,weber_violated
7,43,2,left,left,0.866549562095897,weber_violated
8,43,2,left,left,0.7870799865192744,weber_violated
9,43,2,left,left,0.9838327839588752,weber_violated
10,43,2,left,left,0.7808411333054874,weber_violated
11,43,3,left,left,1.151462904759304,weber_violated
12,43,3,left,left,1.638676308641646,weber_violated
13,43,3,left,left,1.1323737227811448,weber_violated
14,43,3,left,left,1.405158378411368,weber_violated
15,43,3,left,left,0.8933247327195133,weber_violated
16,43,3,left,left,1.7562038761130576,weber_violated
17,43,3,left,right,1.2189402224145274,weber_violated
18,43,3,left,left,2.1273017328213917,weber_violated
19,43,3,left,left,1.6530634437139016,weber_violated
20,43,3,left,left,1.6408842294428627,weber_violated
21,43,4,left,left,1.3184415081012095,weber_violated
22,43,4,left,left,2.137369964904019,weber_violated
23,43,4,left,left,1.6977073117273518,weber_violated
24,43,4,left,left,2.209051286685883,weber_violated
25,43,4,left,left,1.7820652589619037,weber_violated
26,43,4,left,right,1.540142013853971,weber_violated
27,43,4,left,left,1.743768679885596,weber_violated
28,43,4,left,right,2.468195184776698,weber_violated
29,43,4,left,left,1.9848160580304706,weber_violated
30,43,4,left,left,2.4778923541032043,weber_violated
31,43,6,left,left,1.693623224516919,weber_violated
32,43,6,left,left,1.5377239629581447,weber_violated
33,43,6,left,left,1.6492708645515821,weber_violated
34,43,6,left,right,2.75526192036635,weber_violated
35,43,6,left,left,1.436645983551575,weber_violated
36,43,6,left,left,8.544692043449132,weber_violated
37,43,6,left,left,1.0643019318320106,weber_violated
38,43,6,left,left,1.387592800346448,weber_violated
39,43,6,left,left,3.598124677228403,weber_violated
40,43,6,left,left,1.7118245282133793,weber_violated
41,43,7,left,left,0.896089578057583,weber_violated
42,43,7,left,left,1.0736826528820334,weber_violated
43,43,7,left,left,1.3039363620644029,weber_violated
44,43,7,left,left,1.0236390819423995,weber_violated
45,43,7,left,left,1.081594618343125,weber_violated
46,43,7,left,left,1.014866460018016,weber_violated
47,43,7,left,left,1.2632565581822117,weber_violated
48,43,7,left,left,2.042859495923096,weber_violated
49,43,7,left,left,1.287872868764969,weber_violated
50,43,7,left,left,1.5650597919944846,weber_violated
51,43,8,left,left,1.0964363434854731,weber_violated
52,43,8,left,left,0.7773240881907768,weber_violated
53,43,8,left,left,0.8960259918728968,weber_violated
54,43,8,left,left,0.8409070713968254,weber_violated
55,43,8,left,left,0.8884681175843381,weber_violated
56,43,8,left,left,0.8491501226957854,weber_violated
57,43,8,left,left,0.806618560937683,weber_violated
58,43,8,left,left,0.942366138719043,weber_violated
59,43,8,left,left,0.7275805144822722,weber_violated
60,43,8,left,left,0.8295711361439595,weber_violated
61,43,2,right,right,0.7945777252120345,weber_violated
62,43,2,right,right,1.2132982668176082,weber_violated
63,43,2,right,right,0.918084465412278,weber_violated
64,43,2,right,right,0.822127790342843,weber_violated
65,43,2,right,right,0.9653412963408832,weber_violated
66,43,2,right,right,0.7161397774639171,weber_violated
67,43,2,right,right,0.8601025190115132,weber_violated
68,43,2,right,right,0.9205319997098285,weber_violated
69,43,2,right,right,0.9155795318447455,weber_violated
70,43,2,right,right,0.771424879211797,weber_violated
71,43,3,right,right,1.651296007184065,weber_violated
72,43,3,right,right,1.2164699279754918,weber_violated
73,43,3,right,right,1.2476578095699298,weber_violated
74,43,3,right,right,1.275223349805504,weber_violated
75,43,3,right,right,0.9725300565035409,weber_violated
76,43,3,right,right,1.8074687000131753,weber_violated
77,43,3,right,right,1.6795071516538453,weber_violated
78,43,3,right,left,0.9942027612614139,weber_violated
79,43,3,right,left,2.3839653815637525,weber_violated
80,43,3,right,right,0.8702763765939665,weber_violated
81,43,4,right,left,1.5526348921839392,weber_violated
82,43,4,right,right,1.2194942381157412,weber_violated
83,43,4,right,right,1.5740617571302196,weber_violated
84,43,4,right,left,1.4405560964901405,weber_violated
85,43,4,right,left,1.9228074062654767,weber_violated
86,43,4,right,right,1.802195053923755,weber_violated
87,43,4,right,right,1.8089949124866909,weber_violated
88,43,4,right,left,1.5854150094512791,weber_violated
89,43,4,right,right,1.332430702984788,weber_violated
90,43,4,right,right,1.7171013825923396,weber_violated
91,43,6,right,right,1.8891743752848058,weber_violated
92,43,6,right,right,1.1411610605026627,weber_violated
93,43,6,right,right,1.6666692189451529,weber_violated
94,43,6,right,left,1.9175227638816377,weber_violated
95,43,6,right,right,1.4743629390888198,weber_violated
96,43,6,right,right,1.5632568069698354,weber_violated
97,43,6,right,left,1.594423369452709,weber_violated
98,43,6,right,right,1.7565796590079417,weber_violated
99,43,6,right,right,3.7064620549775493,weber_violated
100,43,6,right,right,2.0960656064618384,weber_violated
101,43,7,right,right,1.138458516709378,weber_violated
102,43,7,right,right,0.9077405856089888,weber_violated
103,43,7,right,right,0.7798344451350716,weber_violated
104,43,7,right,right,0.8790924216624822,weber_violated
105,43,7,right,right,0.998359720069369,weber_violated
106,43,7,right,right,1.0010155677091503,weber_violated
107,43,7,right,right,1.181002666268211,weber_violated
108,43,7,right,right,1.1234284523161058,weber_violated
109,43,7,right,right,0.9449773728544166,weber_violated
110,43,7,right,right,1.237109176570511,weber_violated
111,43,8,right,right,0.9800129750124544,weber_violated
112,43,8,right,right,0.7354428753846223,weber_violated
113,43,8,right,right,0.7534313818579967,weber_violated
114,43,8,right,right,1.198763068654105,weber_violated
115,43,8,right,right,1.078474957710325,weber_violated
116,43,8,right,right,0.6846050359442784,weber_violated
117,43,8,right,right,0.8643348996721829,weber_violated
118,43,8,right,right,0.8524825042355986,weber_violated
119,43,8,right,right,0.8209113585229539,weber_violated
120,43,8,right,right,1.832443919083692,weber_violated
1,44,2,left,left,1.0340577313640884,weber_violated
2,44,2,left,left,0.9404064134212382,weber_violated
3,44,2,left,left,0.9287509812397272,weber_violated
4,44,2,left,left,0.702208675897728,weber_violated
5,44,2,left,left,0.9109900951128702,weber_violated
6,44,2,left,left,0.8690452660863948,weber_violated
7,44,2,left,left,1.2747595696052567,weber_violated
8,44,2,left,left,1.1226316987573703,weber_violated
9,44,2,left,left,1.1285629416172416,weber_violated
10,44,2,left,left,1.372418997180824,weber_violated
11,44,3,left,left,1.0623356519353948,weber_violated
12,44,3,left,left,1.105200902670789,weber_violated
13,44,3,left,left,0.9082072082108998,weber_violated
14,44,3,left,left,2.0950414041350585,weber_violated
15,44,3,left,left,1.5544399036876666,weber_violated
16,44,3,left,left,0.9314936935712794,weber_violated
17,44,3,left,left,0.9255760956222319,weber_violated
18,44,3,left,left,1.7382308202583783,weber_violated
19,44,3,left,left,1.1035403137271373,weber_violated
20,44,3,left,left,1.4945926920258512,weber_violated
21,44,4,left,right,1.638520246246812,weber_violated
22,44,4,left,right,1.5163160222362329,weber_violated
23,44,4,left,left,1.1120250465892623,weber_violated
24,44,4,left,left,1.8085001440278872,weber_violated
25,44,4,left,left,1.7108873529586153,weber_violated
26,44,4,left,left,1.93594747598343,weber_violated
27,44,4,left,right,2.652898922739344,weber_violated
28,44,4,left,right,2.151348509894901,weber_violated
29,44,4,left,left,2.3300603692382986,weber_violated
30,44,4,left,right,2.0229130739216195,weber_violated
31,44,6,left,right,1.5140824670766584,weber_violated
32,44,6,left,left,1.649668013012406,weber_violated
33,44,6,left,right,2.8777326950024182,weber_violated
34,44,6,left,left,1.662822165753584,weber_violated
35,44,6,left,left,1.6038965855249145,weber_violated
36,44,6,left,left,1.711362545326448,weber_violated
37,44,6,left,right,1.136313969127126,weber_violated
38,44,6,left,left,1.1861638769617637,weber_violated
39,44,6,left,right,7.537630276566127,weber_violated
40,44,6,left,right,1.739652745462282,weber_violated
41,44,7,left,left,0.9854261472488479,weber_violated
42,44,7,left,left,1.171472480226945,weber_violated
43,44,7,left,left,1.267341586877666,weber_violated
44,44,7,left,left,1.136750567452567,weber_violated
45,44,7,left,left,1.583249056812797,weber_violated
46,44,7,left,left,0.8393334258027014,weber_violated
47,44,7,left,left,1.625767455297146,weber_violated
48,44,7,left,left,2.2223898498184473,weber_violated
49,44,7,left,left,1.6068131860740873,weber_violated
50,44,7,left,left,1.2704729558998105,weber_violated
51,44,8,left,left,0.9389050640304899,weber_violated
52,44,8,left,left,0.8301009538839188,weber_violated
53,44,8,left,left,1.122907666286794,weber_violated
54,44,8,left,left,1.2423332988187183,weber_violated
55,44,8,left,left,0.9890023690917733,weber_violated
56,44,8,left,left,1.0582290852613554,weber_violated
57,44,8,left,left,0.8332398474363991,weber_violated
58,44,8,left,left,0.7759341057419422,weber_violated
59,44,8,left,left,1.0816143213822227,weber_violated
60,44,8,left,left,0.8567296390980899,weber_violated
61,44,2,right,right,0.7850041186359709,weber_violated
62,44,2,right,right,0.9051053020192892,weber_violated
63,44,2,right,right,0.7152543575831951,weber_violated
64,44,2,right,right,0.85494620500647,weber_violated
65,44,2,right,right,1.024688516587908,weber_violated
66,44,2,right,right,1.1021491701488564,weber_violated
67,44,2,right,right,0.8263861856522692,weber_violated
68,44,2,right,right,0.9063052582758631,weber_violated
69,44,2,right,right,0.8271858072471359,weber_violated
70,44,2,right,left,1.6587006496853491,weber_violated
71,44,3,right,right,1.068559742149182,weber_violated
72,44,3,right,right,1.2322154638603315,weber_violated
73,44,3,right,right,1.126780126620155,weber_violated
74,44,3,right,right,0.8734072940027047,weber_violated
75,44,3,right,left,1.1330623463407816,weber_violated
76,44,3,right,right,0.9806151576365805,weber_violated
77,44,3,right,right,1.051246386431101,weber_violated
78,44,3,right,right,0.9868960936973417,weber_violated
79,44,3,right,right,0.9913350826465182,weber_violated
80,44,3,right,right,1.3612357376335438,weber_violated
81,44,4,right,right,1.6039476277944942,weber_violated
82,44,4,right,left,1.9345806711356113,weber_violated
83,44,4,right,left,1.200000649828627,weber_violated
84,44,4,right,right,2.8419617370515105,weber_violated
85,44,4,right,right,1.7394157005752555,weber_violated
86,44,4,right,left,1.455804120777357,weber_violated
87,44,4,right,right,2.324891297779722,weber_violated
88,44,4,right,right,3.2064096408357114,weber_violated
89,44,4,right,right,1.3359407499500633,weber_violated
90,44,4,right,right,2.693448496457699,weber_violated
91,44,6,right,right,1.1145351340975236,weber_violated
92,44,6,right,right,1.2404157916008391,weber_violated
93,44,6,right,left,1.5268579506910787,weber_violated
94,44,6,right,right,2.358772470492425,weber_violated
95,44,6,right,right,2.0860238607403705,weber_violated
96,44,6,right,right,1.8256040234904822,weber_violated
97,44,6,right,left,2.1586965654148003,weber_violated
98,44,6,right,right,2.179257576078106,weber_violated
99,44,6,right,right,1.1930366233745093,weber_violated
100,44,6,right,right,1.5996777034628442,weber_violated
101,44,7,right,right,1.229998079109203,weber_violated
102,44,7,right,left,1.5023735412485533,weber_violated
103,44,7,right,right,1.3999715250399427,weber_violated
104,44,7,right,right,0.9634000120753401,weber_violated
105,44,7,right,right,0.7854069715114051,weber_violated
106,44,7,right,right,1.168968010707205,weber_violated
107,44,7,right,right,1.0327285190510065,weber_violated
108,44,7,right,right,1.1265866545394103,weber_violated
109,44,7,right,right,1.3250062790415704,weber_violated
110,44,7,right,right,1.5533101464583168,weber_violated
111,44,8,right,right,0.8279500104621975,weber_violated
112,44,8,right,right,1.0122761165939562,weber_violated
113,44,8,right,right,0.7037779917231273,weber_violated
114,44,8,right,right,0.8166274303669026,weber_violated
115,44,8,right,right,0.7567520543613395,weber_violated
116,44,8,right,right,0.855390085460237,weber_violated
117,44,8,right,right,0.9527752581685147,weber_violated
118,44,8,right,right,0.7130996242401499,weber_violated
119,44,8,right,right,1.201520560514403,weber_violated
120,44,8,right,right,0.843441490324669,weber_violated
1,45,2,left,left,1.5804000921851329,weber_violated
2,45,2,left,left,1.0261662043012272,weber_violated
3,45,2,left,left,0.9022240947802211,weber_violated
4,45,2,left,left,0.9092470163491781,weber_violated
5,45,2,left,left,1.0384134468550845,weber_violated
6,45,2,left,left,0.7203808199375885,weber_violated
7,45,2,left,left,0.8386557208119578,weber_violated
8,45,2,left,left,1.0198950134485818,weber_violated
9,45,2,left,left,0.6152117821591498,weber_violated
10,45,2,left,left,0.7933640019419668,weber_violated
11,45,3,left,right,1.730371636090063,weber_violated
12,45,3,left,left,2.309793009166662,weber_violated
13,45,3,left,right,1.7355618609353232,weber_violated
14,45,3,left,left,1.0549115505613091,weber_violated
15,45,3,left,left,1.0390030932348429,weber_violated
16,45,3,left,left,1.1339106949358897,weber_violated
17,45,3,left,left,1.2406996254612441,weber_violated
18,45,3,left,left,1.4046931875815132,weber_violated
19,45,3,left,left,1.132595671565038,weber_violated
20,45,3,left,left,1.5066886499724508,weber_violated
21,45,4,left,left,1.286183418269302,weber_violated
22,45,4,left,left,2.837916964087181,weber_violated
23,45,4,left,left,3.20298320329361,weber_violated
24,45,4,left,left,1.1357099694707824,weber_violated
25,45,4,left,left,4.957084015337043,weber_violated
26,45,4,left,left,1.7304039411348846,weber_violated
27,45,4,left,left,1.7883831316576297,weber_violated
28,45,4,left,left,1.153613628061985,weber_violated
29,45,4,left,left,1.598596050314155,weber_violated
30,45,4,left,left,3.3233361296979993,weber_violated
31,45,6,left,left,2.25529968278619,weber_violated
32,45,6,left,left,1.895040196009808,weber_violated
33,45,6,left,right,1.6885300949635107,weber_violated
34,45,6,left,left,1.5986996921448773,weber_violated
35,45,6,left,right,1.8014527220573116,weber_violated
36,45,6,left,left,1.7911814525782408,weber_violated
37,45,6,left,left,1.6444004727831976,weber_violated
38,45,6,left,left,3.2208921743796037,weber_violated
39,45,6,left,left,1.4447380418314217,weber_violated
40,45,6,left,left,2.9897157095115765,weber_violated
41,45,7,left,left,1.1980852110705218,weber_violated
42,45,7,left,left,1.5608727325060732,weber_violated
43,45,7,left,left,0.9946862039687645,weber_violated
44,45,7,left,left,1.6342081180477344,weber_violated
45,45,7,left,left,1.0121663959697984,weber_violated
46,45,7,left,left,0.9204209328327047,weber_violated
47,45,7,left,left,1.0262185007018954,weber_violated
48,45,7,left,left,1.0618719094483744,weber_violated
49,45,7,left,left,1.2661204482840833,weber_violated
50,45,7,left,left,1.0789654207761108,weber_violated
51,45,8,left,left,0.9179773915939924,weber_violated
52,45,8,left,left,0.702780244027345,weber_violated
53,45,8,left,left,1.2124656202498487,weber_violated
54,45,8,left,left,0.8170322866584057,weber_violated
55,45,8,left,left,0.9768676736330624,weber_violated
56,45,8,left,left,0.655687428245507,weber_violated
57,45,8,left,left,0.8588318702356863,weber_violated
58,45,8,left,left,0.8171380298709341,weber_violated
59,45,8,left,left,0.9696466928566163,weber_violated
60,45,8,left,left,0.9706712711964687,weber_violated
61,45,2,right,right,0.9663145166989349,weber_violated
62,45,2,right,right,0.9638292358290352,weber_violated
63,45,2,right,right,0.7961905661744018,weber_violated
64,45,2,right,right,0.7819710530607786,weber_violated
65,45,2,right,right,1.0336222423820054,weber_violated
66,45,2,right,right,0.9343614408376326,weber_violated
67,45,2,right,right,1.0416314521032013,weber_violated
68,45,2,right,right,0.778586613177146,weber_violated
69,45,2,right,right,0.8423349633149977,weber_violated
70,45,2,right,right,0.8681752962081799,weber_violated
71,45,3,right,right,1.1020834460451197,weber_violated
72,45,3,right,right,1.212336841378075,weber_violated
73,45,3,right,right,1.6199809987972962,weber_violated
74,45,3,right,right,1.0566414661054802,weber_violated
75,45,3,right,right,2.2133258197008856,weber_violated
76,45,3,right,right,1.4749241471493737,weber_violated
77,45,3,right,left,1.5925816378218054,weber_violated
78,45,3,right,right,0.7911134640294257,weber_violated
79,45,3,right,right,2.059660266362946,weber_violated
80,45,3,right,right,0.9091357156944573,weber_violated
81,45,4,right,left,1.511522047799442,weber_violated
82,45,4,right,right,1.7972213206219168,weber_violated
83,45,4,right,right,1.8573798024761259,weber_violated
84,45,4,right,left,1.2156406719315844,weber_violated
85,45,4,right,right,1.4718476195046346,weber_violated
86,45,4,right,left,1.816621475552925,weber_violated
87,45,4,right,right,3.8537759167441,weber_violated
88,45,4,right,right,2.297112091586607,weber_violated
89,45,4,right,right,1.8250257185554202,weber_violated
90,45,4,right,right,1.0040419345889402,weber_violated
91,45,6,right,right,1.5566235066673004,weber_violated
92,45,6,right,right,3.0055849900522826,weber_violated
93,45,6,right,left,1.2563723596796086,weber_violated
94,45,6,right,right,1.2539348261435947,weber_violated
95,45,6,right,left,1.285921653237541,weber_violated
96,45,6,right,right,2.896809318367998,weber_violated
97,45,6,right,left,2.020532383963779,weber_violated
98,45,6,right,left,1.9177973160786448,weber_violated
99,45,6,right,left,2.3169095963323887,weber_violated
100,45,6,right,right,0.7713137513249664,weber_violated
101,45,7,right,right,0.8221993170369086,weber_violated
102,45,7,right,right,0.8628192653822848,weber_violated
103,45,7,right,right,1.080488332653446,weber_violated
104,45,7,right,right,1.258944408978864,weber_violated
105,45,7,right,right,1.0471690622575718,weber_violated
106,45,7,right,right,1.3505732900581402,weber_violated
107,45,7,right,right,0.8567311610127959,weber_violated
108,45,7,right,right,0.9485566965353831,weber_violated
109,45,7,right,right,1.451085541021026,weber_violated
110,45,7,right,right,2.094704685701154,weber_violated
111,45,8,right,right,0.769101997460079,weber_violated
112,45,8,right,right,1.0398356064097918,weber_violated
113,45,8,right,right,0.9342101532784941,weber_violated
114,45,8,right,right,0.7931130043550787,weber_violated
115,45,8,right,right,1.2726990143374677,weber_violated
116,45,8,right,right,0.8225806820823107,weber_violated
117,45,8,right,right,1.1811377890181538,weber_violated
118,45,8,right,right,0.9548277269120544,weber_violated
119,45,8,right,right,1.0920688284207263,weber_violated
120,45,8,right,right,0.9436628496493391,weber_violated
1,46,2,left,left,1.3492619383832372,weber_violated
2,46,2,left,left,1.3773102571354032,weber_violated
3,46,2,left,left,0.7660061488846619,weber_violated
4,46,2,left,left,0.7704843021992347,weber_violated
5,46,2,left,left,0.7356768933497924,weber_violated
6,46,2,left,left,0.7907477085878416,weber_violated
7,46,2,left,left,1.0068552957516068,weber_violated
8,46,2,left,left,1.1213311713772856,weber_violated
9,46,2,left,left,0.8435689548059144,weber_violated
10,46,2,left,left,0.7223093828301779,weber_violated
11,46,3,left,left,1.9043296660523088,weber_violated
12,46,3,left,left,1.0331033065221644,weber_violated
13,46,3,left,left,1.8591753949888474,weber_violated
14,46,3,left,left,0.7921698227834266,weber_violated
15,46,3,left,left,1.9083030788380606,weber_violated
16,46,3,left,left,1.144509065240177,weber_violated
17,46,3,left,left,1.0730653852105887,weber_violated
18,46,3,left,left,0.7856477185943835,weber_violated
19,46,3,left,left,1.1706969715769753,weber_violated
20,46,3,left,left,0.8733623893358105,weber_violated
21,46,4,left,left,1.8366785460333326,weber_violated
22,46,4,left,right,2.9334966612520375,weber_violated
23,46,4,left,left,1.0478189152954653,weber_violated
24,46,4,left,left,1.3483764119863764,weber_violated
25,46,4,left,left,1.1624663460779594,weber_violated
26,46,4,left,left,2.9476242659553815,weber_violated
27,46,4,left,left,2.477078586753911,weber_violated
28,46,4,left,left,1.1778080704979368,weber_violated
29,46,4,left,right,1.5684819012350266,weber_violated
30,46,4,left,left,1.3401720775941863,weber_violated
31,46,6,left,left,1.700743278807037,weber_violated
32,46,6,left,right,1.4725299365388163,weber_violated
33,46,6,left,right,2.3900921687256056,weber_violated
34,46,6,left,left,2.1757261128795995,weber_violated
35,46,6,left,left,1.9329960579462584,weber_violated
36,46,6,left,left,1.5426344919229462,weber_violated
37,46,6,left,right,1.6623741462293715,weber_violated
38,46,6,left,right,1.4304021648320853,weber_violated
39,46,6,left,right,2.89202277587874,weber_violated
40,46,6,left,left,1.491522241230697,weber_violated
41,46,7,left,left,1.3586615496767942,weber_violated
42,46,7,left,left,0.9929393117163821,weber_violated
43,46,7,left,left,0.7982331625682277,weber_violated
44,46,7,left,left,1.0059806076229065,weber_violated
45,46,7,left,left,1.2785658529869643,weber_violated
46,46,7,left,left,0.8566644052277108,weber_violated
47,46,7,left,left,1.1463595568072276,weber_violated
48,46,7,left,left,0.8286539150861252,weber_violated
49,46,7,left,left,1.6632425508881659,weber_violated
50,46,7,left,left,1.621186195554793,weber_violated
51,46,8,left,left,0.7224818750928108,weber_violated
52,46,8,left,left,0.857915481148658,weber_violated
53,46,8,left,left,0.9475641358373528,weber_violated
54,46,8,left,left,0.9760928801092239,weber_violated
55,46,8,left,left,0.920619692543331,weber_violated
56,46,8,left,left,0.8280199948350873,weber_violated
57,46,8,left,left,0.736391938127475,weber_violated
58,46,8,left,left,0.6339975949402568,weber_violated
59,46,8,left,left,1.1001509906460691,weber_violated
60,46,8,left,left,0.759076791657255,weber_violated
61,46,2,right,right,0.9639452684784069,weber_violated
62,46,2,right,right,1.1194542405958827,weber_violated
63,46,2,right,right,0.8416672272743198,weber_violated
64,46,2,right,right,0.970596854829995,weber_violated
65,46,2,right,right,0.7559777540577561,weber_violated
66,46,2,right,right,1.016539534872985,weber_violated
67,46,2,right,right,0.6896071029123203,weber_violated
68,46,2,right,right,0.684030372153378,weber_violated
69,46,2,right,right,0.8325097561848447,weber_violated
70,46,2,right,right,0.8920769040925935,weber_violated
71,46,3,right,right,1.7210132097915425,weber_violated
72,46,3,right,right,1.1839218717879991,weber_violated
73,46,3,right,right,0.735345077057322,weber_violated
74,46,3,right,right,1.286826349374571,weber_violated
75,46,3,right,right,1.1844563411323752,weber_violated
76,46,3,right,right,1.5613368254044113,weber_violated
77,46,3,right,right,0.8872986630823354,weber_violated
78,46,3,right,right,1.1372741242094084,weber_violated
79,46,3,right,right,1.7208010001445437,weber_violated
80,46,3,right,right,0.9397359167378956,weber_violated
81,46,4,right,right,1.4746202984575174,weber_violated
82,46,4,right,left,1.9441891947435286,weber_violated
83,46,4,right,left,2.5308108961166114,weber_violated
84,46,4,right,left,1.5939771826345166,weber_violated
85,46,4,right,right,2.8110379716678255,weber_violated
86,46,4,right,left,2.1308419414908366,weber_violated
87,46,4,right,right,1.7703784403141152,weber_violated
88,46,4,right,right,2.430909032047282,weber_violated
89,46,4,right,right,1.7397299396986066,weber_violated
90,46,4,right,right,1.6084554861107359,weber_violated
91,46,6,right,left,0.9422608233749732,weber_violated
92,46,6,right,left,2.916455138376874,weber_violated
93,46,6,right,right,1.1338547419195089,weber_violated
94,46,6,right,right,1.1280469822175045,weber_violated
95,46,6,right,left,1.3135913691558834,weber_violated
96,46,6,right,right,1.6478517328446782,weber_violated
97,46,6,right,right,5.41169260935762,weber_violated
98,46,6,right,right,8.012183996166078,weber_violated
99,46,6,right,right,4.31828697495959,weber_violated
100,46,6,right,right,2.2035500016977942,weber_violated
101,46,7,right,right,0.90045601518644,weber_violated
102,46,7,right,right,0.925623711659584,weber_violated
103,46,7,right,left,1.5026176521084713,weber_violated
104,46,7,right,right,0.9483674073335073,weber_violated
105,46,7,right,right,1.14771484296913,weber_violated
106,46,7,right,right,1.1161978045073626,weber_violated
107,46,7,right,right,1.3292323399854238,weber_violated
108,46,7,right,left,1.7931870319566294,weber_violated
109,46,7,right,right,2.3322506693807,weber_violated
110,46,7,right,right,1.136757411637048,weber_violated
111,46,8,right,right,0.7045166807913652,weber_violated
112,46,8,right,right,1.1828060014375366,weber_violated
113,46,8,right,right,0.8191064995997086,weber_violated
114,46,8,right,right,1.1270036968884218,weber_violated
115,46,8,right,right,0.9079226192262659,weber_violated
116,46,8,right,right,1.0570588711210216,weber_violated
117,46,8,right,right,0.9769561415300556,weber_violated
118,46,8,right,right,0.8236435718201873,weber_violated
119,46,8,right,right,1.4392121675485097,weber_violated
120,46,8,right,right,1.1664206511680284,weber_violated
1,47,2,left,left,1.073485617924867,weber_violated
2,47,2,left,left,0.8474115268381051,weber_violated
3,47,2,left,left,0.927251743372387,weber_violated
4,47,2,left,left,0.9130590459932428,weber_violated
5,47,2,left,left,0.9959695869703507,weber_violated
6,47,2,left,left,0.9925592142832862,weber_violated
7,47,2,left,left,0.8706309344620309,weber_violated
8,47,2,left,left,1.0238812585603778,weber_violated
9,47,2,left,left,0.7563646010896852,weber_violated
10,47,2,left,left,0.7174596988724489,weber_violated
11,47,3,left,left,1.5242348196657654,weber_violated
12,47,3,left,left,0.9884118840068354,weber_violated
13,47,3,left,left,1.0950151029014414,weber_violated
14,47,3,left,left,0.968033616966949,weber_violated
15,47,3,left,left,1.656208075921784,weber_violated
16,47,3,left,left,1.054986283950502,weber_violated
17,47,3,left,left,1.1629240728507402,weber_violated
18,47,3,left,left,1.4891277246394132,weber_violated
19,47,3,left,left,1.3788329115184783,weber_violated
20,47,3,left,left,1.47467584832608,weber_violated
21,47,4,left,left,2.1683170435198695,weber_violated
22,47,4,left,left,1.7230781336271113,weber_violated
23,47,4,left,left,2.624814915613635,weber_violated
24,47,4,left,left,1.2315080574942163,weber_violated
25,47,4,left,right,2.4277543869172313,weber_violated
26,47,4,left,left,1.759104893579882,weber_violated
27,47,4,left,right,1.4466777545003953,weber_violated
28,47,4,left,left,1.2286254119004565,weber_violated
29,47,4,left,right,2.0048222520553987,weber_violated
30,47,4,left,left,1.4577149237561622,weber_violated
31,47,6,left,right,2.036167529237328,weber_violated
32,47,6,left,left,1.6471955296513696,weber_violated
33,47,6,left,right,1.770755220605966,weber_violated
34,47,6,left,left,1.289912066334904,weber_violated
35,47,6,left,left,1.8069927776049552,weber_violated
36,47,6,left,right,1.594181406739854,weber_violated
37,47,6,left,left,1.124441058894889,weber_violated
38,47,6,left,left,1.8340569965292888,weber_violated
39,47,6,left,right,1.6433670958985744,weber_violated
40,47,6,left,right,2.530269438889622,weber_violated
41,47,7,left,left,1.137420279165146,weber_violated
42,47,7,left,left,1.3759999361612607,weber_violated
43,47,7,left,left,0.9815731394290774,weber_violated
44,47,7,left,left,1.8098040649703302,weber_violated
45,47,7,left,left,0.794452006707234,weber_violated
46,47,7,left,left,1.1219474699280778,weber_violated
47,47,7,left,left,1.4279799180804054,weber_violated
48,47,7,left,left,0.8558446534304176,weber_violated
49,47,7,left,left,1.30053262195462,weber_violated
50,47,7,left,left,1.5010625968843987,weber_violated
51,47,8,left,left,0.860638942821111,weber_violated
52,47,8,left,left,0.9659841730479144,weber_violated
53,47,8,left,left,0.9832851493791233,weber_violated
54,47,8,left,left,1.0735853527625152,weber_violated
55,47,8,left,left,0.9168286258706553,weber_violated
56,47,8,left,left,0.884977752368677,weber_violated
57,47,8,left,left,0.7673365191933876,weber_violated
58,47,8,left,left,0.6949602366919561,weber_violated
59,47,8,left,left,0.7813577668631375,weber_violated
60,47,8,left,left,0.9500965138713875,weber_violated
61,47,2,right,right,0.8283823408256852,weber_violated
62,47,2,right,right,0.7711836280637592,weber_violated
63,47,2,right,right,0.6807934458013485,weber_violated
64,47,2,right,right,1.0506692424906325,weber_violated
65,47,2,right,right,0.9561331329965159,weber_violated
66,47,2,right,right,0.8513589906142545,weber_violated
67,47,2,right,right,1.3967270556137428,weber_violated
68,47,2,right,right,0.9837363063245494,weber_violated
69,47,2,right,right,0.9318180269991252,weber_violated
70,47,2,right,right,1.080707789365669,weber_violated
71,47,3,right,right,1.1637813423674697,weber_violated
72,47,3,right,right,1.127633398843973,weber_violated
73,47,3,right,right,1.036354346047359,weber_violated
74,47,3,right,right,1.3685099267256673,weber_violated
75,47,3,right,right,1.8762599565367306,weber_violated
76,47,3,right,right,0.8591081374682383,weber_violated
77,47,3,right,right,1.2598741503122408,weber_violated
78,47,3,right,right,1.0048295603297348,weber_violated
79,47,3,right,left,0.9618504788101057,weber_violated
80,47,3,right,right,1.020151737651211,weber_violated
81,47,4,right,right,3.0332652477650632,weber_violated
82,47,4,right,right,1.5211897453138725,weber_violated
83,47,4,right,right,2.6020723693446026,weber_violated
84,47,4,right,right,1.894663152162529,weber_violated
85,47,4,right,right,2.211079995440533,weber_violated
86,47,4,right,right,2.9184315377882686,weber_violated
87,47,4,right,right,2.7063033076982452,weber_violated
88,47,4,right,right,1.6999149461105627,weber_violated
89,47,4,right,right,1.7791286927334788,weber_violated
90,47,4,right,right,2.19413222062109,weber_violated
91,47,6,right,right,1.7256356045792092,weber_violated
92,47,6,right,right,1.4804735814561676,weber_violated
93,47,6,right,right,2.931433725674966,weber_violated
94,47,6,right,right,2.291177716754489,weber_violated
95,47,6,right,right,1.2212297458148016,weber_violated
96,47,6,right,left,1.0956669021825156,weber_violated
97,47,6,right,right,1.803328800425089,weber_violated
98,47,6,right,right,1.1283970792016491,weber_violated
99,47,6,right,right,3.2325496636668833,weber_violated
100,47,6,right,right,1.2052409502877104,weber_violated
101,47,7,right,right,1.2720071987298212,weber_violated
102,47,7,right,right,1.098084774473102,weber_violated
103,47,7,right,right,1.289216314371309,weber_violated
104,47,7,right,right,0.9565777002334004,weber_violated
105,47,7,right,right,1.8474000615807828,weber_violated
106,47,7,right,right,1.7148092194403084,weber_violated
107,47,7,right,right,1.0419168705249722,weber_violated
108,47,7,right,right,1.3633535930560468,weber_violated
109,47,7,right,right,1.5680757567757535,weber_violated
110,47,7,right,right,1.043427092591547,weber_violated
111,47,8,right,right,0.8912863405171023,weber_violated
112,47,8,right,right,0.8321529160889465,weber_violated
113,47,8,right,right,1.1981837373255528,weber_violated
114,47,8,right,right,0.7516539681387668,weber_violated
115,47,8,right,right,0.8644465759286635,weber_violated
116,47,8,right,right,0.8081741488753909,weber_violated
117,47,8,right,right,0.763490154164121,weber_violated
118,47,8,right,right,0.8004310498709444,weber_violated
119,47,8,right,right,0.8197973666155849,weber_violated
120,47,8,right,right,0.8260009444434768,weber_violated
1,48,2,left,left,0.8610198788897974,weber_violated
2,48,2,left,left,1.0341801878401453,weber_violated
3,48,2,left,left,1.2045234342291402,weber_violated
4,48,2,left,left,0.8458203668088331,weber_violated
5,48,2,left,left,0.931441308389543,weber_violated
6,48,2,left,left,0.9240566613109915,weber_violated
7,48,2,left,left,0.9735885258950878,weber_violated
8,48,2,left,left,1.0638941211353816,weber_violated
9,48,2,left,left,1.546065989422305,weber_violated
10,48,2,left,left,0.9817775017946246,weber_violated
11,48,3,left,left,1.136491613620117,weber_violated
12,48,3,left,left,1.3532531753851869,weber_violated
13,48,3,left,left,1.095067302138021,weber_violated
14,48,3,left,left,1.2910922413050459,weber_violated
15,48,3,left,left,1.0871353522254343,weber_violated
16,48,3,left,left,1.001444084095226,weber_violated
17,48,3,left,left,0.908788098146539,weber_violated
18,48,3,left,left,1.8853705626649222,weber_violated
19,48,3,left,left,1.4364266693076082,weber_violated
20,48,3,left,left,1.2320273063289828,weber_violated
21,48,4,left,left,1.2466555599094533,weber_violated
22,48,4,left,left,1.9343252353220783,weber_violated
23,48,4,left,left,1.7724450440302197,weber_violated
24,48,4,left,right,1.0006148822286156,weber_violated
25,48,4,left,left,1.3169402035430713,weber_violated
26,48,4,left,left,1.3681909464356687,weber_violated
27,48,4,left,left,1.7053732684994238,weber_violated
28,48,4,left,left,1.4064437477765015,weber_violated
29,48,4,left,left,1.8770900741801377,weber_violated
30,48,4,left,left,4.701477666535271,weber_violated
31,48,6,left,left,1.619434194622553,weber_violated
32,48,6,left,left,1.5651140077259313,weber_violated
33,48,6,left,left,2.0159856580926063,weber_violated
34,48,6,left,left,1.3523323052759342,weber_violated
35,48,6,left,right,3.761353193763531,weber_violated
36,48,6,left,left,1.4723709310769637,weber_violated
37,48,6,left,left,2.0113364994813745,weber_violated
38,48,6,left,left,1.9115022984469452,weber_violated
39,48,6,left,left,2.125259341969108,weber_violated
40,48,6,left,left,2.7894404384587492,weber_violated
41,48,7,left,left,0.940574952935525,weber_violated
42,48,7,left,left,1.6405979219621176,weber_violated
43,48,7,left,right,1.1835471464424088,weber_violated
44,48,7,left,left,1.3260248345716257,weber_violated
45,48,7,left,left,1.1170832513877584,weber_violated
46,48,7,left,left,1.2612283145351095,weber_violated
47,48,7,left,left,1.010605442192374,weber_violated
48,48,7,left,left,1.688008303124938,weber_violated
49,48,7,left,left,1.5196984125514754,weber_violated
50,48,7,left,left,1.1414334356460536,weber_violated
51,48,8,left,left,0.7490872249997527,weber_violated
52,48,8,left,left,1.0900467036460166,weber_violated
53,48,8,left,left,0.94957587495677,weber_violated
54,48,8,left,left,1.2496584321474884,weber_violated
55,48,8,left,left,0.6801292993827583,weber_violated
56,48,8,left,left,1.0231723994796071,weber_violated
57,48,8,left,left,1.0414099442017377,weber_violated
58,48,8,left,left,1.4878505243868512,weber_violated
59,48,8,left,left,0.6499945293476496,weber_violated
60,48,8,left,left,0.7779670795568117,weber_violated
61,48,2,right,right,1.054306595241317,weber_violated
62,48,2,right,right,1.0415745976187776,weber_violated
63,48,2,right,right,1.2104008765581065,weber_violated
64,48,2,right,right,0.8910237437342263,weber_violated
65,48,2,right,right,0.7940586430613472,weber_violated
66,48,2,right,right,0.8400082324346905,weber_violated
67,48,2,right,right,0.8814459296240078,weber_violated
68,48,2,right,right,0.8529612987842279,weber_violated
69,48,2,right,right,1.2947370836463368,weber_violated
70,48,2,right,right,0.9229487422672586,weber_violated
71,48,3,right,right,1.2410943516460258,weber_violated
72,48,3,right,right,0.8819791210636159,weber_violated
73,48,3,right,right,0.9519402691332677,weber_violated
74,48,3,right,left,1.5231601305215599,weber_violated
75,48,3,right,right,1.3111940018856143,weber_violated
76,48,3,right,right,0.8468418615821938,weber_violated
77,48,3,right,right,1.0828306522102256,weber_violated
78,48,3,right,right,2.0645922590071013,weber_violated
79,48,3,right,right,0.8582607939433484,weber_violated
80,48,3,right,right,0.9690552299177755,weber_violated
81,48,4,right,right,1.1175617939214293,weber_violated
82,48,4,right,right,1.083170541042227,weber_violated
83,48,4,right,left,1.5999897657590454,weber_violated
84,48,4,right,right,1.0365710159107857,weber_violated
85,48,4,right,right,1.6418417988627434,weber_violated
86,48,4,right,right,1.9529017347760615,weber_violated
87,48,4,right,right,1.9698166815530365,weber_violated
88,48,4,right,left,2.3283558002184006,weber_violated
89,48,4,right,left,3.4363882069195224,weber_violated
90,48,4,right,right,1.7291485202461412,weber_violated
91,48,6,right,right,1.3436600759513135,weber_violated
92,48,6,right,right,1.4379293083230797,weber_violated
93,48,6,right,right,4.108857722953887,weber_violated
94,48,6,right,right,4.001508564911513,weber_violated
95,48,6,right,right,1.80322027653398,weber_violated
96,48,6,right,left,1.7650319584343312,weber_violated
97,48,6,right,right,2.07867971195002,weber_violated
98,48,6,right,left,2.302485486076068,weber_violated
99,48,6,right,right,1.421131919530342,weber_violated
100,48,6,right,right,1.8469044371971814,weber_violated
101,48,7,right,right,1.9050244163482575,weber_violated
102,48,7,right,right,1.4017911019751756,weber_violated
103,48,7,right,right,2.3490801822817082,weber_violated
104,48,7,right,right,1.623869450934655,weber_violated
105,48,7,right,right,1.681858803678188,weber_violated
106,48,7,right,right,1.1248061402563876,weber_violated
107,48,7,right,right,1.234301950863128,weber_violated
108,48,7,right,right,0.964410483172401,weber_violated
109,48,7,right,right,1.150372308752066,weber_violated
110,48,7,right,right,1.4774738196732156,weber_violated
111,48,8,right,right,0.8306336871343178,weber_violated
112,48,8,right,right,0.7037221982778257,weber_violated
113,48,8,right,right,1.0032709004841007,weber_violated
114,48,8,right,right,1.2019254301606224,weber_violated
115,48,8,right,right,0.9317228275514899,weber_violated
116,48,8,right,right,0.8306808976272777,weber_violated
117,48,8,right,right,0.7693400919937516,weber_violated
118,48,8,right,right,0.9476676821703092,weber_violated
119,48,8,right,right,1.1124069543909827,weber_violated
120,48,8,right,right,0.8158967334580853,weber_violated
1,49,2,left,left,0.9062393727418707,weber_violated
2,49,2,left,left,0.5887922111459853,weber_violated
3,49,2,left,left,0.9062738724814516,weber_violated
4,49,2,left,left,1.4499649130612755,weber_violated
5,49,2,left,left,0.8931188581072849,weber_violated
6,49,2,left,left,0.9680755289685983,weber_violated
7,49,2,left,left,1.0761199006412014,weber_violated
8,49,2,left,left,0.7807358467006769,weber_violated
9,49,2,left,left,0.6302807203618629,weber_violated
10,49,2,left,left,0.8935863965472404,weber_violated
11,49,3,left,left,1.1447149003919734,weber_violated
12,49,3,left,left,1.151766260176615,weber_violated
13,49,3,left,left,1.556307617244417,weber_violated
14,49,3,left,left,1.1128390046684304,weber_violated
15,49,3,left,left,1.322991313779226,weber_violated
16,49,3,left,left,1.056322942055265,weber_violated
17,49,3,left,left,1.3897875708138976,weber_violated
18,49,3,left,left,0.900588419959506,weber_violated
19,49,3,left,left,1.207833433564603,weber_violated
20,49,3,left,left,1.6341097399996165,weber_violated
21,49,4,left,left,1.8838169653585148,weber_violated
22,49,4,left,left,1.8525027267724576,weber_violated
23,49,4,left,right,3.314116860301114,weber_violated
24,49,4,left,right,1.85551850945644,weber_violated
25,49,4,left,right,2.4516009701070653,weber_violated
26,49,4,left,right,2.5097199620910877,weber_violated
27,49,4,left,left,2.489270904988632,weber_violated
28,49,4,left,left,4.29177033818247,weber_violated
29,49,4,left,left,3.3353998693507934,weber_violated
30,49,4,left,left,1.9009611024078727,weber_violated
31,49,6,left,left,6.2808815180683135,weber_violated
32,49,6,left,left,1.8512698937548868,weber_violated
33,49,6,left,right,2.3145332860494676,weber_violated
34,49,6,left,left,1.2004323982397496,weber_violated
35,49,6,left,left,3.5804209621323873,weber_violated
36,49,6,left,left,1.5890297868075123,weber_violated
37,49,6,left,left,1.9680949969174815,weber_violated
38,49,6,left,left,3.1888063875823,weber_violated
39,49,6,left,right,3.759085977940287,weber_violated
40,49,6,left,left,1.8005309939079326,weber_violated
41,49,7,left,left,1.3995670982737887,weber_violated
42,49,7,left,left,1.4103456965262935,weber_violated
43,49,7,left,left,1.3058058922482265,weber_violated
44,49,7,left,left,1.3543260272305442,weber_violated
45,49,7,left,left,1.002971513459377,weber_violated
46,49,7,left,left,0.7991011634424021,weber_violated
47,49,7,left,left,0.8879935247239856,weber_violated
48,49,7,left,left,2.5773427537042597,weber_violated
49,49,7,left,left,1.6662654735379336,weber_violated
50,49,7,left,left,1.4828131344875841,weber_violated
51,49,8,left,left,0.8488468220672234,weber_violated
52,49,8,left,left,0.7808004671474433,weber_violated
53,49,8,left,left,1.014271864423565,weber_violated
54,49,8,left,left,0.7499195422761689,weber_violated
55,49,8,left,left,0.9795774663948318,weber_violated
56,49,8,left,left,0.8807599946868616,weber_violated
57,49,8,left,left,0.7037154512284052,weber_violated
58,49,8,left,left,0.7635707409842032,weber_violated
59,49,8,left,left,0.7571589788116684,weber_violated
60,49,8,left,left,0.8143158552987189,weber_violated
61,49,2,right,right,1.0731248750668734,weber_violated
62,49,2,right,right,0.8742216114997974,weber_violated
63,49,2,right,right,0.9978165561091219,weber_violated
64,49,2,right,right,0.9485099089815368,weber_violated
65,49,2,right,right,0.9912132135338749,weber_violated
66,49,2,right,right,0.7582282026219471,weber_violated
67,49,2,right,right,0.9773524895415304,weber_violated
68,49,2,right,right,0.8076899881938686,weber_violated
69,49,2,right,right,1.1545101686611243,weber_violated
70,49,2,right,right,0.6468126428197092,weber_violated
71,49,3,right,right,0.9407227131493623,weber_violated
72,49,3,right,right,1.0917030419843514,weber_violated
73,49,3,right,right,1.2862306605666145,weber_violated
74,49,3,right,right,0.9040033999517556,weber_violated
75,49,3,right,left,1.675236221950975,weber_violated
76,49,3,right,right,1.6239709072804027,weber_violated
77,49,3,right,right,1.0113593456049652,weber_violated
78,49,3,right,right,1.1714019696154383,weber_violated
79,49,3,right,right,1.0358354726645524,weber_violated
80,49,3,right,right,0.8228440627148215,weber_violated
81,49,4,right,right,1.5062320121665151,weber_violated
82,49,4,right,right,1.130547565290033,weber_violated
83,49,4,right,right,1.6573659027084442,weber_violated
84,49,4,right,left,1.6881648806992262,weber_violated
85,49,4,right,right,1.7398046037132184,weber_violated
86,49,4,right,right,1.1851125776090214,weber_violated
87,49,4,right,left,4.7722727927409405,weber_violated
88,49,4,right,right,1.405962389024283,weber_violated
89,49,4,right,right,1.6605431705659448,weber_violated
90,49,4,right,right,1.4499333168086035,weber_violated
91,49,6,right,left,1.5699528480471348,weber_violated
92,49,6,right,right,1.4765087267705899,weber_violated
93,49,6,right,right,1.6554296355289106,weber_violated
94,49,6,right,right,1.6836159743219774,weber_violated
95,49,6,right,left,2.5271664822161037,weber_violated
96,49,6,right,right,2.3832168291602716,weber_violated
97,49,6,right,right,1.0508247130007669,weber_violated
98,49,6,right,left,2.7711997403643096,weber_violated
99,49,6,right,left,1.8007662922103704,weber_violated
100,49,6,right,right,1.144021898536896,weber_violated
101,49,7,right,right,1.0520314032791651,weber_violated
102,49,7,right,right,1.2334958899263297,weber_violated
103,49,7,right,right,1.4755478826426978,weber_violated
104,49,7,right,right,1.3372469857269154,weber_violated
105,49,7,right,right,1.0737916926638016,weber_violated
106,49,7,right,right,1.0257554887378646,weber_violated
107,49,7,right,right,1.0316823283854435,weber_violated
108,49,7,right,right,1.979449675903322,weber_violated
109,49,7,right,right,1.2643509566450264,weber_violated
110,49,7,right,right,0.8547088531406182,weber_violated
111,49,8,right,right,0.7775299194493537,weber_violated
112,49,8,right,right,0.7199143654673328,weber_violated
113,49,8,right,right,1.1427216183474058,weber_violated
114,49,8,right,right,1.0483608075832844,weber_violated
115,49,8,right,right,0.8865562244836409,weber_violated
116,49,8,right,right,0.7757316577940654,weber_violated
117,49,8,right,right,0.9599650729248144,weber_violated
118,49,8,right,right,1.4138125451175187,weber_violated
119,49,8,right,right,0.9569928741156095,weber_violated
120,49,8,right,right,0.9100914350217475,weber_violated
1,50,2,left,left,0.8932927228302852,weber_violated
2,50,2,left,left,0.9972707156384613,weber_violated
3,50,2,left,left,1.0080954967270128,weber_violated
4,50,2,left,left,0.8231221095149885,weber_violated
5,50,2,left,left,0.9563866870207942,weber_violated
6,50,2,left,left,0.9001620561194015,weber_violated
7,50,2,left,left,0.7951926463367067,weber_violated
8,50,2,left,left,0.7719500846788876,weber_violated
9,50,2,left,left,0.811756069736038,weber_violated
10,50,2,left,left,1.1025018556106352,weber_violated
11,50,3,left,left,1.030241099473407,weber_violated
12,50,3,left,left,2.564910286617997,weber_violated
13,50,3,left,left,2.0553153554737045,weber_violated
14,50,3,left,left,0.8290211609094429,weber_violated
15,50,3,left,left,1.2238173970858557,weber_violated
16,50,3,left,left,1.2008715230748814,weber_violated
17,50,3,left,left,1.6615910770689688,weber_violated
18,50,3,left,left,1.2552244078306671,weber_violated
19,50,3,left,left,0.9431396903777218,weber_violated
20,50,3,left,left,1.3088994892131136,weber_violated
21,50,4,left,left,1.238900127608,weber_violated
22,50,4,left,left,2.1006968386104217,weber_violated
23,50,4,left,left,1.947509479183591,weber_violated
24,50,4,left,left,2.2490196258086415,weber_violated
25,50,4,left,right,1.9318123071819218,weber_violated
26,50,4,left,left,1.768816778743891,weber_violated
27,50,4,left,right,1.2291584391963821,weber_violated
28,50,4,left,left,3.7685638513649655,weber_violated
29,50,4,left,left,2.5450454663403086,weber_violated
30,50,4,left,left,1.7113297888847465,weber_violated
31,50,6,left,left,1.5849738531368691,weber_violated
32,50,6,left,left,2.3087862431849104,weber_violated
33,50,6,left,left,1.3280090310699761,weber_violated
34,50,6,left,left,1.843756517829382,weber_violated
35,50,6,left,right,1.9591811336960396,weber_violated
36,50,6,left,right,3.1510862994290636,weber_violated
37,50,6,left,left,2.3490873547253712,weber_violated
38,50,6,left,right,2.6455732320258476,weber_violated
39,50,6,left,right,1.4684524544061044,weber_violated
40,50,6,left,left,1.7195361863549556,weber_violated
41,50,7,left,left,1.4071337909704673,weber_violated
42,50,7,left,right,1.4456597077710285,weber_violated
43,50,7,left,left,1.3865663373565953,weber_violated
44,50,7,left,left,0.8762825897996882,weber_violated
45,50,7,left,left,0.9832509899321764,weber_violated
46,50,7,left,left,1.0261378981167244,weber_violated
47,50,7,left,right,1.33644503080086,weber_violated
48,50,7,left,left,2.1264864530245493,weber_violated
49,50,7,left,left,1.3371800341123137,weber_violated
50,50,7,left,left,1.4464428145583716,weber_violated
51,50,8,left,left,0.8676077937884337,weber_violated
52,50,8,left,left,0.8709923236139032,weber_violated
53,50,8,left,left,1.027075535963801,weber_violated
54,50,8,left,left,0.8675941673771932,weber_violated
55,50,8,left,left,0.8442036737710741,weber_violated
56,50,8,left,left,0.8586266829131304,weber_violated
57,50,8,left,left,0.8233423918092322,weber_violated
58,50,8,left,left,0.681348937979009,weber_violated
59,50,8,left,left,0.7381212626327736,weber_violated
60,50,8,left,left,1.071430215850985,weber_violated
61,50,2,right,right,0.7930366025192799,weber_violated
62,50,2,right,right,1.0565531254859313,weber_violated
63,50,2,right,right,1.2420180307004711,weber_violated
64,50,2,right,right,0.954447320141929,weber_violated
65,50,2,right,right,1.038888865406555,weber_violated
66,50,2,right,right,0.8942773205928836,weber_violated
67,50,2,right,right,0.9445381136917368,weber_violated
68,50,2,right,right,0.7783520069408658,weber_violated
69,50,2,right,right,0.922459624375316,weber_violated
70,50,2,right,right,0.9897006525465963,weber_violated
71,50,3,right,right,1.131181365993703,weber_violated
72,50,3,right,right,0.9235413228662162,weber_violated
73,50,3,right,right,1.9591357059992853,weber_violated
74,50,3,right,right,1.12532142319218,weber_violated
75,50,3,right,right,1.22033063922684,weber_violated
76,50,3,right,right,0.8202061481436227,weber_violated
77,50,3,right,right,1.2713082820297001,weber_violated
78,50,3,right,right,1.1367407625079546,weber_violated
79,50,3,right,right,2.297223738915827,weber_violated
80,50,3,right,left,1.3219961159327436,weber_violated
81,50,4,right,right,1.3916883107886997,weber_violated
82,50,4,right,left,1.2542527656119067,weber_violated
83,50,4,right,left,1.1592892694324934,weber_violated
84,50,4,right,right,1.8184582120788886,weber_violated
85,50,4,right,left,4.204034664822732,weber_violated
86,50,4,right,right,2.9486979859706164,weber_violated
87,50,4,right,right,1.4501841853866666,weber_violated
88,50,4,right,right,1.3003792864966732,weber_violated
89,50,4,right,right,2.300106902656093,weber_violated
90,50,4,right,left,1.610446500447778,weber_violated
91,50,6,right,right,1.2789602585451336,weber_violated
92,50,6,right,right,1.5707003035682041,weber_violated
93,50,6,right,right,1.4345142933326442,weber_violated
94,50,6,right,right,1.8443737074177642,weber_violated
95,50,6,right,right,1.0504959526947075,weber_violated
96,50,6,right,left,4.654576012127566,weber_violated
97,50,6,right,left,2.509822531548737,weber_violated
98,50,6,right,right,1.5268894370868902,weber_violated
99,50,6,right,right,1.5995140444721037,weber_violated
100,50,6,right,right,2.196418655207256,weber_violated
101,50,7,right,right,1.2398227877786616,weber_violated
102,50,7,right,right,1.209231556096168,weber_violated
103,50,7,right,right,1.4233661447264654,weber_violated
104,50,7,right,right,1.0803539217492448,weber_violated
105,50,7,right,right,1.7212805699922609,weber_violated
106,50,7,right,left,1.410507015427305,weber_violated
107,50,7,right,right,1.1595389670582232,weber_violated
108,50,7,right,right,1.398388137170298,weber_violated
109,50,7,right,right,0.8136482851024982,weber_violated
110,50,7,right,right,1.5336419210122976,weber_violated
111,50,8,right,right,1.137845189185908,weber_violated
112,50,8,right,right,1.4296403071478816,weber_violated
113,50,8,right,right,0.8516405880788609,weber_violated
114,50,8,right,right,0.90085121981948,weber_violated
115,50,8,right,right,1.1178623536974235,weber_violated
116,50,8,right,right,0.8579363058142773,weber_violated
117,50,8,right,right,0.8125771863612714,weber_violated
118,50,8,right,right,1.0078880591082606,weber_violated
119,50,8,right,right,0.800256945607857,weber_violated
120,50,8,right,right,0.91780141052255515,weber_violated
1,51,2,left,left,0.934544513104574,weber_violated
2,51,2,left,left,0.7866053235411634,weber_violated
3,51,2,left,left,0.915099944727852,weber_violated
4,51,2,left,left,1.0837404143312661,weber_violated
5,51,2,left,left,0.8243376149489388,weber_violated
6,51,2,left,left,0.6359619509461627,weber_violated
7,51,2,left,left,0.8830148719566351,weber_violated
8,51,2,left,left,0.7695408199323968,weber_violated
9,51,2,left,left,0.8745734499066968,weber_violated
10,51,2,left,left,0.9266955275853317,weber_violated
11,51,3,left,left,1.591738148359572,weber_violated
12,51,3,left,left,1.4901605784369913,weber_violated
13,51,3,left,left,1.2959354519988648,weber_violated
14,51,3,left,left,1.8648345644400004,weber_violated
15,51,3,left,left,1.4111974661672666,weber_violated
16,51,3,left,left,1.1408573477258033,weber_violated
17,51,3,left,left,1.3419332215698332,weber_violated
18,51,3,left,left,1.0000592237669141,weber_violated
19,51,3,left,left,2.1239915240272706,weber_violated
20,51,3,left,right,1.5253322150825512,weber_violated
21,51,4,left,right,1.1238568967987168,weber_violated
22,51,4,left,left,1.3043723032988823,weber_violated
23,51,4,left,left,1.8390404826372975,weber_violated
24,51,4,left,right,1.6864887823124735,weber_violated
25,51,4,left,right,1.3316633044014576,weber_violated
26,51,4,left,left,1.0197239478942064,weber_violated
27,51,4,left,left,1.000301451230479,weber_violated
28,51,4,left,right,2.641336599007072,weber_violated
29,51,4,left,left,2.0914266348371013,weber_violated
30,51,4,left,left,1.3908042026166403,weber_violated
31,51,6,left,left,2.1482887945199436,weber_violated
32,51,6,left,right,1.7413268689714807,weber_violated
33,51,6,left,left,1.944636393188144,weber_violated
34,51,6,left,left,2.0251230693545383,weber_violated
35,51,6,left,right,2.007504914665689,weber_violated
36,51,6,left,right,1.1074228245569986,weber_violated
37,51,6,left,left,2.35327634568478,weber_violated
38,51,6,left,left,1.2007929717680452,weber_violated
39,51,6,left,left,1.3901870359655764,weber_violated
40,51,6,left,right,1.6070858746902261,weber_violated
41,51,7,left,left,1.293179424308482,weber_violated
42,51,7,left,left,1.111237346501195,weber_violated
43,51,7,left,left,1.4482743378108254,weber_violated
44,51,7,left,left,1.5415725338351385,weber_violated
45,51,7,left,left,1.0954217317053137,weber_violated
46,51,7,left,left,1.965912193456736,weber_violated
47,51,7,left,left,1.0446601923256242,weber_violated
48,51,7,left,left,1.5115920660347282,weber_violated
49,51,7,left,left,1.1436122977294663,weber_violated
50,51,7,left,left,0.9643469277009364,weber_violated
51,51,8,left,left,0.9519213802315301,weber_violated
52,51,8,left,left,1.0785784916043224,weber_violated
53,51,8,left,left,0.9674411022744875,weber_violated
54,51,8,left,left,0.9336001245332877,weber_violated
55,51,8,left,left,1.1768691741803783,weber_violated
56,51,8,left,left,1.013489041274052,weber_violated
57,51,8,left,left,0.8753615539686352,weber_violated
58,51,8,left,left,0.6520914443270802,weber_violated
59,51,8,left,left,1.0546845631059611,weber_violated
60,51,8,left,left,0.7845859415036598,weber_violated
61,51,2,right,right,0.7794849171828513,weber_violated
62,51,2,right,right,0.8096783448296663,weber_violated
63,51,2,right,right,0.7383904470222165,weber_violated
64,51,2,right,right,0.8040179056576513,weber_violated
65,51,2,right,right,0.9841837495832795,weber_violated
66,51,2,right,right,0.6662602058414799,weber_violated
67,51,2,right,right,0.7407643383308975,weber_violated
68,51,2,right,right,0.9974286840928543,weber_violated
69,51,2,right,right,0.7810210946453169,weber_violated
70,51,2,right,right,0.6297891897827246,weber_violated
71,51,3,right,right,1.1620642264173597,weber_violated
72,51,3,right,right,1.2362370805313547,weber_violated
73,51,3,right,right,1.03539053414972,weber_violated
74,51,3,right,right,1.9805658201848735,weber_violated
75,51,3,right,right,0.9733827442429872,weber_violated
76,51,3,right,right,1.4322236647141358,weber_violated
77,51,3,right,right,1.1937436666305121,weber_violated
78,51,3,right,right,0.7845007029612134,weber_violated
79,51,3,right,right,1.2406098130436658,weber_violated
80,51,3,right,right,1.1297933118290953,weber_violated
81,51,4,right,right,1.7959531193429983,weber_violated
82,51,4,right,right,1.7944168401085077,weber_violated
83,51,4,right,right,1.7409132762060573,weber_violated
84,51,4,right,right,1.172217402505066,weber_violated
85,51,4,right,right,3.6915976835370827,weber_violated
86,51,4,right,right,4.749326352821534,weber_violated
87,51,4,right,right,1.16001866807835,weber_violated
88,51,4,right,right,1.7577837938464176,weber_violated
89,51,4,right,right,1.2379558837092213,weber_violated
90,51,4,right,right,1.4351322448103863,weber_violated
91,51,6,right,right,1.4821303741472374,weber_violated
92,51,6,right,right,2.311120552666023,weber_violated
93,51,6,right,right,1.3549946248480318,weber_violated
94,51,6,right,right,2.5144842831846717,weber_violated
95,51,6,right,right,1.509259895269341,weber_violated
96,51,6,right,left,8.945296262480944,weber_violated
97,51,6,right,right,1.5997024346831243,weber_violated
98,51,6,right,right,1.0962099764824564,weber_violated
99,51,6,right,left,1.6453182353494344,weber_violated
100,51,6,right,right,3.7554619028380403,weber_violated
101,51,7,right,right,0.704069627543114,weber_violated
102,51,7,right,right,1.2876058968890747,weber_violated
103,51,7,right,right,1.4603247790796077,weber_violated
104,51,7,right,right,0.8514603470029243,weber_violated
105,51,7,right,left,1.7827012735371168,weber_violated
106,51,7,right,right,1.1378279356525054,weber_violated
107,51,7,right,right,1.0960062379283273,weber_violated
108,51,7,right,right,1.6915656499110996,weber_violated
109,51,7,right,right,1.2464184715044901,weber_violated
110,51,7,right,right,1.109900210897212,weber_violated
111,51,8,right,right,0.8306486976830993,weber_violated
112,51,8,right,right,1.1318495744985237,weber_violated
113,51,8,right,right,0.6321320460746396,weber_violated
114,51,8,right,right,0.8901412049262603,weber_violated
115,51,8,right,right,0.9314747489759281,weber_violated
116,51,8,right,right,0.6580248703783378,weber_violated
117,51,8,right,right,0.9705471136873687,weber_violated
118,51,8,right,right,1.0568668935159813,weber_violated
119,51,8,right,right,0.9214059653189635,weber_violated
120,51,8,right,right,0.8510736632439673,weber_violated
1,52,2,left,left,0.9425953338180864,weber_violated
2,52,2,left,left,0.7606828504159615,weber_violated
3,52,2,left,left,0.8582367094268182,weber_violated
4,52,2,left,left,1.0517468384138418,weber_violated
5,52,2,left,left,0.5890339635065782,weber_violated
6,52,2,left,left,1.0126870369122938,weber_violated
7,52,2,left,left,0.6443674846258365,weber_violated
8,52,2,left,left,1.4776100454804266,weber_violated
9,52,2,left,left,0.9618296704847968,weber_violated
10,52,2,left,left,1.0238686704526652,weber_violated
11,52,3,left,left,1.378624653016329,weber_violated
12,52,3,left,right,1.1659933313777218,weber_violated
13,52,3,left,left,1.5571345932936762,weber_violated
14,52,3,left,left,0.9194557755648542,weber_violated
15,52,3,left,left,1.1385069289730352,weber_violated
16,52,3,left,left,1.2083126537333246,weber_violated
17,52,3,left,left,1.1638274054667763,weber_violated
18,52,3,left,left,0.7896870985631386,weber_violated
19,52,3,left,left,1.4263459004250307,weber_violated
20,52,3,left,left,1.1159951736420957,weber_violated
21,52,4,left,left,0.9991653067680764,weber_violated
22,52,4,left,left,1.3553984907157417,weber_violated
23,52,4,left,left,2.4801149868950927,weber_violated
24,52,4,left,left,2.7594961597991676,weber_violated
25,52,4,left,right,2.0783399033437195,weber_violated
26,52,4,left,left,0.9838515848184464,weber_violated
27,52,4,left,right,1.67807291751764,weber_violated
28,52,4,left,left,1.61750401267907,weber_violated
29,52,4,left,right,2.017833928150934,weber_violated
30,52,4,left,left,2.3806151090563143,weber_violated
31,52,6,left,left,2.1425937840252134,weber_violated
32,52,6,left,left,1.2957736761176175,weber_violated
33,52,6,left,right,1.149018717514112,weber_violated
34,52,6,left,left,0.9827690707443357,weber_violated
35,52,6,left,left,1.2432294868395881,weber_violated
36,52,6,left,left,1.7998694899572987,weber_violated
37,52,6,left,left,4.165313344737951,weber_violated
38,52,6,left,left,1.2836576283255752,weber_violated
39,52,6,left,right,2.051029774345135,weber_violated
40,52,6,left,left,2.7295382501222365,weber_violated
41,52,7,left,left,1.4182766488077467,weber_violated
42,52,7,left,left,0.9571718558527071,weber_violated
43,52,7,left,left,1.0984617972429367,weber_violated
44,52,7,left,right,2.1490265670657562,weber_violated
45,52,7,left,left,1.2246791601629623,weber_violated
46,52,7,left,left,1.4375688286443435,weber_violated
47,52,7,left,left,0.8961865545242638,weber_violated
48,52,7,left,left,1.5981821927674271,weber_violated
49,52,7,left,left,1.1213868173312815,weber_violated
50,52,7,left,left,1.13453541865626,weber_violated
51,52,8,left,left,1.2896879574380191,weber_violated
52,52,8,left,left,0.9306212119992097,weber_violated
53,52,8,left,left,0.8244529439758461,weber_violated
54,52,8,left,left,0.8064426227288382,weber_violated
55,52,8,left,left,0.8988381293938053,weber_violated
56,52,8,left,left,0.5772955018307989,weber_violated
57,52,8,left,left,0.8346564100669018,weber_violated
58,52,8,left,left,1.0437955672721875,weber_violated
59,52,8,left,left,0.8163180961014345,weber_violated
60,52,8,left,left,0.7744919608074807,weber_violated
61,52,2,right,right,0.8796663185631077,weber_violated
62,52,2,right,right,0.8351019417828796,weber_violated
63,52,2,right,right,0.8211064084391264,weber_violated
64,52,2,right,right,0.8431740911637815,weber_violated
65,52,2,right,right,0.7161559335990542,weber_violated
66,52,2,right,right,1.194433232830855,weber_violated
67,52,2,right,right,1.0819554749031848,weber_violated
68,52,2,right,right,0.7135394097553016,weber_violated
69,52,2,right,right,0.8377561346111138,weber_violated
70,52,2,right,right,0.9876566550273702,weber_violated
71,52,3,right,right,1.3350801680837878,weber_violated
72,52,3,right,right,1.5048615694131244,weber_violated
73,52,3,right,right,1.0786422825663669,weber_violated
74,52,3,right,right,0.9116565234573264,weber_violated
75,52,3,right,right,0.9212748927593368,weber_violated
76,52,3,right,right,1.2411767045184723,weber_violated
77,52,3,right,right,2.2854173652459644,weber_violated
78,52,3,right,right,0.8998055529959736,weber_violated
79,52,3,right,right,1.1065224005247898,weber_violated
80,52,3,right,right,0.8377382753169478,weber_violated
81,52,4,right,right,3.7939259893279167,weber_violated
82,52,4,right,right,1.8915818387977947,weber_violated
83,52,4,right,right,1.7510216734317436,weber_violated
84,52,4,right,right,2.5104971208838327,weber_violated
85,52,4,right,right,1.1692083598626297,weber_violated
86,52,4,right,right,2.146358609981351,weber_violated
87,52,4,right,left,1.5429303955459346,weber_violated
88,52,4,right,left,3.564713284666366,weber_violated
89,52,4,right,left,2.825458903929819,weber_violated
90,52,4,right,right,1.8370263876059179,weber_violated
91,52,6,right,right,2.643891275242579,weber_violated
92,52,6,right,right,1.6487465751028119,weber_violated
93,52,6,right,left,1.7205543082474315,weber_violated
94,52,6,right,right,0.8667327433939989,weber_violated
95,52,6,right,right,2.050308406608209,weber_violated
96,52,6,right,left,2.1065812925732756,weber_violated
97,52,6,right,right,1.5337328582073708,weber_violated
98,52,6,right,right,2.574577897497544,weber_violated
99,52,6,right,right,2.544516369479166,weber_violated
100,52,6,right,right,1.529644168234556,weber_violated
101,52,7,right,right,2.1815588280620335,weber_violated
102,52,7,right,right,1.831084183724992,weber_violated
103,52,7,right,right,1.0810715412004999,weber_violated
104,52,7,right,right,1.3192886364493603,weber_violated
105,52,7,right,right,1.1777031160794924,weber_violated
106,52,7,right,right,0.9990616563345041,weber_violated
107,52,7,right,right,1.0323177665473575,weber_violated
108,52,7,right,right,1.7497049333117511,weber_violated
109,52,7,right,right,1.404748742067823,weber_violated
110,52,7,right,right,1.1131887859334457,weber_violated
111,52,8,right,right,0.7014474785581657,weber_violated
112,52,8,right,right,1.5428506067525833,weber_violated
113,52,8,right,right,0.9527325016544559,weber_violated
114,52,8,right,right,0.8373482629895785,weber_violated
115,52,8,right,right,0.8759266544844293,weber_violated
116,52,8,right,right,0.9039151349630474,weber_violated
117,52,8,right,right,0.9392560360166731,weber_violated
118,52,8,right,right,0.8020161855078085,weber_violated
119,52,8,right,right,0.7794786681694383,weber_violated
120,52,8,right,right,0.7475532543950185,weber_violated
1,53,2,left,left,0.772752611149905,weber_violated
2,53,2,left,left,0.9666060048940424,weber_violated
3,53,2,left,left,0.8528932242402976,weber_violated
4,53,2,left,left,0.7050111616115262,weber_violated
5,53,2,left,left,0.8678430027361483,weber_violated
6,53,2,left,left,0.8968279401298078,weber_violated
7,53,2,left,left,1.0179168695547725,weber_violated
8,53,2,left,left,1.1639742476479957,weber_violated
9,53,2,left,left,0.8717877313872868,weber_violated
10,53,2,left,left,1.1553987406240371,weber_violated
11,53,3,left,right,3.9440430309080994,weber_violated
12,53,3,left,left,1.636898086554141,weber_violated
13,53,3,left,left,0.9768244671114781,weber_violated
14,53,3,left,left,0.9357226317726695,weber_violated
15,53,3,left,left,1.19097065752979,weber_violated
16,53,3,left,left,0.9007059347970459,weber_violated
17,53,3,left,left,1.2084970668686918,weber_violated
18,53,3,left,left,1.1558110900213752,weber_violated
19,53,3,left,left,1.2782014985496406,weber_violated
20,53,3,left,left,2.317330752894799,weber_violated
21,53,4,left,right,1.6062943207340021,weber_violated
22,53,4,left,right,1.9681496406199501,weber_violated
23,53,4,left,left,1.915029166052731,weber_violated
24,53,4,left,left,1.8329155101124393,weber_violated
25,53,4,left,right,1.848345574061118,weber_violated
26,53,4,left,left,3.0177995361014136,weber_violated
27,53,4,left,left,2.2366821108856803,weber_violated
28,53,4,left,left,1.3554737711022933,weber_violated
29,53,4,left,right,2.2711080177654464,weber_violated
30,53,4,left,left,1.259440638251349,weber_violated
31,53,6,left,right,2.088019701340196,weber_violated
32,53,6,left,left,1.4037683027037433,weber_violated
33,53,6,left,left,1.382407947556514,weber_violated
34,53,6,left,left,1.5262990148344246,weber_violated
35,53,6,left,left,2.115651987026561,weber_violated
36,53,6,left,left,1.1996844484068587,weber_violated
37,53,6,left,left,1.107254908079422,weber_violated
38,53,6,left,right,1.8475615596568606,weber_violated
39,53,6,left,left,1.692781900385782,weber_violated
40,53,6,left,left,3.0892274279215846,weber_violated
41,53,7,left,right,1.6641656641719946,weber_violated
42,53,7,left,left,1.4800556951270698,weber_violated
43,53,7,left,right,1.645570565201114,weber_violated
44,53,7,left,left,0.9196113542954856,weber_violated
45,53,7,left,left,1.0312767744616567,weber_violated
46,53,7,left,left,1.1222748133657015,weber_violated
47,53,7,left,left,1.3101838206449445,weber_violated
48,53,7,left,left,2.259226796981566,weber_violated
49,53,7,left,left,0.8128507181606619,weber_violated
50,53,7,left,left,1.5903179048861298,weber_violated
51,53,8,left,left,1.206897312840231,weber_violated
52,53,8,left,left,0.768614033194142,weber_violated
53,53,8,left,left,1.2838109457763125,weber_violated
54,53,8,left,left,0.8097956682209999,weber_violated
55,53,8,left,left,1.0736038860869002,weber_violated
56,53,8,left,left,0.8893308422880573,weber_violated
57,53,8,left,left,0.8149332161378233,weber_violated
58,53,8,left,left,0.7012088711960647,weber_violated
59,53,8,left,left,1.184686201929497,weber_violated
60,53,8,left,left,1.0409161274874428,weber_violated
61,53,2,right,right,0.6310245689962624,weber_violated
62,53,2,right,right,0.8732743021986347,weber_violated
63,53,2,right,right,0.7244934588045588,weber_violated
64,53,2,right,right,0.7223753010135954,weber_violated
65,53,2,right,right,0.7481917912184828,weber_violated
66,53,2,right,right,0.806640619721019,weber_violated
67,53,2,right,right,1.2994057231708291,weber_violated
68,53,2,right,right,0.9055434161606815,weber_violated
69,53,2,right,right,0.8312947561997086,weber_violated
70,53,2,right,right,0.6537943021912881,weber_violated
71,53,3,right,right,1.0356557404113602,weber_violated
72,53,3,right,right,1.335500984198762,weber_violated
73,53,3,right,right,0.9583727278594376,weber_violated
74,53,3,right,right,1.2056120956508947,weber_violated
75,53,3,right,right,1.1495347390567505,weber_violated
76,53,3,right,right,1.2034392792147661,weber_violated
77,53,3,right,right,2.8296869064201475,weber_violated
78,53,3,right,right,1.2992928282508964,weber_violated
79,53,3,right,right,1.32017909381879,weber_violated
80,53,3,right,right,0.957437070237293,weber_violated
81,53,4,right,right,1.3665335829017855,weber_violated
82,53,4,right,right,3.3741684063796833,weber_violated
83,53,4,right,right,1.4928001923251675,weber_violated
84,53,4,right,right,1.55051510355465,weber_violated
85,53,4,right,left,1.8709273226770162,weber_violated
86,53,4,right,right,1.6572527544384172,weber_violated
87,53,4,right,right,3.2303085847153943,weber_violated
88,53,4,right,right,1.4271157882742305,weber_violated
89,53,4,right,right,1.6185690078427177,weber_violated
90,53,4,right,right,1.0107797471486697,weber_violated
91,53,6,right,right,1.8596890594320274,weber_violated
92,53,6,right,left,2.0911551536225725,weber_violated
93,53,6,right,right,6.466739135207847,weber_violated
94,53,6,right,right,0.7875211063011431,weber_violated
95,53,6,right,right,3.409556671298149,weber_violated
96,53,6,right,left,1.8491272388586886,weber_violated
97,53,6,right,right,1.0890529645701348,weber_violated
98,53,6,right,left,1.4290953229858827,weber_violated
99,53,6,right,left,1.575664724275427,weber_violated
100,53,6,right,right,1.980896042320599,weber_violated
101,53,7,right,right,1.0392497714991646,weber_violated
102,53,7,right,right,1.346491163627208,weber_violated
103,53,7,right,right,0.8396615920617341,weber_violated
104,53,7,right,right,1.4216195483578955,weber_violated
105,53,7,right,right,1.4963749924369232,weber_violated
106,53,7,right,right,1.6975442496025137,weber_violated
107,53,7,right,right,1.0545700036964172,weber_violated
108,53,7,right,right,1.1385960246450728,weber_violated
109,53,7,right,left,1.12094870117789,weber_violated
110,53,7,right,right,1.1520849031838678,weber_violated
111,53,8,right,right,1.1500643062615525,weber_violated
112,53,8,right,right,0.9657238378758051,weber_violated
113,53,8,right,right,0.9231990970007591,weber_violated
114,53,8,right,right,0.7136993909986553,weber_violated
115,53,8,right,right,0.7804983486134078,weber_violated
116,53,8,right,right,0.8292832523483205,weber_violated
117,53,8,right,right,0.9605426026036537,weber_violated
118,53,8,right,right,0.93692295145521,weber_violated
119,53,8,right,right,0.957338283531364,weber_violated
120,53,8,right,right,0.8116561178137434,weber_violated
1,54,2,left,left,1.142684286337807,weber_violated
2,54,2,left,left,0.939633430167421,weber_violated
3,54,2,left,left,1.6900832889506037,weber_violated
4,54,2,left,left,0.7567542210080478,weber_violated
5,54,2,left,left,0.88385288306681975,weber_violated
6,54,2,left,left,0.9355097048683931,weber_violated
7,54,2,left,left,1.1861482311493463,weber_violated
8,54,2,left,left,0.9113796357398534,weber_violated
9,54,2,left,left,0.918544097322818,weber_violated
10,54,2,left,left,0.6777847956388303,weber_violated
11,54,3,left,left,1.9857867214060505,weber_violated
12,54,3,left,left,1.3524992695250497,weber_violated
13,54,3,left,right,1.8403847873429016,weber_violated
14,54,3,left,left,1.6209338787530463,weber_violated
15,54,3,left,left,1.0265764337179573,weber_violated
16,54,3,left,left,1.133548779004437,weber_violated
17,54,3,left,left,1.819006712469558,weber_violated
18,54,3,left,left,1.020630512532602,weber_violated
19,54,3,left,left,1.0231047323292415,weber_violated
20,54,3,left,left,1.4740639719893356,weber_violated
21,54,4,left,left,1.1279294544363079,weber_violated
22,54,4,left,right,2.693259474031549,weber_violated
23,54,4,left,right,1.975856308050549,weber_violated
24,54,4,left,right,2.7359293724345717,weber_violated
25,54,4,left,left,1.1505242874280255,weber_violated
26,54,4,left,left,1.4505770981039086,weber_violated
27,54,4,left,left,1.5055948362032028,weber_violated
28,54,4,left,left,1.3126569747313044,weber_violated
29,54,4,left,left,1.3909837534926504,weber_violated
30,54,4,left,left,1.808686911832419,weber_violated
31,54,6,left,left,1.1612127981988298,weber_violated
32,54,6,left,right,1.213306384301685,weber_violated
33,54,6,left,right,6.344940934623219,weber_violated
34,54,6,left,left,1.6128907054634598,weber_violated
35,54,6,left,left,1.9392043791374334,weber_violated
36,54,6,left,left,1.6713810390503647,weber_violated
37,54,6,left,left,1.7736566381897458,weber_violated
38,54,6,left,left,1.7676817778516025,weber_violated
39,54,6,left,left,1.2396568801030368,weber_violated
40,54,6,left,left,1.6872091003631213,weber_violated
41,54,7,left,left,1.880222305358681,weber_violated
42,54,7,left,left,1.0996357155284595,weber_violated
43,54,7,left,left,1.3714321362591526,weber_violated
44,54,7,left,left,1.0416643775222059,weber_violated
45,54,7,left,right,1.6202401883885065,weber_violated
46,54,7,left,left,1.1394095154203971,weber_violated
47,54,7,left,left,1.2945061154505026,weber_violated
48,54,7,left,left,1.6458760677418673,weber_violated
49,54,7,left,right,1.395577323918667,weber_violated
50,54,7,left,right,1.350241991822643,weber_violated
51,54,8,left,left,0.9064652050465563,weber_violated
52,54,8,left,left,0.9101890650786137,weber_violated
53,54,8,left,left,0.8698797875569706,weber_violated
54,54,8,left,left,0.759090335580533,weber_violated
55,54,8,left,left,1.1596165990169027,weber_violated
56,54,8,left,left,0.7618101786089349,weber_violated
57,54,8,left,left,0.7403644651133181,weber_violated
58,54,8,left,left,0.6591203781921188,weber_violated
59,54,8,left,left,0.7808299599398489,weber_violated
60,54,8,left,left,0.9024769153723273,weber_violated
61,54,2,right,right,0.6844229963573913,weber_violated
62,54,2,right,right,0.9048693751229666,weber_violated
63,54,2,right,right,0.8083359696414381,weber_violated
64,54,2,right,right,0.7113630217882021,weber_violated
65,54,2,right,right,1.0403428660815837,weber_violated
66,54,2,right,right,0.8530064165137643,weber_violated
67,54,2,right,right,0.9797073387638882,weber_violated
68,54,2,right,right,1.222292776001807,weber_violated
69,54,2,right,right,0.9113554773981918,weber_violated
70,54,2,right,right,1.1708483556351224,weber_violated
71,54,3,right,right,1.1875774647122808,weber_violated
72,54,3,right,right,1.1449501425333102,weber_violated
73,54,3,right,right,0.9832047583001984,weber_violated
74,54,3,right,right,1.3919803525705794,weber_violated
75,54,3,right,right,1.9030469494202242,weber_violated
76,54,3,right,right,0.9946103155330142,weber_violated
77,54,3,right,right,1.944546686014917,weber_violated
78,54,3,right,right,1.6109915281401053,weber_violated
79,54,3,right,right,1.3475320936151962,weber_violated
80,54,3,right,right,1.6033901970233784,weber_violated
81,54,4,right,left,1.8385449774962723,weber_violated
82,54,4,right,right,2.3155166261592233,weber_violated
83,54,4,right,right,1.6787767742852926,weber_violated
84,54,4,right,right,1.938235811042958,weber_violated
85,54,4,right,right,1.3270001049020328,weber_violated
86,54,4,right,right,1.202459774578367,weber_violated
87,54,4,right,left,2.0147305232245802,weber_violated
88,54,4,right,right,2.5088539976694806,weber_violated
89,54,4,right,right,1.366657259471897,weber_violated
90,54,4,right,right,1.5523691557451118,weber_violated
91,54,6,right,left,1.3886530745892922,weber_violated
92,54,6,right,right,0.9834303877265664,weber_violated
93,54,6,right,right,1.4520547193588673,weber_violated
94,54,6,right,right,1.4855529477346268,weber_violated
95,54,6,right,left,2.0282903421713057,weber_violated
96,54,6,right,right,1.5378258468128836,weber_violated
97,54,6,right,right,2.1609587302723434,weber_violated
98,54,6,right,right,1.9621885150219192,weber_violated
99,54,6,right,right,2.9846818080947584,weber_violated
100,54,6,right,right,1.3774991749056482,weber_violated
101,54,7,right,right,1.414219298212072,weber_violated
102,54,7,right,right,1.6115675653289614,weber_violated
103,54,7,right,right,1.8164969521608991,weber_violated
104,54,7,right,right,1.1864455520200885,weber_violated
105,54,7,right,right,1.0153310496733705,weber_violated
106,54,7,right,right,1.2129130626114408,weber_violated
107,54,7,right,right,1.133106868096293,weber_violated
108,54,7,right,right,1.2457029042290737,weber_violated
109,54,7,right,right,1.2172586796334672,weber_violated
110,54,7,right,right,1.403333599063902,weber_violated
111,54,8,right,right,1.1831136773031659,weber_violated
112,54,8,right,right,0.651412370021619,weber_violated
113,54,8,right,right,0.8887263710579762,weber_violated
114,54,8,right,right,0.876916796689295,weber_violated
115,54,8,right,right,0.6259146063377429,weber_violated
116,54,8,right,right,0.6495518641965303,weber_violated
117,54,8,right,right,0.851311940211537,weber_violated
118,54,8,right,right,0.8050983079786853,weber_violated
119,54,8,right,right,1.037374129474091,weber_violated
120,54,8,right,right,0.7676504551052863,weber_violated
1,55,2,left,left,0.92286849797983606,weber_violated
2,55,2,left,left,0.8897847027323602,weber_violated
3,55,2,left,left,0.876521146902205,weber_violated
4,55,2,left,left,1.215397888119448,weber_violated
5,55,2,left,left,0.9756062530231548,weber_violated
6,55,2,left,left,1.2566381114970149,weber_violated
7,55,2,left,left,0.801545023116067,weber_violated
8,55,2,left,left,1.033810127771496,weber_violated
9,55,2,left,left,0.9426414998382697,weber_violated
10,55,2,left,left,1.256256357536032,weber_violated
11,55,3,left,left,0.9676614127683605,weber_violated
12,55,3,left,right,1.8159612345097977,weber_violated
13,55,3,left,right,1.639633016755471,weber_violated
14,55,3,left,left,1.1509936839623192,weber_violated
15,55,3,left,left,0.93792354155201,weber_violated
16,55,3,left,right,1.1938952745810725,weber_violated
17,55,3,left,left,1.566040593216627,weber_violated
18,55,3,left,left,1.3148168527166255,weber_violated
19,55,3,left,left,1.7512726946415669,weber_violated
20,55,3,left,left,2.114716325537262,weber_violated
21,55,4,left,left,2.3573199502369886,weber_violated
22,55,4,left,left,1.8804271579773446,weber_violated
23,55,4,left,right,2.284945426667734,weber_violated
24,55,4,left,left,1.2824271086982535,weber_violated
25,55,4,left,left,2.1299106424422893,weber_violated
26,55,4,left,right,5.124097550764962,weber_violated
27,55,4,left,left,2.2668755130105307,weber_violated
28,55,4,left,right,1.4492984486069924,weber_violated
29,55,4,left,left,1.4671356914463733,weber_violated
30,55,4,left,left,1.8327849554888735,weber_violated
31,55,6,left,right,1.946884213554447,weber_violated
32,55,6,left,left,1.6818075134227803,weber_violated
33,55,6,left,left,2.7180845985105457,weber_violated
34,55,6,left,right,1.8455219344715201,weber_violated
35,55,6,left,left,1.2962632249005173,weber_violated
36,55,6,left,left,1.1798048794531513,weber_violated
37,55,6,left,left,1.2677994842083349,weber_violated
38,55,6,left,right,2.9991412937638593,weber_violated
39,55,6,left,right,1.6043824463517964,weber_violated
40,55,6,left,left,3.968713559667837,weber_violated
41,55,7,left,left,1.6055475895909637,weber_violated
42,55,7,left,left,1.6948996554797764,weber_violated
43,55,7,left,left,1.6655184733935484,weber_violated
44,55,7,left,left,1.1511482645351827,weber_violated
45,55,7,left,left,1.4353405845143101,weber_violated
46,55,7,left,left,1.3515601104302257,weber_violated
47,55,7,left,left,2.00638780949341,weber_violated
48,55,7,left,left,2.123885195694876,weber_violated
49,55,7,left,left,1.8050715743886203,weber_violated
50,55,7,left,left,1.3094529291983863,weber_violated
51,55,8,left,left,0.6856338174587502,weber_violated
52,55,8,left,left,1.6085891072538536,weber_violated
53,55,8,left,left,0.7560626105341124,weber_violated
54,55,8,left,left,1.3661209987351906,weber_violated
55,55,8,left,left,0.7954920162476651,weber_violated
56,55,8,left,left,1.1881542151681663,weber_violated
57,55,8,left,left,0.701876725674633,weber_violated
58,55,8,left,left,0.786287107087108,weber_violated
59,55,8,left,left,0.8866284332845109,weber_violated
60,55,8,left,left,1.2670271406394071,weber_violated
61,55,2,right,right,0.9017845098934323,weber_violated
62,55,2,right,right,1.0533105148302275,weber_violated
63,55,2,right,right,0.8261504405306384,weber_violated
64,55,2,right,right,0.8207982585770852,weber_violated
65,55,2,right,right,0.8009433637101062,weber_violated
66,55,2,right,right,0.7032606648463802,weber_violated
67,55,2,right,right,1.00361090602234,weber_violated
68,55,2,right,right,0.8554634790466713,weber_violated
69,55,2,right,right,0.787387231266488,weber_violated
70,55,2,right,right,1.0368924186672277,weber_violated
71,55,3,right,right,0.96080998338821,weber_violated
72,55,3,right,right,1.0353159919169264,weber_violated
73,55,3,right,right,1.372698680205258,weber_violated
74,55,3,right,right,0.9508649929607638,weber_violated
75,55,3,right,right,1.0284896056839463,weber_violated
76,55,3,right,right,1.0539761163039458,weber_violated
77,55,3,right,right,1.0936692952817628,weber_violated
78,55,3,right,right,1.1082394166252323,weber_violated
79,55,3,right,right,0.9819207261464469,weber_violated
80,55,3,right,right,1.3601210640438433,weber_violated
81,55,4,right,right,1.9917243407367442,weber_violated
82,55,4,right,right,2.9326755161572553,weber_violated
83,55,4,right,left,2.5003106387783802,weber_violated
84,55,4,right,right,2.056612104608792,weber_violated
85,55,4,right,right,1.5021314620597352,weber_violated
86,55,4,right,right,2.199721233008404,weber_violated
87,55,4,right,right,1.66593872487407,weber_violated
88,55,4,right,right,4.104978531923803,weber_violated
89,55,4,right,right,2.880815337451877,weber_violated
90,55,4,right,left,2.4019693071892823,weber_violated
91,55,6,right,right,1.6803045032263837,weber_violated
92,55,6,right,right,2.0664107838402828,weber_violated
93,55,6,right,left,1.5171210952143643,weber_violated
94,55,6,right,right,1.1619679862315535,weber_violated
95,55,6,right,right,1.0851528906012218,weber_violated
96,55,6,right,left,2.5380188111840396,weber_violated
97,55,6,right,right,1.8368887791126025,weber_violated
98,55,6,right,right,0.9767058376530067,weber_violated
99,55,6,right,right,1.1970452744304383,weber_violated
100,55,6,right,right,1.3695031834263103,weber_violated
101,55,7,right,right,1.1068945921828246,weber_violated
102,55,7,right,right,1.113851650372181,weber_violated
103,55,7,right,right,1.1207037254592436,weber_violated
104,55,7,right,right,1.4951739839892193,weber_violated
105,55,7,right,right,0.812476836713454,weber_violated
106,55,7,right,right,1.1269659375229049,weber_violated
107,55,7,right,right,1.5870356464371684,weber_violated
108,55,7,right,right,1.2459907990825112,weber_violated
109,55,7,right,right,1.21976140996218,weber_violated
110,55,7,right,right,0.7799531184760724,weber_violated
111,55,8,right,right,1.3652592913388708,weber_violated
112,55,8,right,right,1.109784087408766,weber_violated
113,55,8,right,right,1.1559732302663819,weber_violated
114,55,8,right,right,0.923430037604843,weber_violated
115,55,8,right,right,0.9074493506258061,weber_violated
116,55,8,right,right,0.8156609012215634,weber_violated
117,55,8,right,right,1.2891970851217371,weber_violated
118,55,8,right,right,0.8183746857069472,weber_violated
119,55,8,right,right,0.7074851471683961,weber_violated
120,55,8,right,right,1.0695353877106524,weber_violated
1,56,2,left,left,0.9808409824805364,weber_violated
2,56,2,left,left,1.0798181664247306,weber_violated
3,56,2,left,left,1.007520742028078,weber_violated
4,56,2,left,left,0.6894158647175233,weber_violated
5,56,2,left,left,0.9030310202087115,weber_violated
6,56,2,left,left,0.7220015580403225,weber_violated
7,56,2,left,left,1.0154389734861122,weber_violated
8,56,2,left,left,0.9429687450757538,weber_violated
9,56,2,left,left,0.9848053554516818,weber_violated
10,56,2,left,left,0.9693535801661997,weber_violated
11,56,3,left,left,1.3537814440882627,weber_violated
12,56,3,left,left,1.0531192119167434,weber_violated
13,56,3,left,left,1.0076300852999374,weber_violated
14,56,3,left,left,1.7090470712321513,weber_violated
15,56,3,left,left,1.030551980153273,weber_violated
16,56,3,left,left,1.4076755244509624,weber_violated
17,56,3,left,left,1.0775361940086245,weber_violated
18,56,3,left,left,1.3799413777981742,weber_violated
19,56,3,left,left,0.7579180540255666,weber_violated
20,56,3,left,left,1.4608569525070618,weber_violated
21,56,4,left,left,2.0693912143366675,weber_violated
22,56,4,left,left,2.1476622864440778,weber_violated
23,56,4,left,left,1.4808596505668072,weber_violated
24,56,4,left,right,1.2961507897362325,weber_violated
25,56,4,left,left,2.5774367020340856,weber_violated
26,56,4,left,left,1.6224712212391588,weber_violated
27,56,4,left,left,1.8615552386212,weber_violated
28,56,4,left,right,5.015936637361163,weber_violated
29,56,4,left,left,2.0939877084187133,weber_violated
30,56,4,left,left,1.4071062826078304,weber_violated
31,56,6,left,right,1.4033050286861193,weber_violated
32,56,6,left,left,1.9832124953291577,weber_violated
33,56,6,left,right,1.2842362594087615,weber_violated
34,56,6,left,left,1.2612821899343674,weber_violated
35,56,6,left,right,1.6326502864526447,weber_violated
36,56,6,left,left,1.60448564618612,weber_violated
37,56,6,left,left,1.0387905413005147,weber_violated
38,56,6,left,left,1.0876430218757493,weber_violated
39,56,6,left,left,1.9119672190093704,weber_violated
40,56,6,left,right,5.448411454436387,weber_violated
41,56,7,left,left,1.0934292280004585,weber_violated
42,56,7,left,left,1.167137339491102,weber_violated
43,56,7,left,left,1.1056619259410072,weber_violated
44,56,7,left,left,2.3653235357066458,weber_violated
45,56,7,left,left,1.044111570883116,weber_violated
46,56,7,left,left,1.0986838880835916,weber_violated
47,56,7,left,left,1.2475840705380439,weber_violated
48,56,7,left,left,1.2614255320719148,weber_violated
49,56,7,left,left,1.136827172410448,weber_violated
50,56,7,left,left,0.8794956266464204,weber_violated
51,56,8,left,left,0.8143073336560547,weber_violated
52,56,8,left,left,0.8556719190579332,weber_violated
53,56,8,left,left,0.8371133464992186,weber_violated
54,56,8,left,left,0.8869463208210826,weber_violated
55,56,8,left,left,0.7684423344306799,weber_violated
56,56,8,left,left,1.2085264593849474,weber_violated
57,56,8,left,left,0.9638160293852334,weber_violated
58,56,8,left,left,1.0197020472864549,weber_violated
59,56,8,left,left,1.7360094583885397,weber_violated
60,56,8,left,left,0.6003647314143281,weber_violated
61,56,2,right,right,0.8191547562650483,weber_violated
62,56,2,right,right,0.7808811526786779,weber_violated
63,56,2,right,right,0.8735320269375466,weber_violated
64,56,2,right,right,0.762271517077068,weber_violated
65,56,2,right,right,1.0377805246180134,weber_violated
66,56,2,right,right,0.9876075858754789,weber_violated
67,56,2,right,right,0.8379054980718366,weber_violated
68,56,2,right,right,0.7858034145812764,weber_violated
69,56,2,right,right,0.8811904827448394,weber_violated
70,56,2,right,right,0.8180285248073631,weber_violated
71,56,3,right,right,1.396381889288446,weber_violated
72,56,3,right,left,3.4150804035260647,weber_violated
73,56,3,right,left,1.6654230633953822,weber_violated
74,56,3,right,right,1.5049081768077903,weber_violated
75,56,3,right,right,1.2205633081224414,weber_violated
76,56,3,right,right,1.696361627975969,weber_violated
77,56,3,right,right,1.059890588533904,weber_violated
78,56,3,right,right,0.9702679816538851,weber_violated
79,56,3,right,right,1.5185393461665004,weber_violated
80,56,3,right,right,1.2200231617859483,weber_violated
81,56,4,right,right,1.5399718489306184,weber_violated
82,56,4,right,right,2.1562555586109045,weber_violated
83,56,4,right,right,1.0951413047031195,weber_violated
84,56,4,right,right,1.042170494268725,weber_violated
85,56,4,right,right,2.381708229757647,weber_violated
86,56,4,right,right,3.2404887288538045,weber_violated
87,56,4,right,right,1.941779655674309,weber_violated
88,56,4,right,right,1.1741230887582832,weber_violated
89,56,4,right,left,1.8485225943938968,weber_violated
90,56,4,right,left,2.362779065174414,weber_violated
91,56,6,right,left,2.1192937647032046,weber_violated
92,56,6,right,left,2.7443604024403307,weber_violated
93,56,6,right,right,1.526121373315007,weber_violated
94,56,6,right,left,3.056123094803106,weber_violated
95,56,6,right,right,1.4200320317686241,weber_violated
96,56,6,right,right,1.3953161043501894,weber_violated
97,56,6,right,right,2.457442630522483,weber_violated
98,56,6,right,left,1.3707531601885026,weber_violated
99,56,6,right,right,1.5535972428545397,weber_violated
100,56,6,right,right,2.5005154637267033,weber_violated
101,56,7,right,right,1.0119740524286447,weber_violated
102,56,7,right,left,1.2055141955216997,weber_violated
103,56,7,right,right,0.7866202627216918,weber_violated
104,56,7,right,right,0.6768472806426066,weber_violated
105,56,7,right,right,1.1256324463312584,weber_violated
106,56,7,right,right,1.048927804088537,weber_violated
107,56,7,right,right,2.5238888460353577,weber_violated
108,56,7,right,right,1.3186121636834138,weber_violated
109,56,7,right,right,1.5829970418181478,weber_violated
110,56,7,right,right,0.817314702722721,weber_violated
111,56,8,right,right,1.1202738866833606,weber_violated
112,56,8,right,right,1.4370098841635353,weber_violated
113,56,8,right,right,0.9362940418309964,weber_violated
114,56,8,right,right,0.7470240717161469,weber_violated
115,56,8,right,right,1.0933345497485818,weber_violated
116,56,8,right,right,0.759613964585655,weber_violated
117,56,8,right,right,1.184842941232159,weber_violated
118,56,8,right,right,0.6705546994039178,weber_violated
119,56,8,right,right,0.90448028344259,weber_violated
120,56,8,right,right,1.0535446838098221,weber_violated
1,57,2,left,left,1.1222543426550216,weber_violated
2,57,2,left,left,0.7230216514012338,weber_violated
3,57,2,left,left,0.7162152641516322,weber_violated
4,57,2,left,left,0.7749029041129769,weber_violated
5,57,2,left,left,0.8872802545662108,weber_violated
6,57,2,left,left,0.7679940292747784,weber_violated
7,57,2,left,left,0.8370902234145379,weber_violated
8,57,2,left,left,0.7952041343891758,weber_violated
9,57,2,left,left,1.012987430138245,weber_violated
10,57,2,left,left,1.2673401504140358,weber_violated
11,57,3,left,left,1.9514791489637457,weber_violated
12,57,3,left,left,1.0552197701841666,weber_violated
13,57,3,left,left,1.185158552263043,weber_violated
14,57,3,left,left,1.3634561018582683,weber_violated
15,57,3,left,left,0.8599991221059562,weber_violated
16,57,3,left,left,1.251109183815273,weber_violated
17,57,3,left,left,1.1896300856700424,weber_violated
18,57,3,left,right,1.9880339525141895,weber_violated
19,57,3,left,left,0.8918166761719799,weber_violated
20,57,3,left,right,1.0873194100396966,weber_violated
21,57,4,left,left,1.2783423473792441,weber_violated
22,57,4,left,left,1.2147009948823189,weber_violated
23,57,4,left,left,1.2734922604619314,weber_violated
24,57,4,left,left,4.962576222441688,weber_violated
25,57,4,left,left,1.9052810077574973,weber_violated
26,57,4,left,left,1.059137428573024,weber_violated
27,57,4,left,left,1.6878925287191946,weber_violated
28,57,4,left,right,1.8314812520979415,weber_violated
29,57,4,left,left,2.7012204272991185,weber_violated
30,57,4,left,left,1.225270067178805,weber_violated
31,57,6,left,left,1.8854660559859422,weber_violated
32,57,6,left,left,1.5529698085165249,weber_violated
33,57,6,left,left,0.9984237976690373,weber_violated
34,57,6,left,right,3.2901461330909534,weber_violated
35,57,6,left,left,2.214851317545848,weber_violated
36,57,6,left,right,1.5201436103248445,weber_violated
37,57,6,left,right,1.2279172209371008,weber_violated
38,57,6,left,left,1.5102028138728036,weber_violated
39,57,6,left,left,2.0900598335811127,weber_violated
40,57,6,left,left,1.8624993320090582,weber_violated
41,57,7,left,left,0.8186041426279653,weber_violated
42,57,7,left,left,1.7998958644504799,weber_violated
43,57,7,left,right,1.716178087149079,weber_violated
44,57,7,left,left,1.228360434286968,weber_violated
45,57,7,left,left,1.2003698802338132,weber_violated
46,57,7,left,left,1.5678738782349588,weber_violated
47,57,7,left,left,1.5052223421406221,weber_violated
48,57,7,left,left,1.1140953760596826,weber_violated
49,57,7,left,left,1.011406122933304,weber_violated
50,57,7,left,left,1.1013670948604242,weber_violated
51,57,8,left,left,0.7897506273990322,weber_violated
52,57,8,left,left,1.0264763002146218,weber_violated
53,57,8,left,left,0.6796280231884883,weber_violated
54,57,8,left,left,0.7768430530969883,weber_violated
55,57,8,left,left,1.145759313693834,weber_violated
56,57,8,left,left,1.5063019638522,weber_violated
57,57,8,left,left,0.8112735381469991,weber_violated
58,57,8,left,left,0.8333863585816301,weber_violated
59,57,8,left,left,0.6502900620597594,weber_violated
60,57,8,left,left,0.7808097239609566,weber_violated
61,57,2,right,right,0.7972521356090145,weber_violated
62,57,2,right,right,1.3267704541792396,weber_violated
63,57,2,right,right,0.8346056376076674,weber_violated
64,57,2,right,right,0.9867968286941964,weber_violated
65,57,2,right,right,0.7636940890286459,weber_violated
66,57,2,right,right,0.7504006706118527,weber_violated
67,57,2,right,right,0.7469817581507012,weber_violated
68,57,2,right,right,0.7896261186936442,weber_violated
69,57,2,right,right,0.8246511732153934,weber_violated
70,57,2,right,right,1.000487901152287,weber_violated
71,57,3,right,right,1.8029561334877198,weber_violated
72,57,3,right,right,1.0952052278247177,weber_violated
73,57,3,right,right,1.2490768616812775,weber_violated
74,57,3,right,right,1.3113914166422003,weber_violated
75,57,3,right,right,3.896395946632335,weber_violated
76,57,3,right,right,1.0680469078596917,weber_violated
77,57,3,right,right,1.8060348641968196,weber_violated
78,57,3,right,right,1.246036893538674,weber_violated
79,57,3,right,right,0.8614957482627856,weber_violated
80,57,3,right,right,1.087693379606181,weber_violated
81,57,4,right,right,1.9825179111487812,weber_violated
82,57,4,right,right,2.2247143815410326,weber_violated
83,57,4,right,left,2.2079417433879525,weber_violated
84,57,4,right,left,2.8868402763558043,weber_violated
85,57,4,right,right,1.6194204629931495,weber_violated
86,57,4,right,right,1.47170552485,weber_violated
87,57,4,right,right,1.9885786371626208,weber_violated
88,57,4,right,right,1.743911846779699,weber_violated
89,57,4,right,right,1.4464590772505546,weber_violated
90,57,4,right,right,1.2549769786828067,weber_violated
91,57,6,right,left,3.90747148884185,weber_violated
92,57,6,right,left,1.642404599402328,weber_violated
93,57,6,right,right,1.409525396045173,weber_violated
94,57,6,right,right,1.8957759173371558,weber_violated
95,57,6,right,right,1.6079443764488193,weber_violated
96,57,6,right,left,2.3846858537663573,weber_violated
97,57,6,right,left,1.9203550753366416,weber_violated
98,57,6,right,left,1.9710472224571185,weber_violated
99,57,6,right,right,1.1078324261441022,weber_violated
100,57,6,right,left,1.7303434317433082,weber_violated
101,57,7,right,right,1.4754378660768857,weber_violated
102,57,7,right,right,1.064864795367678,weber_violated
103,57,7,right,right,0.9903091265659143,weber_violated
104,57,7,right,right,1.1363507500645522,weber_violated
105,57,7,right,right,0.8558038835469239,weber_violated
106,57,7,right,right,1.7481297315033388,weber_violated
107,57,7,right,left,1.8916278686114416,weber_violated
108,57,7,right,left,1.4720511709804398,weber_violated
109,57,7,right,right,1.0889183037990724,weber_violated
110,57,7,right,right,1.3892426198079109,weber_violated
111,57,8,right,right,1.2951149947158591,weber_violated
112,57,8,right,right,1.062614482037281,weber_violated
113,57,8,right,right,0.925609457524385,weber_violated
114,57,8,right,right,0.6640477423463942,weber_violated
115,57,8,right,right,0.8357617372504555,weber_violated
116,57,8,right,right,1.200235621118799,weber_violated
117,57,8,right,right,0.7020859734952958,weber_violated
118,57,8,right,right,0.9863973980536327,weber_violated
119,57,8,right,right,0.9716475713604755,weber_violated
120,57,8,right,right,0.8780903851450537,weber_violated
1,58,2,left,left,1.0044597658429792,weber_violated
2,58,2,left,left,1.013345306847617,weber_violated
3,58,2,left,left,0.8684811147122822,weber_violated
4,58,2,left,left,0.7579809652212033,weber_violated
5,58,2,left,left,0.819303001501489,weber_violated
6,58,2,left,left,1.2962469862189674,weber_violated
7,58,2,left,left,0.9286425040362483,weber_violated
8,58,2,left,left,0.9160690096444661,weber_violated
9,58,2,left,left,0.8645654970630381,weber_violated
10,58,2,left,left,0.7765189080412704,weber_violated
11,58,3,left,left,1.2690665655074038,weber_violated
12,58,3,left,left,1.2705233318196438,weber_violated
13,58,3,left,left,1.8386083537539346,weber_violated
14,58,3,left,left,1.3491652717382951,weber_violated
15,58,3,left,right,2.0957794246120236,weber_violated
16,58,3,left,left,1.7340415431011151,weber_violated
17,58,3,left,left,1.899019334533012,weber_violated
18,58,3,left,left,1.177974684912621,weber_violated
19,58,3,left,left,2.148913918985779,weber_violated
20,58,3,left,right,1.483810080953158,weber_violated
21,58,4,left,left,2.2473635631414566,weber_violated
22,58,4,left,left,1.739088540273011,weber_violated
23,58,4,left,right,1.6686670168057056,weber_violated
24,58,4,left,left,3.7664803482196194,weber_violated
25,58,4,left,right,5.511344558066758,weber_violated
26,58,4,left,left,1.7062541411795529,weber_violated
27,58,4,left,left,1.5124121151754306,weber_violated
28,58,4,left,right,1.2579721398430483,weber_violated
29,58,4,left,right,2.0002583888748258,weber_violated
30,58,4,left,left,1.3786063749947004,weber_violated
31,58,6,left,left,2.3258801016427957,weber_violated
32,58,6,left,left,0.8597275110642519,weber_violated
33,58,6,left,left,6.027100204938719,weber_violated
34,58,6,left,left,2.4772078236959127,weber_violated
35,58,6,left,left,1.957808800532097,weber_violated
36,58,6,left,right,2.7452939806465437,weber_violated
37,58,6,left,left,1.7238422834000666,weber_violated
38,58,6,left,left,1.349983807069028,weber_violated
39,58,6,left,right,2.148722618666436,weber_violated
40,58,6,left,right,1.062385369454096,weber_violated
41,58,7,left,left,0.8657279768027335,weber_violated
42,58,7,left,left,1.605752809848741,weber_violated
43,58,7,left,left,1.4586462049271678,weber_violated
44,58,7,left,left,1.4609682394487502,weber_violated
45,58,7,left,left,1.056621252917907,weber_violated
46,58,7,left,right,1.3972109283660947,weber_violated
47,58,7,left,left,1.0714129638173708,weber_violated
48,58,7,left,left,1.3716866500549627,weber_violated
49,58,7,left,left,1.7142740237691312,weber_violated
50,58,7,left,left,1.57044921337127,weber_violated
51,58,8,left,left,0.9264858389173294,weber_violated
52,58,8,left,left,1.6972114765950006,weber_violated
53,58,8,left,left,1.0196945067294618,weber_violated
54,58,8,left,left,0.774519922636955,weber_violated
55,58,8,left,left,0.9128288085890826,weber_violated
56,58,8,left,left,0.9661210598282399,weber_violated
57,58,8,left,left,1.1737564729706103,weber_violated
58,58,8,left,left,1.0498217767478015,weber_violated
59,58,8,left,left,0.8633548274149825,weber_violated
60,58,8,left,left,0.7969866546658146,weber_violated
61,58,2,right,right,0.6749824200889873,weber_violated
62,58,2,right,right,0.8712248791692367,weber_violated
63,58,2,right,right,1.0223747927725,weber_violated
64,58,2,right,right,0.9622570327007642,weber_violated
65,58,2,right,right,0.7703453871851265,weber_violated
66,58,2,right,right,0.9427452304541024,weber_violated
67,58,2,right,right,0.5834423577998549,weber_violated
68,58,2,right,right,1.167262250565453,weber_violated
69,58,2,right,right,1.023110015809234,weber_violated
70,58,2,right,right,0.7187261157745521,weber_violated
71,58,3,right,right,1.2036661464111502,weber_violated
72,58,3,right,right,0.9371749947821006,weber_violated
73,58,3,right,right,1.2651888862021223,weber_violated
74,58,3,right,right,1.5452424731865297,weber_violated
75,58,3,right,left,2.1072577585166963,weber_violated
76,58,3,right,right,2.31440026620768,weber_violated
77,58,3,right,right,1.0204112260346494,weber_violated
78,58,3,right,right,1.2817968105307496,weber_violated
79,58,3,right,right,1.0927933371609744,weber_violated
80,58,3,right,right,1.4348830110262876,weber_violated
81,58,4,right,right,2.8892438178792057,weber_violated
82,58,4,right,right,1.542989325606859,weber_violated
83,58,4,right,right,1.4370272487330162,weber_violated
84,58,4,right,left,1.2880389573246067,weber_violated
85,58,4,right,right,1.8002221851838769,weber_violated
86,58,4,right,right,1.4274496148637543,weber_violated
87,58,4,right,left,2.14985900166197,weber_violated
88,58,4,right,right,3.018135133216227,weber_violated
89,58,4,right,right,1.4411964673171411,weber_violated
90,58,4,right,right,1.496342082551558,weber_violated
91,58,6,right,right,1.9215540624609868,weber_violated
92,58,6,right,right,1.4156921525963944,weber_violated
93,58,6,right,left,2.0160990512870636,weber_violated
94,58,6,right,right,5.552726843242103,weber_violated
95,58,6,right,right,1.5189233253396384,weber_violated
96,58,6,right,right,1.4096469844024038,weber_violated
97,58,6,right,right,3.1208446781585817,weber_violated
98,58,6,right,left,1.3083042205478754,weber_violated
99,58,6,right,right,1.6658617172572558,weber_violated
100,58,6,right,right,1.6640038973480116,weber_violated
101,58,7,right,right,1.0641250795078758,weber_violated
102,58,7,right,right,0.98033277440295,weber_violated
103,58,7,right,left,1.8896330723076435,weber_violated
104,58,7,right,right,0.9076681044033847,weber_violated
105,58,7,right,right,0.9170541911508328,weber_violated
106,58,7,right,right,3.2617252609045626,weber_violated
107,58,7,right,right,1.247397293305204,weber_violated
108,58,7,right,right,0.9422665043199556,weber_violated
109,58,7,right,right,1.2683116265885586,weber_violated
110,58,7,right,right,1.7217815965958985,weber_violated
111,58,8,right,right,0.7433765337822555,weber_violated
112,58,8,right,right,0.8894291565686181,weber_violated
113,58,8,right,right,0.9257735040373392,weber_violated
114,58,8,right,left,0.9384953829860538,weber_violated
115,58,8,right,left,1.2314338665849427,weber_violated
116,58,8,right,right,0.7531289375232291,weber_violated
117,58,8,right,right,0.9756280831152853,weber_violated
118,58,8,right,right,1.0546134115286059,weber_violated
119,58,8,right,right,1.7823950273071554,weber_violated
120,58,8,right,right,1.0017269284379022,weber_violated
1,59,2,left,left,1.037305156777394,weber_violated
2,59,2,left,left,1.1289331385935129,weber_violated
3,59,2,left,left,0.8284674087380972,weber_violated
4,59,2,left,left,1.1966003883791918,weber_violated
5,59,2,left,left,0.8697235881515235,weber_violated
6,59,2,left,left,0.9307435816495524,weber_violated
7,59,2,left,left,1.0548688752330255,weber_violated
8,59,2,left,left,0.7389710899496138,weber_violated
9,59,2,left,left,0.7795954535632352,weber_violated
10,59,2,left,left,1.4572100860969743,weber_violated
11,59,3,left,right,1.794238595701112,weber_violated
12,59,3,left,left,1.0814967736448122,weber_violated
13,59,3,left,left,1.1424329579913484,weber_violated
14,59,3,left,left,1.0987409651797395,weber_violated
15,59,3,left,left,1.6396049820306702,weber_violated
16,59,3,left,left,1.3170721816368884,weber_violated
17,59,3,left,left,1.108661729800268,weber_violated
18,59,3,left,left,1.0781631626911294,weber_violated
19,59,3,left,right,1.0844699603299612,weber_violated
20,59,3,left,left,1.5925697715454903,weber_violated
21,59,4,left,left,0.9758534762101645,weber_violated
22,59,4,left,left,1.4593882212825944,weber_violated
23,59,4,left,left,2.1221355925949883,weber_violated
24,59,4,left,right,2.3004733303545324,weber_violated
25,59,4,left,left,1.3860726929995801,weber_violated
26,59,4,left,left,1.3528860832613752,weber_violated
27,59,4,left,right,1.6848627165529373,weber_violated
28,59,4,left,left,3.224753174622342,weber_violated
29,59,4,left,right,1.6095539235768408,weber_violated
30,59,4,left,right,1.9931338367137958,weber_violated
31,59,6,left,left,1.915279959645916,weber_violated
32,59,6,left,left,1.8340850610319077,weber_violated
33,59,6,left,right,1.168935712381456,weber_violated
34,59,6,left,left,1.7526418871435891,weber_violated
35,59,6,left,left,1.8982837447895822,weber_violated
36,59,6,left,left,1.6283607475481956,weber_violated
37,59,6,left,left,1.4985013285813127,weber_violated
38,59,6,left,left,1.7658865308491252,weber_violated
39,59,6,left,left,1.6232901568255869,weber_violated
40,59,6,left,left,1.156536197534262,weber_violated
41,59,7,left,left,1.159274311090444,weber_violated
42,59,7,left,left,0.9786099968109665,weber_violated
43,59,7,left,left,1.154578597175905,weber_violated
44,59,7,left,left,2.6330668936115615,weber_violated
45,59,7,left,left,1.1019593786965518,weber_violated
46,59,7,left,left,1.1456041254465132,weber_violated
47,59,7,left,left,1.1010251025744218,weber_violated
48,59,7,left,left,1.1373399103050867,weber_violated
49,59,7,left,left,1.2670347417194403,weber_violated
50,59,7,left,right,1.4096828698286341,weber_violated
51,59,8,left,left,0.7672142050881203,weber_violated
52,59,8,left,left,0.9140300187805441,weber_violated
53,59,8,left,left,0.8310865176914692,weber_violated
54,59,8,left,left,1.0796321596610228,weber_violated
55,59,8,left,left,1.259429762363944,weber_violated
56,59,8,left,left,0.8244454912719092,weber_violated
57,59,8,left,left,0.9192315711656105,weber_violated
58,59,8,left,left,0.7837508005736982,weber_violated
59,59,8,left,left,0.7927711600945726,weber_violated
60,59,8,left,left,1.101269571131941,weber_violated
61,59,2,right,right,0.8063869696454871,weber_violated
62,59,2,right,right,0.878449996130173,weber_violated
63,59,2,right,right,1.0412551881984962,weber_violated
64,59,2,right,right,0.8170046434947549,weber_violated
65,59,2,right,right,0.8540505193169996,weber_violated
66,59,2,right,right,0.9676646057569365,weber_violated
67,59,2,right,right,1.0254024491876197,weber_violated
68,59,2,right,right,0.7791408556472414,weber_violated
69,59,2,right,right,0.6833231527514314,weber_violated
70,59,2,right,right,0.6549172837820352,weber_violated
71,59,3,right,right,1.4222775168031698,weber_violated
72,59,3,right,right,1.228888786681523,weber_violated
73,59,3,right,right,1.179743251392634,weber_violated
74,59,3,right,right,1.094048793214259,weber_violated
75,59,3,right,right,0.804513688569994,weber_violated
76,59,3,right,right,0.9172523737903733,weber_violated
77,59,3,right,right,0.9816350697722029,weber_violated
78,59,3,right,right,0.9464987424187801,weber_violated
79,59,3,right,right,1.086286662714926,weber_violated
80,59,3,right,right,1.40015458925925,weber_violated
81,59,4,right,right,2.1303102664679794,weber_violated
82,59,4,right,left,2.164070514737245,weber_violated
83,59,4,right,right,1.2842080888436096,weber_violated
84,59,4,right,right,1.7737422282262778,weber_violated
85,59,4,right,right,2.413921261021212,weber_violated
86,59,4,right,left,1.6377726839448545,weber_violated
87,59,4,right,left,1.6349156563336948,weber_violated
88,59,4,right,left,2.0164933965611826,weber_violated
89,59,4,right,right,1.5710607928268392,weber_violated
90,59,4,right,left,2.102170067932536,weber_violated
91,59,6,right,right,4.78750594097585,weber_violated
92,59,6,right,left,2.26282034947864,weber_violated
93,59,6,right,right,1.2121503290339586,weber_violated
94,59,6,right,left,2.553503788364586,weber_violated
95,59,6,right,left,1.4202966091269313,weber_violated
96,59,6,right,right,1.1998799245961422,weber_violated
97,59,6,right,left,1.9688587858485846,weber_violated
98,59,6,right,right,2.2591244782732307,weber_violated
99,59,6,right,left,1.4378111100109494,weber_violated
100,59,6,right,right,1.7132407209915426,weber_violated
101,59,7,right,right,1.627984340127795,weber_violated
102,59,7,right,right,0.7689239165350743,weber_violated
103,59,7,right,right,1.4749121586028477,weber_violated
104,59,7,right,left,1.6038470792669737,weber_violated
105,59,7,right,right,1.691430872441754,weber_violated
106,59,7,right,right,1.2179562081929058,weber_violated
107,59,7,right,right,1.3756218035561425,weber_violated
108,59,7,right,right,1.4763452786437365,weber_violated
109,59,7,right,right,0.9266094158622324,weber_violated
110,59,7,right,right,1.3141277103387003,weber_violated
111,59,8,right,right,0.7819316303735497,weber_violated
112,59,8,right,right,0.6040584987993369,weber_violated
113,59,8,right,right,0.8318565142910588,weber_violated
114,59,8,right,right,0.8456821420834195,weber_violated
115,59,8,right,right,0.59743451552671,weber_violated
116,59,8,right,right,0.7310110756161052,weber_violated
117,59,8,right,right,1.2286963764336085,weber_violated
118,59,8,right,right,1.015288667506435,weber_violated
119,59,8,right,right,0.7158668134642057,weber_violated
120,59,8,right,right,0.8282172316977636,weber_violated
1,60,2,left,left,0.9310807564248826,weber_violated
2,60,2,left,left,0.7685746535373423,weber_violated
3,60,2,left,left,1.090218342483161,weber_violated
4,60,2,left,left,0.8214731679906966,weber_violated
5,60,2,left,left,1.0425508377705486,weber_violated
6,60,2,left,left,0.9251338380033525,weber_violated
7,60,2,left,left,0.9203813173643627,weber_violated
8,60,2,left,left,0.8567650565466256,weber_violated
9,60,2,left,left,0.8990065777858172,weber_violated
10,60,2,left,left,0.9906789826559337,weber_violated
11,60,3,left,right,1.2786311141323894,weber_violated
12,60,3,left,left,1.4049308482179323,weber_violated
13,60,3,left,left,1.0500868957415121,weber_violated
14,60,3,left,left,0.9454172917140393,weber_violated
15,60,3,left,left,1.1751277513785023,weber_violated
16,60,3,left,left,1.7112983633134398,weber_violated
17,60,3,left,left,0.9097017131969816,weber_violated
18,60,3,left,left,0.8368785888162531,weber_violated
19,60,3,left,left,1.492795940632512,weber_violated
20,60,3,left,left,0.8884966880462082,weber_violated
21,60,4,left,left,2.015446764317974,weber_violated
22,60,4,left,right,1.614583396023315,weber_violated
23,60,4,left,right,2.0677397607457615,weber_violated
24,60,4,left,right,1.770375635666905,weber_violated
25,60,4,left,left,1.32152965185563,weber_violated
26,60,4,left,left,1.4405480988090866,weber_violated
27,60,4,left,right,4.474819301412473,weber_violated
28,60,4,left,left,1.575877554363617,weber_violated
29,60,4,left,right,1.5692868686710115,weber_violated
30,60,4,left,left,1.4465676220351793,weber_violated
31,60,6,left,left,1.4321191509455335,weber_violated
32,60,6,left,left,2.1550581370344957,weber_violated
33,60,6,left,right,1.9836357506499787,weber_violated
34,60,6,left,right,2.96037891497076,weber_violated
35,60,6,left,right,1.330040583678202,weber_violated
36,60,6,left,left,2.615095061074637,weber_violated
37,60,6,left,left,1.3652675827774932,weber_violated
38,60,6,left,left,1.5586014603433758,weber_violated
39,60,6,left,left,1.4747220522134854,weber_violated
40,60,6,left,right,5.706276931646582,weber_violated
41,60,7,left,left,1.0524459420508707,weber_violated
42,60,7,left,left,1.0506908105343225,weber_violated
43,60,7,left,left,1.6173966590026942,weber_violated
44,60,7,left,left,1.1219155950802862,weber_violated
45,60,7,left,left,0.8734869450027298,weber_violated
46,60,7,left,left,1.1233381469729378,weber_violated
47,60,7,left,right,1.5003443809425985,weber_violated
48,60,7,left,left,1.8526037103198634,weber_violated
49,60,7,left,left,1.574702961358945,weber_violated
50,60,7,left,left,1.035034774639722,weber_violated
51,60,8,left,left,0.7776591458308206,weber_violated
52,60,8,left,left,0.7403096952808361,weber_violated
53,60,8,left,left,0.8511030239888089,weber_violated
54,60,8,left,left,0.9778792500361708,weber_violated
55,60,8,left,left,0.6477065998230832,weber_violated
56,60,8,left,left,0.8483048420897459,weber_violated
57,60,8,left,left,1.0685811123608053,weber_violated
58,60,8,left,left,0.82027034598478,weber_violated
59,60,8,left,left,1.115098714015503,weber_violated
60,60,8,left,left,0.7436220590153246,weber_violated
61,60,2,right,right,1.096357813139961,weber_violated
62,60,2,right,right,0.6740402791068971,weber_violated
63,60,2,right,right,0.7491036426519619,weber_violated
64,60,2,right,right,1.0824930907194514,weber_violated
65,60,2,right,right,0.771184134462416,weber_violated
66,60,2,right,right,0.9375909441247334,weber_violated
67,60,2,right,right,0.7978499954818958,weber_violated
68,60,2,right,right,0.819942735722456,weber_violated
69,60,2,right,right,0.9030892913718775,weber_violated
70,60,2,right,right,1.1918704675612175,weber_violated
71,60,3,right,left,0.9460350271319131,weber_violated
72,60,3,right,right,1.294834595606875,weber_violated
73,60,3,right,right,1.5027113635874891,weber_violated
74,60,3,right,right,1.0817387264653284,weber_violated
75,60,3,right,right,1.1367086822577441,weber_violated
76,60,3,right,right,0.7947098729859636,weber_violated
77,60,3,right,left,1.566333086638251,weber_violated
78,60,3,right,right,0.9014502823750403,weber_violated
79,60,3,right,right,0.9960272388295393,weber_violated
80,60,3,right,right,1.6103878547260266,weber_violated
81,60,4,right,right,1.0109771380493975,weber_violated
82,60,4,right,left,1.0800999395443749,weber_violated
83,60,4,right,right,1.604952183887002,weber_violated
84,60,4,right,right,1.9676931019211719,weber_violated
85,60,4,right,left,1.5909457806087255,weber_violated
86,60,4,right,right,2.113926946430051,weber_violated
87,60,4,right,left,2.207833815773504,weber_violated
88,60,4,right,right,1.317579964072002,weber_violated
89,60,4,right,left,1.4188996129520504,weber_violated
90,60,4,right,right,1.2512538000476916,weber_violated
91,60,6,right,right,1.8497804188452962,weber_violated
92,60,6,right,right,1.5978724683220085,weber_violated
93,60,6,right,left,1.0295119550769114,weber_violated
94,60,6,right,right,1.740202415185132,weber_violated
95,60,6,right,left,2.4258409853719276,weber_violated
96,60,6,right,right,2.183808172561277,weber_violated
97,60,6,right,right,3.906531172628721,weber_violated
98,60,6,right,right,1.667861453359886,weber_violated
99,60,6,right,right,1.4228796162086113,weber_violated
100,60,6,right,left,4.1172440851363,weber_violated
101,60,7,right,right,3.4232894875307758,weber_violated
102,60,7,right,right,1.2411428066758083,weber_violated
103,60,7,right,right,1.4796763892707412,weber_violated
104,60,7,right,right,0.8260233874310856,weber_violated
105,60,7,right,right,1.4205480165714535,weber_violated
106,60,7,right,right,1.274783660404406,weber_violated
107,60,7,right,right,1.392474279698638,weber_violated
108,60,7,right,right,1.220328457268904,weber_violated
109,60,7,right,right,0.8198979979175025,weber_violated
110,60,7,right,right,1.2255924838442387,weber_violated
111,60,8,right,right,1.009754293527055,weber_violated
112,60,8,right,right,1.4066458040895038,weber_violated
113,60,8,right,right,0.9464030171718179,weber_violated
114,60,8,right,right,0.8421756154118323,weber_violated
115,60,8,right,right,0.8746354338852189,weber_violated
116,60,8,right,right,0.8819361817178171,weber_violated
117,60,8,right,right,1.1473674345456024,weber_violated
118,60,8,right,right,0.6944924807451,weber_violated
119,60,8,right,right,0.7878510205165801,weber_violated
120,60,8,right,right,1.0177084295746346,weber_violated
1,61,2,left,left,0.9414307862682172,weber_violated
2,61,2,left,left,0.912688171370996,weber_violated
3,61,2,left,left,0.9437414915470046,weber_violated
4,61,2,left,left,0.9765826566853009,weber_violated
5,61,2,left,left,0.7840128144869891,weber_violated
6,61,2,left,left,0.7265215263220832,weber_violated
7,61,2,left,left,0.7192261408258693,weber_violated
8,61,2,left,left,0.7864848487168201,weber_violated
9,61,2,left,left,1.0155453889603931,weber_violated
10,61,2,left,left,0.7604622266864884,weber_violated
11,61,3,left,left,1.8371998197850195,weber_violated
12,61,3,left,left,1.2488345422642468,weber_violated
13,61,3,left,left,1.0920442388875502,weber_violated
14,61,3,left,left,1.1403875639302672,weber_violated
15,61,3,left,left,1.0309004695898571,weber_violated
16,61,3,left,left,1.6565890617827306,weber_violated
17,61,3,left,left,1.3032204676450487,weber_violated
18,61,3,left,left,1.336941763146729,weber_violated
19,61,3,left,left,1.033989667274101,weber_violated
20,61,3,left,right,1.2310533218917366,weber_violated
21,61,4,left,right,1.4232241874306182,weber_violated
22,61,4,left,left,3.055492267643551,weber_violated
23,61,4,left,right,1.7304768713021155,weber_violated
24,61,4,left,left,1.8411911558527552,weber_violated
25,61,4,left,left,1.7865040689442715,weber_violated
26,61,4,left,left,1.37820254485986,weber_violated
27,61,4,left,left,1.4233875256712736,weber_violated
28,61,4,left,right,2.24489285889183,weber_violated
29,61,4,left,left,1.2924655831316145,weber_violated
30,61,4,left,left,1.8958143293850764,weber_violated
31,61,6,left,left,1.8895709847393645,weber_violated
32,61,6,left,left,2.035906825004252,weber_violated
33,61,6,left,left,1.8193099788278821,weber_violated
34,61,6,left,left,1.4067654079630185,weber_violated
35,61,6,left,left,4.6966917626324465,weber_violated
36,61,6,left,left,1.6269899006350261,weber_violated
37,61,6,left,left,1.7282185066124798,weber_violated
38,61,6,left,right,1.2806367636555513,weber_violated
39,61,6,left,left,1.3868403430482248,weber_violated
40,61,6,left,left,6.451196363196492,weber_violated
41,61,7,left,left,1.314654604931869,weber_violated
42,61,7,left,left,1.39895072637382,weber_violated
43,61,7,left,left,1.1856576420100164,weber_violated
44,61,7,left,left,0.8705067441917151,weber_violated
45,61,7,left,left,1.3479802805675052,weber_violated
46,61,7,left,left,0.9832222197125549,weber_violated
47,61,7,left,left,0.9890504105749625,weber_violated
48,61,7,left,left,1.253671368058551,weber_violated
49,61,7,left,left,1.098629941161829,weber_violated
50,61,7,left,left,1.1193707268333262,weber_violated
51,61,8,left,left,0.8352569671677037,weber_violated
52,61,8,left,left,0.9930392242950412,weber_violated
53,61,8,left,left,1.10229923512606,weber_violated
54,61,8,left,left,1.1389644523419096,weber_violated
55,61,8,left,left,0.8643664006595297,weber_violated
56,61,8,left,left,0.906608597091261,weber_violated
57,61,8,left,left,0.7541806619484961,weber_violated
58,61,8,left,left,1.0118230405377056,weber_violated
59,61,8,left,left,0.7749822865253393,weber_violated
60,61,8,left,left,1.0302599385759779,weber_violated
61,61,2,right,right,0.8965342633638032,weber_violated
62,61,2,right,right,0.836397244844246,weber_violated
63,61,2,right,right,0.9006252480381778,weber_violated
64,61,2,right,right,0.8644611428512603,weber_violated
65,61,2,right,right,1.3608668535528863,weber_violated
66,61,2,right,right,1.0820432755838747,weber_violated
67,61,2,right,right,1.0396783026957142,weber_violated
68,61,2,right,right,0.7003687472373066,weber_violated
69,61,2,right,right,0.7666261363829465,weber_violated
70,61,2,right,right,0.7169385588634822,weber_violated
71,61,3,right,right,1.0589244620722003,weber_violated
72,61,3,right,left,1.8840188782240395,weber_violated
73,61,3,right,right,1.3103837757519532,weber_violated
74,61,3,right,right,1.0015516910765114,weber_violated
75,61,3,right,right,0.9519908766171548,weber_violated
76,61,3,right,right,1.8510807019075617,weber_violated
77,61,3,right,right,1.1877075793574772,weber_violated
78,61,3,right,right,1.3031544575447809,weber_violated
79,61,3,right,left,1.9916806262489017,weber_violated
80,61,3,right,right,1.2895892815673335,weber_violated
81,61,4,right,left,4.611632690902417,weber_violated
82,61,4,right,right,1.9147713123348586,weber_violated
83,61,4,right,right,1.8761946513107126,weber_violated
84,61,4,right,right,0.8108901525621866,weber_violated
85,61,4,right,right,1.1348029645161095,weber_violated
86,61,4,right,right,2.8056750804808277,weber_violated
87,61,4,right,left,5.844860042843587,weber_violated
88,61,4,right,right,1.4238477135615117,weber_violated
89,61,4,right,right,1.6220929377835647,weber_violated
90,61,4,right,right,1.7441447218906838,weber_violated
91,61,6,right,right,1.739329287305567,weber_violated
92,61,6,right,right,1.2284393317216278,weber_violated
93,61,6,right,left,1.3107371570053488,weber_violated
94,61,6,right,right,1.8040260427345922,weber_violated
95,61,6,right,left,3.052763029528262,weber_violated
96,61,6,right,left,3.0537018114845003,weber_violated
97,61,6,right,left,1.5364375954130314,weber_violated
98,61,6,right,right,2.544094233266108,weber_violated
99,61,6,right,right,1.4770251805913215,weber_violated
100,61,6,right,right,3.4738521249488494,weber_violated
101,61,7,right,left,1.630985922242276,weber_violated
102,61,7,right,right,0.846252982793035,weber_violated
103,61,7,right,right,1.7412405439687262,weber_violated
104,61,7,right,right,1.2790464964559696,weber_violated
105,61,7,right,right,1.0456771524412483,weber_violated
106,61,7,right,right,1.1447467175428159,weber_violated
107,61,7,right,right,2.258825003233089,weber_violated
108,61,7,right,right,0.8128990701371688,weber_violated
109,61,7,right,right,0.9678413345214731,weber_violated
110,61,7,right,right,1.189203424718618,weber_violated
111,61,8,right,right,0.7844688021932549,weber_violated
112,61,8,right,right,1.3772554044740444,weber_violated
113,61,8,right,left,2.0962077919250364,weber_violated
114,61,8,right,right,0.9358351583522897,weber_violated
115,61,8,right,right,0.712583853873308,weber_violated
116,61,8,right,right,0.9879593482743825,weber_violated
117,61,8,right,right,0.8992821877873154,weber_violated
118,61,8,right,right,0.9030831512011863,weber_violated
119,61,8,right,right,0.7890456637308476,weber_violated
120,61,8,right,right,0.6929814715380946,weber_violated
1,62,2,left,left,0.9301244247419216,weber_violated
2,62,2,left,left,0.7741341170720959,weber_violated
3,62,2,left,left,1.0506110167319977,weber_violated
4,62,2,left,left,0.7679362477413372,weber_violated
5,62,2,left,left,1.3424495800392655,weber_violated
6,62,2,left,left,0.6509664327222084,weber_violated
7,62,2,left,left,0.7766069088082688,weber_violated
8,62,2,left,left,0.8141919021852237,weber_violated
9,62,2,left,left,0.8636552820598429,weber_violated
10,62,2,left,left,1.027554026263757,weber_violated
11,62,3,left,left,1.761955480096722,weber_violated
12,62,3,left,left,0.9178501700500932,weber_violated
13,62,3,left,left,1.0757523448684043,weber_violated
14,62,3,left,left,0.8870364723969697,weber_violated
15,62,3,left,left,0.8029836850223442,weber_violated
16,62,3,left,left,1.47972963468697,weber_violated
17,62,3,left,left,1.6647659764143525,weber_violated
18,62,3,left,left,1.6459350601012466,weber_violated
19,62,3,left,right,2.5035739103121504,weber_violated
20,62,3,left,left,1.0621749727068952,weber_violated
21,62,4,left,left,1.416306484885227,weber_violated
22,62,4,left,left,1.858677510868437,weber_violated
23,62,4,left,left,1.3709202293320595,weber_violated
24,62,4,left,right,1.496120609585975,weber_violated
25,62,4,left,left,1.5879944354866742,weber_violated
26,62,4,left,right,2.153246376821708,weber_violated
27,62,4,left,left,2.40148436718428,weber_violated
28,62,4,left,right,3.803834519234953,weber_violated
29,62,4,left,left,1.5172531203897064,weber_violated
30,62,4,left,left,1.7671162321328566,weber_violated
31,62,6,left,left,3.102354867696946,weber_violated
32,62,6,left,left,1.3218152324784618,weber_violated
33,62,6,left,left,1.2755585521115802,weber_violated
34,62,6,left,left,3.0379412731033724,weber_violated
35,62,6,left,right,1.5503406745479478,weber_violated
36,62,6,left,right,1.8976887223284309,weber_violated
37,62,6,left,left,1.25855600905299,weber_violated
38,62,6,left,left,0.9280564980648904,weber_violated
39,62,6,left,right,1.4486570081919588,weber_violated
40,62,6,left,left,2.483985478889908,weber_violated
41,62,7,left,right,1.3638060311488527,weber_violated
42,62,7,left,left,1.688178385990966,weber_violated
43,62,7,left,left,1.197588548392906,weber_violated
44,62,7,left,left,1.1958687517510767,weber_violated
45,62,7,left,left,1.0291341188035783,weber_violated
46,62,7,left,right,1.5372948090047227,weber_violated
47,62,7,left,left,1.5089024171413827,weber_violated
48,62,7,left,left,1.3823063417302008,weber_violated
49,62,7,left,right,1.7106055567280174,weber_violated
50,62,7,left,left,1.2672837776093986,weber_violated
51,62,8,left,left,0.8637796799739019,weber_violated
52,62,8,left,left,0.7462236062482821,weber_violated
53,62,8,left,left,1.4931301124792415,weber_violated
54,62,8,left,left,1.0688729208047298,weber_violated
55,62,8,left,left,0.9805987984528419,weber_violated
56,62,8,left,left,1.1014333736608253,weber_violated
57,62,8,left,left,1.2556234878929244,weber_violated
58,62,8,left,left,0.8449295022123291,weber_violated
59,62,8,left,left,0.8813214782044658,weber_violated
60,62,8,left,left,0.8762428523870545,weber_violated
61,62,2,right,right,0.9551800754011779,weber_violated
62,62,2,right,right,1.1517010956323521,weber_violated
63,62,2,right,right,1.2164896791110085,weber_violated
64,62,2,right,right,0.7588256140549261,weber_violated
65,62,2,right,right,0.7672470817210901,weber_violated
66,62,2,right,right,0.8555805704760733,weber_violated
67,62,2,right,right,1.142152158293329,weber_violated
68,62,2,right,right,0.9694121397313973,weber_violated
69,62,2,right,right,1.1528235060265346,weber_violated
70,62,2,right,right,0.8689323564563443,weber_violated
71,62,3,right,right,1.5551403229364749,weber_violated
72,62,3,right,right,1.1000420987732262,weber_violated
73,62,3,right,right,1.88341448205814,weber_violated
74,62,3,right,right,1.091814141447885,weber_violated
75,62,3,right,right,0.9426072323470909,weber_violated
76,62,3,right,right,1.0152056093167943,weber_violated
77,62,3,right,right,1.43088461044579,weber_violated
78,62,3,right,right,0.9181059772266915,weber_violated
79,62,3,right,right,1.3336879366137342,weber_violated
80,62,3,right,right,1.145033402090524,weber_violated
81,62,4,right,left,23.48306100569691,weber_violated
82,62,4,right,right,1.5753860018658308,weber_violated
83,62,4,right,right,1.9480143233117362,weber_violated
84,62,4,right,right,2.8160765809813104,weber_violated
85,62,4,right,left,1.6575853079568985,weber_violated
86,62,4,right,right,2.8966199879665226,weber_violated
87,62,4,right,right,1.4182024174682193,weber_violated
88,62,4,right,right,1.7394539279333046,weber_violated
89,62,4,right,right,1.8134867270439183,weber_violated
90,62,4,right,right,1.117099483996377,weber_violated
91,62,6,right,right,2.844462869846649,weber_violated
92,62,6,right,right,1.538172945155919,weber_violated
93,62,6,right,right,1.2306208679777026,weber_violated
94,62,6,right,right,1.6278804095732426,weber_violated
95,62,6,right,left,2.7310136359212414,weber_violated
96,62,6,right,right,1.8644239102549784,weber_violated
97,62,6,right,right,2.5118458926991445,weber_violated
98,62,6,right,right,1.2001534579860484,weber_violated
99,62,6,right,left,1.4508255941327046,weber_violated
100,62,6,right,right,1.4770447806975662,weber_violated
101,62,7,right,right,1.3029347327815863,weber_violated
102,62,7,right,right,0.8979080551262357,weber_violated
103,62,7,right,right,1.283236703293873,weber_violated
104,62,7,right,right,0.94541759250651,weber_violated
105,62,7,right,right,1.3699586802374586,weber_violated
106,62,7,right,right,1.117225116752803,weber_violated
107,62,7,right,right,1.079819376823486,weber_violated
108,62,7,right,right,1.0031578665541974,weber_violated
109,62,7,right,right,0.9160107747870514,weber_violated
110,62,7,right,right,1.0095160804574443,weber_violated
111,62,8,right,right,0.6582329168465199,weber_violated
112,62,8,right,right,0.8160826360630038,weber_violated
113,62,8,right,right,0.7832188191682399,weber_violated
114,62,8,right,right,1.048013383490375,weber_violated
115,62,8,right,right,1.0948321972922064,weber_violated
116,62,8,right,right,1.0797868772398227,weber_violated
117,62,8,right,right,1.145042546061967,weber_violated
118,62,8,right,right,0.8708876900535545,weber_violated
119,62,8,right,right,0.9187790219802272,weber_violated
120,62,8,right,right,0.9395735201409403,weber_violated
1,63,2,left,left,0.7911298090983712,weber_violated
2,63,2,left,left,0.6541071254498318,weber_violated
3,63,2,left,left,0.8233647153358514,weber_violated
4,63,2,left,left,0.779036271593841,weber_violated
5,63,2,left,left,0.9846057359671061,weber_violated
6,63,2,left,left,0.9808698938189628,weber_violated
7,63,2,left,left,0.7961453713946083,weber_violated
8,63,2,left,left,1.1805708421478365,weber_violated
9,63,2,left,left,0.9475035062640247,weber_violated
10,63,2,left,left,0.962677803627022,weber_violated
11,63,3,left,left,1.526978228417158,weber_violated
12,63,3,left,left,1.6413673071192967,weber_violated
13,63,3,left,right,2.9849995540566154,weber_violated
14,63,3,left,left,2.3015534785821936,weber_violated
15,63,3,left,left,1.3423776409423949,weber_violated
16,63,3,left,left,1.0305043556002473,weber_violated
17,63,3,left,left,0.9229472947679169,weber_violated
18,63,3,left,left,0.82086210257165515,weber_violated
19,63,3,left,left,1.0723260562486123,weber_violated
20,63,3,left,left,1.7172829684685302,weber_violated
21,63,4,left,left,1.7207670841921723,weber_violated
22,63,4,left,left,1.9865456320871027,weber_violated
23,63,4,left,right,3.142025717325832,weber_violated
24,63,4,left,right,2.1780651012664696,weber_violated
25,63,4,left,right,1.6746509846458093,weber_violated
26,63,4,left,right,1.8753815082907814,weber_violated
27,63,4,left,left,1.638136191090966,weber_violated
28,63,4,left,left,1.744795843422971,weber_violated
29,63,4,left,left,1.168965205605941,weber_violated
30,63,4,left,left,2.39607117553824,weber_violated
31,63,6,left,right,2.083966559284769,weber_violated
32,63,6,left,right,1.4790140405278451,weber_violated
33,63,6,left,left,1.720013959540949,weber_violated
34,63,6,left,left,1.544676767031045,weber_violated
35,63,6,left,right,2.1030491412630163,weber_violated
36,63,6,left,left,3.93340398794682,weber_violated
37,63,6,left,left,2.3507842997148027,weber_violated
38,63,6,left,right,2.710905932111839,weber_violated
39,63,6,left,left,1.096071589428906,weber_violated
40,63,6,left,left,2.4934917514786155,weber_violated
41,63,7,left,left,1.4253773392975608,weber_violated
42,63,7,left,left,1.1008080461217429,weber_violated
43,63,7,left,left,1.0956880875954413,weber_violated
44,63,7,left,left,0.9466740680537375,weber_violated
45,63,7,left,left,1.5646835811645476,weber_violated
46,63,7,left,left,1.3728186615996796,weber_violated
47,63,7,left,left,1.1873447252282114,weber_violated
48,63,7,left,left,1.3980429503480578,weber_violated
49,63,7,left,left,1.1596110318861583,weber_violated
50,63,7,left,left,1.211542795796332,weber_violated
51,63,8,left,left,1.5281595578914606,weber_violated
52,63,8,left,left,0.7989143929456746,weber_violated
53,63,8,left,left,0.978110457881114,weber_violated
54,63,8,left,left,0.656715826950347,weber_violated
55,63,8,left,left,0.739488415217211,weber_violated
56,63,8,left,left,0.7324368836791899,weber_violated
57,63,8,left,left,0.709177239363129,weber_violated
58,63,8,left,left,1.009111305462239,weber_violated
59,63,8,left,left,0.9475125905492965,weber_violated
60,63,8,left,left,0.6986567952456388,weber_violated
61,63,2,right,right,0.9972829722225247,weber_violated
62,63,2,right,right,1.0063897743039012,weber_violated
63,63,2,right,right,1.0072366383931726,weber_violated
64,63,2,right,right,0.9532142003896611,weber_violated
65,63,2,right,right,1.6557079477559222,weber_violated
66,63,2,right,right,1.4106914676679931,weber_violated
67,63,2,right,right,0.8766457223618589,weber_violated
68,63,2,right,right,0.9209641828528383,weber_violated
69,63,2,right,right,0.8417790410863784,weber_violated
70,63,2,right,right,1.0039919217137272,weber_violated
71,63,3,right,right,0.9687174471494651,weber_violated
72,63,3,right,right,0.7913081702006954,weber_violated
73,63,3,right,right,1.0407922409873518,weber_violated
74,63,3,right,right,1.1638196929929103,weber_violated
75,63,3,right,right,2.068318157433679,weber_violated
76,63,3,right,right,1.639003114965425,weber_violated
77,63,3,right,right,1.3250255762360814,weber_violated
78,63,3,right,right,1.3496472291690718,weber_violated
79,63,3,right,right,1.3409548031774374,weber_violated
80,63,3,right,right,1.0139036334621918,weber_violated
81,63,4,right,right,1.3689179084783716,weber_violated
82,63,4,right,right,1.359450549963109,weber_violated
83,63,4,right,left,1.5166698318375251,weber_violated
84,63,4,right,right,1.4321198614188966,weber_violated
85,63,4,right,left,1.884302892260655,weber_violated
86,63,4,right,right,2.1826920304825417,weber_violated
87,63,4,right,left,4.7292590862893435,weber_violated
88,63,4,right,left,1.392945378722986,weber_violated
89,63,4,right,right,2.29025183679118,weber_violated
90,63,4,right,right,1.1154602126882633,weber_violated
91,63,6,right,right,1.9632142183437349,weber_violated
92,63,6,right,right,1.1019323811840136,weber_violated
93,63,6,right,right,2.288440178673562,weber_violated
94,63,6,right,right,1.2336507809828359,weber_violated
95,63,6,right,right,1.39113957744656,weber_violated
96,63,6,right,right,1.300627719676062,weber_violated
97,63,6,right,left,1.4393570413907035,weber_violated
98,63,6,right,right,2.351831702267903,weber_violated
99,63,6,right,right,1.26570719200371,weber_violated
100,63,6,right,right,1.1156509509070054,weber_violated
101,63,7,right,right,1.5263750437249992,weber_violated
102,63,7,right,right,1.0793162281569182,weber_violated
103,63,7,right,right,2.044204072287158,weber_violated
104,63,7,right,right,1.0776978753172668,weber_violated
105,63,7,right,right,1.3603424171896017,weber_violated
106,63,7,right,left,2.4419411774225512,weber_violated
107,63,7,right,right,0.8385613469503694,weber_violated
108,63,7,right,right,1.3458013974987983,weber_violated
109,63,7,right,right,1.026927615541438,weber_violated
110,63,7,right,right,1.1821992532109102,weber_violated
111,63,8,right,right,0.8240905589859495,weber_violated
112,63,8,right,right,0.8102037730882587,weber_violated
113,63,8,right,right,0.6912983476990044,weber_violated
114,63,8,right,right,0.8918357168684232,weber_violated
115,63,8,right,right,0.8902311379142009,weber_violated
116,63,8,right,right,0.8758367040420405,weber_violated
117,63,8,right,right,1.17152589876018,weber_violated
118,63,8,right,right,0.6953413739165379,weber_violated
119,63,8,right,right,0.8317951621745587,weber_violated
120,63,8,right,right,0.9116203158229985,weber_violated
1,64,2,left,left,0.8093406047238305,weber_violated
2,64,2,left,left,1.0335852374366132,weber_violated
3,64,2,left,left,1.2901991298981996,weber_violated
4,64,2,left,left,0.8650059768099714,weber_violated
5,64,2,left,left,0.8263517524998796,weber_violated
6,64,2,left,left,0.7831098973794839,weber_violated
7,64,2,left,left,0.6393728373647797,weber_violated
8,64,2,left,left,0.7483846840575197,weber_violated
9,64,2,left,left,1.4587183389252962,weber_violated
10,64,2,left,left,0.8857038011157408,weber_violated
11,64,3,left,right,0.9812721965615216,weber_violated
12,64,3,left,left,1.2385391177535379,weber_violated
13,64,3,left,left,1.5041560875153226,weber_violated
14,64,3,left,left,1.3816543026492447,weber_violated
15,64,3,left,left,0.874953102841038,weber_violated
16,64,3,left,left,1.4519913501429895,weber_violated
17,64,3,left,left,0.7303799461014584,weber_violated
18,64,3,left,left,1.5548212792905436,weber_violated
19,64,3,left,left,1.6467329766798056,weber_violated
20,64,3,left,left,1.1228153203954425,weber_violated
21,64,4,left,left,1.6654187546248824,weber_violated
22,64,4,left,left,1.2379658614279003,weber_violated
23,64,4,left,left,2.008839758735195,weber_violated
24,64,4,left,left,3.0169276569425163,weber_violated
25,64,4,left,left,1.323963445952883,weber_violated
26,64,4,left,right,1.6593435318026863,weber_violated
27,64,4,left,right,2.7286622572745727,weber_violated
28,64,4,left,left,1.3669020247120849,weber_violated
29,64,4,left,left,1.4135672612181853,weber_violated
30,64,4,left,left,1.9532461759306086,weber_violated
31,64,6,left,left,3.480421688743805,weber_violated
32,64,6,left,left,2.1215334133828536,weber_violated
33,64,6,left,left,1.5744442470887268,weber_violated
34,64,6,left,right,2.2467740850557423,weber_violated
35,64,6,left,right,1.8725449023164686,weber_violated
36,64,6,left,left,1.3215455044138842,weber_violated
37,64,6,left,left,2.015754176731774,weber_violated
38,64,6,left,right,1.56292318664703,weber_violated
39,64,6,left,left,1.8744621350450759,weber_violated
40,64,6,left,left,1.0323531652180546,weber_violated
41,64,7,left,left,1.2988243900302427,weber_violated
42,64,7,left,left,0.9356864909973182,weber_violated
43,64,7,left,left,0.9783104556861006,weber_violated
44,64,7,left,left,0.836379013774458,weber_violated
45,64,7,left,left,2.013681037167374,weber_violated
46,64,7,left,left,0.9469939977093704,weber_violated
47,64,7,left,left,1.7369445893939246,weber_violated
48,64,7,left,left,1.7289666418920648,weber_violated
49,64,7,left,left,1.2839483166837629,weber_violated
50,64,7,left,left,1.2988632141284362,weber_violated
51,64,8,left,left,0.9681556547622083,weber_violated
52,64,8,left,left,1.011884950753119,weber_violated
53,64,8,left,left,0.9312175814233228,weber_violated
54,64,8,left,left,0.8114697413574605,weber_violated
55,64,8,left,left,0.815270685601382,weber_violated
56,64,8,left,left,0.742839682566167,weber_violated
57,64,8,left,left,0.7997830335439899,weber_violated
58,64,8,left,left,0.8967273667976676,weber_violated
59,64,8,left,left,1.0004775595885766,weber_violated
60,64,8,left,left,0.617518125889342,weber_violated
61,64,2,right,right,0.9485482412252424,weber_violated
62,64,2,right,right,1.1438226057349756,weber_violated
63,64,2,right,right,1.020217352956212,weber_violated
64,64,2,right,right,0.8818402559885219,weber_violated
65,64,2,right,right,0.78425075917729,weber_violated
66,64,2,right,right,0.8547247615938947,weber_violated
67,64,2,right,right,0.9270215387816167,weber_violated
68,64,2,right,right,0.783152451344405,weber_violated
69,64,2,right,right,0.7763027010166099,weber_violated
70,64,2,right,right,0.9658086598869959,weber_violated
71,64,3,right,left,1.486438291556301,weber_violated
72,64,3,right,right,0.761800326357585,weber_violated
73,64,3,right,right,1.2642209270231237,weber_violated
74,64,3,right,right,1.2515508176905474,weber_violated
75,64,3,right,right,1.7256081918764477,weber_violated
76,64,3,right,right,0.9024911162255425,weber_violated
77,64,3,right,right,1.2630170951428514,weber_violated
78,64,3,right,right,1.6589219389003147,weber_violated
79,64,3,right,right,1.227460549387492,weber_violated
80,64,3,right,right,1.3191667492714756,weber_violated
81,64,4,right,right,0.9837794272940992,weber_violated
82,64,4,right,right,1.7795260114358573,weber_violated
83,64,4,right,left,1.8346323666435014,weber_violated
84,64,4,right,right,3.137381526547394,weber_violated
85,64,4,right,right,2.3293720485626133,weber_violated
86,64,4,right,left,1.1894319936907782,weber_violated
87,64,4,right,right,1.8763089675001352,weber_violated
88,64,4,right,left,2.2940221143624493,weber_violated
89,64,4,right,right,1.4755804455436974,weber_violated
90,64,4,right,left,1.8214661630969136,weber_violated
91,64,6,right,left,1.7451039045150076,weber_violated
92,64,6,right,right,2.3092654982287124,weber_violated
93,64,6,right,right,1.118653687709545,weber_violated
94,64,6,right,right,2.0863955195460604,weber_violated
95,64,6,right,left,2.048593570475769,weber_violated
96,64,6,right,right,3.083352321630465,weber_violated
97,64,6,right,left,1.9948127901075148,weber_violated
98,64,6,right,right,1.392300397969623,weber_violated
99,64,6,right,left,1.3164666480789815,weber_violated
100,64,6,right,right,2.231349724313425,weber_violated
101,64,7,right,right,1.404323519812183,weber_violated
102,64,7,right,right,0.8256926815592653,weber_violated
103,64,7,right,right,1.070739478827855,weber_violated
104,64,7,right,right,0.9889877855647666,weber_violated
105,64,7,right,right,0.9655659925051308,weber_violated
106,64,7,right,right,0.8712766581148033,weber_violated
107,64,7,right,right,1.3265805174445187,weber_violated
108,64,7,right,right,1.3951484827474918,weber_violated
109,64,7,right,right,2.1703578210980656,weber_violated
110,64,7,right,right,2.222129290468119,weber_violated
111,64,8,right,right,0.7145690700693135,weber_violated
112,64,8,right,right,0.7977625766970131,weber_violated
113,64,8,right,right,0.7847763482731751,weber_violated
114,64,8,right,right,0.8476982118917811,weber_violated
115,64,8,right,right,1.2237109286383383,weber_violated
116,64,8,right,right,0.6606645277463337,weber_violated
117,64,8,right,right,0.9849086962972231,weber_violated
118,64,8,right,right,0.9825315330347957,weber_violated
119,64,8,right,right,0.8099156302327613,weber_violated
120,64,8,right,right,0.868105436016471,weber_violated
1,65,2,left,left,0.7381130585187636,weber_violated
2,65,2,left,left,0.9448496116918501,weber_violated
3,65,2,left,left,0.8622847210807536,weber_violated
4,65,2,left,left,1.0005180815041164,weber_violated
5,65,2,left,left,0.8538767296818088,weber_violated
6,65,2,left,left,0.862663269472419,weber_violated
7,65,2,left,left,0.9029402731033409,weber_violated
8,65,2,left,left,0.7781719370360336,weber_violated
9,65,2,left,left,0.9028400882465484,weber_violated
10,65,2,left,left,0.9506283993356324,weber_violated
11,65,3,left,left,0.9713602423885093,weber_violated
12,65,3,left,left,1.0455035425177635,weber_violated
13,65,3,left,left,1.2329496873357684,weber_violated
14,65,3,left,left,1.4246663960978976,weber_violated
15,65,3,left,right,2.5297053913771794,weber_violated
16,65,3,left,left,1.2092250705481866,weber_violated
17,65,3,left,left,1.0737860862384487,weber_violated
18,65,3,left,left,0.9259871806670095,weber_violated
19,65,3,left,left,1.7589677358253457,weber_violated
20,65,3,left,left,0.9183818877071137,weber_violated
21,65,4,left,left,1.7021085785512946,weber_violated
22,65,4,left,left,1.5169450715794328,weber_violated
23,65,4,left,left,1.6642574177748548,weber_violated
24,65,4,left,left,1.280906731442817,weber_violated
25,65,4,left,right,1.7790843422396923,weber_violated
26,65,4,left,right,1.9615578548987695,weber_violated
27,65,4,left,left,2.5127759684651485,weber_violated
28,65,4,left,left,1.198246646211593,weber_violated
29,65,4,left,left,2.2395916458077627,weber_violated
30,65,4,left,left,1.1390211733623086,weber_violated
31,65,6,left,left,1.2325208839630293,weber_violated
32,65,6,left,left,1.52613549105229,weber_violated
33,65,6,left,right,1.2000540193925227,weber_violated
34,65,6,left,left,2.322513300416159,weber_violated
35,65,6,left,right,4.089649732806667,weber_violated
36,65,6,left,left,1.2461039983243274,weber_violated
37,65,6,left,right,1.939820093946036,weber_violated
38,65,6,left,left,1.0680681278127242,weber_violated
39,65,6,left,left,1.6204221755636303,weber_violated
40,65,6,left,left,1.8840561038117272,weber_violated
41,65,7,left,left,0.7451572466745413,weber_violated
42,65,7,left,left,0.9792931497030815,weber_violated
43,65,7,left,left,2.3050991732081143,weber_violated
44,65,7,left,left,0.9985969122125133,weber_violated
45,65,7,left,left,1.4245738645001604,weber_violated
46,65,7,left,left,1.682544274823661,weber_violated
47,65,7,left,right,1.1809912162186376,weber_violated
48,65,7,left,left,1.2598532667991529,weber_violated
49,65,7,left,left,1.0610242563041705,weber_violated
50,65,7,left,left,1.0710936763422187,weber_violated
51,65,8,left,left,0.7869952691760413,weber_violated
52,65,8,left,left,0.8081745527324755,weber_violated
53,65,8,left,left,0.9565146577703001,weber_violated
54,65,8,left,left,1.1428592963123512,weber_violated
55,65,8,left,left,1.2459812935496895,weber_violated
56,65,8,left,left,1.0549821415611391,weber_violated
57,65,8,left,left,0.7409588742744984,weber_violated
58,65,8,left,left,0.9752273560319302,weber_violated
59,65,8,left,left,1.6208217419903372,weber_violated
60,65,8,left,left,1.0876240808367803,weber_violated
61,65,2,right,right,0.7040874279144769,weber_violated
62,65,2,right,right,1.3417348691186264,weber_violated
63,65,2,right,right,0.9278005544789181,weber_violated
64,65,2,right,right,0.8214033730044525,weber_violated
65,65,2,right,right,0.7544041495457479,weber_violated
66,65,2,right,right,0.6525527502260295,weber_violated
67,65,2,right,right,0.6422550228801254,weber_violated
68,65,2,right,right,0.8578244295080308,weber_violated
69,65,2,right,right,0.784303537814085,weber_violated
70,65,2,right,right,0.8400698899640284,weber_violated
71,65,3,right,right,0.8196463269279475,weber_violated
72,65,3,right,left,1.6568537985579814,weber_violated
73,65,3,right,left,3.5009848241972676,weber_violated
74,65,3,right,right,0.9886731790184133,weber_violated
75,65,3,right,right,1.1729163285909503,weber_violated
76,65,3,right,right,1.483958809519465,weber_violated
77,65,3,right,right,1.2064863384969309,weber_violated
78,65,3,right,right,1.2663057362969217,weber_violated
79,65,3,right,right,1.1185858643369442,weber_violated
80,65,3,right,right,0.979853418518936,weber_violated
81,65,4,right,left,1.0217799548342814,weber_violated
82,65,4,right,right,2.8395662340957983,weber_violated
83,65,4,right,right,2.4338435004772134,weber_violated
84,65,4,right,right,1.5940913871134323,weber_violated
85,65,4,right,left,1.2444730944748026,weber_violated
86,65,4,right,right,1.4485521296195045,weber_violated
87,65,4,right,right,1.250195663121116,weber_violated
88,65,4,right,right,0.8219527785089558,weber_violated
89,65,4,right,left,2.628605071039716,weber_violated
90,65,4,right,left,2.925406840864677,weber_violated
91,65,6,right,left,2.3504634073440145,weber_violated
92,65,6,right,right,1.1261608149292355,weber_violated
93,65,6,right,left,1.765286628337558,weber_violated
94,65,6,right,left,2.31569712731682,weber_violated
95,65,6,right,right,1.1718187066633605,weber_violated
96,65,6,right,left,4.544853647499899,weber_violated
97,65,6,right,left,1.5736056328885988,weber_violated
98,65,6,right,left,1.9399844023185038,weber_violated
99,65,6,right,right,2.17589207565904,weber_violated
100,65,6,right,right,2.517804236686787,weber_violated
101,65,7,right,right,0.8836507364023825,weber_violated
102,65,7,right,right,1.9535789584070162,weber_violated
103,65,7,right,right,1.3148695728313315,weber_violated
104,65,7,right,right,0.9739396881750779,weber_violated
105,65,7,right,left,1.7964143147509908,weber_violated
106,65,7,right,right,0.9286869779906146,weber_violated
107,65,7,right,right,1.238199788925061,weber_violated
108,65,7,right,right,1.2911120907905584,weber_violated
109,65,7,right,right,1.3546847979105168,weber_violated
110,65,7,right,right,1.2108865180580108,weber_violated
111,65,8,right,right,0.8844035686020109,weber_violated
112,65,8,right,right,0.7713259005970765,weber_violated
113,65,8,right,right,0.683634628793798,weber_violated
114,65,8,right,right,0.8895940431849139,weber_violated
115,65,8,right,right,0.6978451521497686,weber_violated
116,65,8,right,right,0.8954724188339738,weber_violated
117,65,8,right,right,1.0208274336807839,weber_violated
118,65,8,right,right,0.9158968187541277,weber_violated
119,65,8,right,right,0.9551023197478004,weber_violated
120,65,8,right,right,0.592011359197026,weber_violated
1,66,2,left,left,0.9248531242109319,weber_violated
2,66,2,left,left,0.6668553285700528,weber_violated
3,66,2,left,left,0.912050796595635,weber_violated
4,66,2,left,left,1.0021208281545475,weber_violated
5,66,2,left,left,1.0001374383382373,weber_violated
6,66,2,left,left,0.753761617036828,weber_violated
7,66,2,left,left,0.8668680291266699,weber_violated
8,66,2,left,left,0.8731554893046709,weber_violated
9,66,2,left,left,0.8303936321288878,weber_violated
10,66,2,left,left,0.6556696872181837,weber_violated
11,66,3,left,left,1.0235303378693188,weber_violated
12,66,3,left,left,0.9944342860169619,weber_violated
13,66,3,left,left,1.4407476922458857,weber_violated
14,66,3,left,left,1.1519346364508734,weber_violated
15,66,3,left,left,1.1911300069867998,weber_violated
16,66,3,left,left,1.2143935444629714,weber_violated
17,66,3,left,left,1.2790908933379455,weber_violated
18,66,3,left,left,1.8416651125150865,weber_violated
19,66,3,left,left,0.9656166810230038,weber_violated
20,66,3,left,left,0.894993638784745,weber_violated
21,66,4,left,left,1.8595602314231185,weber_violated
22,66,4,left,left,2.133113785870739,weber_violated
23,66,4,left,right,1.6568666125987528,weber_violated
24,66,4,left,left,1.0746313015754172,weber_violated
25,66,4,left,left,1.787601217409765,weber_violated
26,66,4,left,left,1.4013356652703994,weber_violated
27,66,4,left,right,1.9971081661014507,weber_violated
28,66,4,left,left,1.5121337943316089,weber_violated
29,66,4,left,left,1.4334094822524273,weber_violated
30,66,4,left,left,2.7898614306767784,weber_violated
31,66,6,left,left,3.114269891423964,weber_violated
32,66,6,left,right,1.9551285079259788,weber_violated
33,66,6,left,left,1.9935426643891887,weber_violated
34,66,6,left,right,1.7800636028281924,weber_violated
35,66,6,left,right,1.6760049831045567,weber_violated
36,66,6,left,left,1.7378916160423186,weber_violated
37,66,6,left,right,1.9133094894743488,weber_violated
38,66,6,left,right,2.2737358559135052,weber_violated
39,66,6,left,left,2.333518423340764,weber_violated
40,66,6,left,right,1.8586507727699946,weber_violated
41,66,7,left,left,1.2039479762154315,weber_violated
42,66,7,left,left,1.2906771591266868,weber_violated
43,66,7,left,left,1.2213881996108555,weber_violated
44,66,7,left,left,1.1677407877922605,weber_violated
45,66,7,left,left,1.268633417420488,weber_violated
46,66,7,left,left,1.0792799659820662,weber_violated
47,66,7,left,left,1.6576677445400405,weber_violated
48,66,7,left,left,0.9978296056351481,weber_violated
49,66,7,left,left,1.433622145395838,weber_violated
50,66,7,left,left,1.3041288045352222,weber_violated
51,66,8,left,left,1.1624124698895544,weber_violated
52,66,8,left,left,1.2229410918674999,weber_violated
53,66,8,left,left,0.6480635973307325,weber_violated
54,66,8,left,left,0.8878799980212777,weber_violated
55,66,8,left,left,1.2100395279459486,weber_violated
56,66,8,left,left,1.1827450284492402,weber_violated
57,66,8,left,left,1.9564029134905823,weber_violated
58,66,8,left,left,0.9467991409028282,weber_violated
59,66,8,left,left,0.8937826706318912,weber_violated
60,66,8,left,left,0.8419996817745778,weber_violated
61,66,2,right,right,0.9542684147929881,weber_violated
62,66,2,right,right,0.8200981085957759,weber_violated
63,66,2,right,right,0.8331725591826988,weber_violated
64,66,2,right,right,1.0002714545116633,weber_violated
65,66,2,right,right,0.9869717300215792,weber_violated
66,66,2,right,right,1.0114755400783846,weber_violated
67,66,2,right,right,0.9870902333738587,weber_violated
68,66,2,right,right,0.7252502270316383,weber_violated
69,66,2,right,right,0.7602352995684458,weber_violated
70,66,2,right,right,1.1903200160151663,weber_violated
71,66,3,right,right,1.8355124045467406,weber_violated
72,66,3,right,right,0.7634332942989146,weber_violated
73,66,3,right,right,1.0318579444634375,weber_violated
74,66,3,right,right,1.1325327557438005,weber_violated
75,66,3,right,left,1.1972407988793736,weber_violated
76,66,3,right,right,1.1078420048112974,weber_violated
77,66,3,right,left,1.2790511484779301,weber_violated
78,66,3,right,right,1.6997325028189134,weber_violated
79,66,3,right,right,1.2905901775006705,weber_violated
80,66,3,right,right,1.3199680319481202,weber_violated
81,66,4,right,left,1.353068123426283,weber_violated
82,66,4,right,right,1.3105489552168896,weber_violated
83,66,4,right,right,1.6932352074218815,weber_violated
84,66,4,right,right,1.8246108241795107,weber_violated
85,66,4,right,right,1.7858484832294566,weber_violated
86,66,4,right,left,1.413499372028212,weber_violated
87,66,4,right,right,1.0277419404858534,weber_violated
88,66,4,right,left,1.835864316873291,weber_violated
89,66,4,right,right,2.774119913010425,weber_violated
90,66,4,right,left,2.079869366823008,weber_violated
91,66,6,right,left,1.105131964966452,weber_violated
92,66,6,right,right,2.3214878455849295,weber_violated
93,66,6,right,left,8.982716927205182,weber_violated
94,66,6,right,left,2.291601457495478,weber_violated
95,66,6,right,left,3.1696501140160795,weber_violated
96,66,6,right,right,2.2206078247340533,weber_violated
97,66,6,right,right,1.2656302064338714,weber_violated
98,66,6,right,right,1.8897404220469003,weber_violated
99,66,6,right,right,2.1370138699920544,weber_violated
100,66,6,right,right,2.5875073420902077,weber_violated
101,66,7,right,right,1.4007095824125344,weber_violated
102,66,7,right,right,1.0684862216693358,weber_violated
103,66,7,right,right,1.2214541468052216,weber_violated
104,66,7,right,right,1.4627977559237386,weber_violated
105,66,7,right,right,0.8147420055204111,weber_violated
106,66,7,right,right,0.852026032524176,weber_violated
107,66,7,right,right,0.9629709321730275,weber_violated
108,66,7,right,right,2.3251172653347107,weber_violated
109,66,7,right,right,1.2337405535060242,weber_violated
110,66,7,right,right,1.482664929652914,weber_violated
111,66,8,right,right,0.912375820532751,weber_violated
112,66,8,right,right,0.823439412468908,weber_violated
113,66,8,right,right,1.44702706937228,weber_violated
114,66,8,right,right,1.3701740375032985,weber_violated
115,66,8,right,right,0.831470726507362,weber_violated
116,66,8,right,right,1.1837327091792138,weber_violated
117,66,8,right,right,0.8529519677672988,weber_violated
118,66,8,right,right,1.161245832331119,weber_violated
119,66,8,right,right,0.743311625224361,weber_violated
120,66,8,right,right,0.791782014882848,weber_violated
1,67,2,left,left,0.8881986450723127,weber_violated
2,67,2,left,left,1.0838701611031119,weber_violated
3,67,2,left,left,0.6381016576292984,weber_violated
4,67,2,left,left,0.8532112259473139,weber_violated
5,67,2,left,left,0.7506200533608094,weber_violated
6,67,2,left,left,0.8438896149482131,weber_violated
7,67,2,left,left,0.9767705645225744,weber_violated
8,67,2,left,left,0.8305208962781652,weber_violated
9,67,2,left,left,0.8742813979368378,weber_violated
10,67,2,left,left,0.8419802259567324,weber_violated
11,67,3,left,left,0.8193963725260534,weber_violated
12,67,3,left,left,1.8296188105391507,weber_violated
13,67,3,left,left,1.1629922251514015,weber_violated
14,67,3,left,left,1.0869257095641323,weber_violated
15,67,3,left,left,1.105206926538107,weber_violated
16,67,3,left,left,2.0451625381314207,weber_violated
17,67,3,left,right,1.7303535341520668,weber_violated
18,67,3,left,left,1.3151583570066536,weber_violated
19,67,3,left,left,3.413007248809495,weber_violated
20,67,3,left,left,2.0841759545967893,weber_violated
21,67,4,left,left,2.228443617326104,weber_violated
22,67,4,left,right,2.880606568839195,weber_violated
23,67,4,left,right,1.3299737774518452,weber_violated
24,67,4,left,left,1.3186474140157376,weber_violated
25,67,4,left,left,1.600965373077815,weber_violated
26,67,4,left,left,3.3571407880324027,weber_violated
27,67,4,left,left,2.1187769953733,weber_violated
28,67,4,left,right,1.631949356477669,weber_violated
29,67,4,left,right,1.6278475598750946,weber_violated
30,67,4,left,left,1.6805991544586645,weber_violated
31,67,6,left,left,1.55967050267971,weber_violated
32,67,6,left,left,1.2040584422046785,weber_violated
33,67,6,left,left,1.8036948065848772,weber_violated
34,67,6,left,left,1.4774497284836443,weber_violated
35,67,6,left,left,1.6282771723757603,weber_violated
36,67,6,left,left,2.4651167054313095,weber_violated
37,67,6,left,left,6.899932918787981,weber_violated
38,67,6,left,left,1.2208035444583494,weber_violated
39,67,6,left,left,1.684750514913931,weber_violated
40,67,6,left,right,5.2858779730109795,weber_violated
41,67,7,left,left,1.113318119508198,weber_violated
42,67,7,left,left,1.7173648025782564,weber_violated
43,67,7,left,left,1.0358810798964355,weber_violated
44,67,7,left,left,1.6294010959526566,weber_violated
45,67,7,left,left,0.900009612564294,weber_violated
46,67,7,left,left,1.6188728453581769,weber_violated
47,67,7,left,left,2.065514874277353,weber_violated
48,67,7,left,left,1.4756965306384748,weber_violated
49,67,7,left,left,1.0653832033563628,weber_violated
50,67,7,left,left,0.7827370692392059,weber_violated
51,67,8,left,left,0.9244865493883483,weber_violated
52,67,8,left,left,1.0058334930278778,weber_violated
53,67,8,left,left,0.8920042770104928,weber_violated
54,67,8,left,left,0.8148882413684317,weber_violated
55,67,8,left,left,0.8561202963581176,weber_violated
56,67,8,left,left,1.0342120845588014,weber_violated
57,67,8,left,left,0.9203568941940592,weber_violated
58,67,8,left,left,1.0930068738788545,weber_violated
59,67,8,left,left,0.967845340229611,weber_violated
60,67,8,left,left,1.081063317681055,weber_violated
61,67,2,right,right,1.2942738122407316,weber_violated
62,67,2,right,right,0.8245673779247524,weber_violated
63,67,2,right,right,0.7903862612528159,weber_violated
64,67,2,right,right,1.104439950852078,weber_violated
65,67,2,right,right,0.913206275937611,weber_violated
66,67,2,right,right,0.8923806526850715,weber_violated
67,67,2,right,right,0.8561156720974843,weber_violated
68,67,2,right,right,0.9290882648041885,weber_violated
69,67,2,right,right,0.8120987235282919,weber_violated
70,67,2,right,right,0.8308780269962612,weber_violated
71,67,3,right,left,1.2732120327816652,weber_violated
72,67,3,right,right,1.6620020730312974,weber_violated
73,67,3,right,right,1.012268620345703,weber_violated
74,67,3,right,right,0.9171098294723654,weber_violated
75,67,3,right,right,1.0889850321882382,weber_violated
76,67,3,right,right,2.3085421768479732,weber_violated
77,67,3,right,right,1.139829434831316,weber_violated
78,67,3,right,right,1.5130853809398284,weber_violated
79,67,3,right,right,1.449235279640813,weber_violated
80,67,3,right,right,1.1513990727875143,weber_violated
81,67,4,right,right,1.8525573777273832,weber_violated
82,67,4,right,left,3.9647045471610722,weber_violated
83,67,4,right,right,1.7038554896151261,weber_violated
84,67,4,right,right,1.849311417812009,weber_violated
85,67,4,right,right,2.2450495854138808,weber_violated
86,67,4,right,right,2.0215995011903725,weber_violated
87,67,4,right,left,2.2650818721661885,weber_violated
88,67,4,right,right,1.1781862953220166,weber_violated
89,67,4,right,right,2.1614353450805783,weber_violated
90,67,4,right,right,1.6282890966720758,weber_violated
91,67,6,right,right,2.1177022960172134,weber_violated
92,67,6,right,left,1.9969700739465526,weber_violated
93,67,6,right,left,3.0385787040937284,weber_violated
94,67,6,right,right,1.6369563884244944,weber_violated
95,67,6,right,right,3.8443903635184875,weber_violated
96,67,6,right,right,3.2223058771280826,weber_violated
97,67,6,right,right,1.8327023460788774,weber_violated
98,67,6,right,right,1.2986550995999722,weber_violated
99,67,6,right,right,1.646657215170596,weber_violated
100,67,6,right,left,1.7849739733927705,weber_violated
101,67,7,right,right,1.3196640812891645,weber_violated
102,67,7,right,right,1.621926599354921,weber_violated
103,67,7,right,right,1.3742385431516404,weber_violated
104,67,7,right,right,1.1592196141925883,weber_violated
105,67,7,right,right,1.0554676245903336,weber_violated
106,67,7,right,right,1.674399500511092,weber_violated
107,67,7,right,right,0.707160037703203,weber_violated
108,67,7,right,right,0.7141904205778993,weber_violated
109,67,7,right,right,1.229839793886929,weber_violated
110,67,7,right,right,1.4418622345957415,weber_violated
111,67,8,right,right,1.20112551904363,weber_violated
112,67,8,right,right,0.7342503549771375,weber_violated
113,67,8,right,right,0.8399814739740477,weber_violated
114,67,8,right,left,1.1038227298432595,weber_violated
115,67,8,right,right,0.7609153537779385,weber_violated
116,67,8,right,right,1.3168697947916872,weber_violated
117,67,8,right,right,1.4091898269538432,weber_violated
118,67,8,right,right,1.0444708552332367,weber_violated
119,67,8,right,right,0.899311877698102,weber_violated
120,67,8,right,right,0.9510350377224817,weber_violated
1,68,2,left,left,0.993607317637365,weber_violated
2,68,2,left,left,0.8686530096751599,weber_violated
3,68,2,left,left,0.983546486562594,weber_violated
4,68,2,left,left,0.7141102947287519,weber_violated
5,68,2,left,right,2.07624740948646,weber_violated
6,68,2,left,left,1.0278881862480966,weber_violated
7,68,2,left,left,1.0313256237418722,weber_violated
8,68,2,left,left,1.1240086861707796,weber_violated
9,68,2,left,left,1.0872680026169352,weber_violated
10,68,2,left,left,0.9830589020054203,weber_violated
11,68,3,left,left,0.8908010030037956,weber_violated
12,68,3,left,left,0.9911636993687467,weber_violated
13,68,3,left,right,1.8500058313904066,weber_violated
14,68,3,left,left,1.437684743902047,weber_violated
15,68,3,left,left,0.9619442946439263,weber_violated
16,68,3,left,left,1.3031873907084275,weber_violated
17,68,3,left,left,1.541437520713025,weber_violated
18,68,3,left,left,1.2554182676413106,weber_violated
19,68,3,left,left,1.2221735250451136,weber_violated
20,68,3,left,left,1.1034563141645586,weber_violated
21,68,4,left,left,1.1038748985489217,weber_violated
22,68,4,left,left,1.5125076362116767,weber_violated
23,68,4,left,right,1.637264524684661,weber_violated
24,68,4,left,left,2.020638912938034,weber_violated
25,68,4,left,right,1.657904345620352,weber_violated
26,68,4,left,left,2.5178463032394767,weber_violated
27,68,4,left,right,3.463914715980442,weber_violated
28,68,4,left,right,1.1913203602758347,weber_violated
29,68,4,left,left,1.6698762225661217,weber_violated
30,68,4,left,left,1.2349146967685816,weber_violated
31,68,6,left,left,3.587659513961558,weber_violated
32,68,6,left,left,2.9981695180648082,weber_violated
33,68,6,left,right,1.3555235795666556,weber_violated
34,68,6,left,right,1.6939954832810111,weber_violated
35,68,6,left,left,1.6146034799718094,weber_violated
36,68,6,left,right,3.288233503792658,weber_violated
37,68,6,left,left,1.7713470356285712,weber_violated
38,68,6,left,right,1.5364735788398405,weber_violated
39,68,6,left,right,2.1575648612224776,weber_violated
40,68,6,left,left,1.5294065334765952,weber_violated
41,68,7,left,left,1.213217062364392,weber_violated
42,68,7,left,right,2.1052711249703053,weber_violated
43,68,7,left,left,2.055803611230343,weber_violated
44,68,7,left,left,0.9743112803820078,weber_violated
45,68,7,left,left,1.2764393251454589,weber_violated
46,68,7,left,left,1.2116000680823897,weber_violated
47,68,7,left,left,1.9052712539741719,weber_violated
48,68,7,left,left,1.0176617054803565,weber_violated
49,68,7,left,left,3.4589377954524254,weber_violated
50,68,7,left,left,1.376841021926067,weber_violated
51,68,8,left,left,1.1291328549029247,weber_violated
52,68,8,left,left,1.1496163435873186,weber_violated
53,68,8,left,left,1.0642792198802553,weber_violated
54,68,8,left,left,0.9378686954451356,weber_violated
55,68,8,left,left,1.027530386596715,weber_violated
56,68,8,left,left,1.0812794905029393,weber_violated
57,68,8,left,left,0.972251161313961,weber_violated
58,68,8,left,left,0.9548808700790654,weber_violated
59,68,8,left,left,0.9742119865928882,weber_violated
60,68,8,left,left,0.9174588666376704,weber_violated
61,68,2,right,right,0.7524149813736583,weber_violated
62,68,2,right,right,0.9128049906028202,weber_violated
63,68,2,right,right,1.025990079056699,weber_violated
64,68,2,right,right,0.9067656743308761,weber_violated
65,68,2,right,right,0.7173346363175841,weber_violated
66,68,2,right,right,1.0560606411861004,weber_violated
67,68,2,right,right,0.9576784403855318,weber_violated
68,68,2,right,right,0.8683281254527162,weber_violated
69,68,2,right,right,1.2158067667864627,weber_violated
70,68,2,right,right,1.0695633597483925,weber_violated
71,68,3,right,right,0.9396981784334395,weber_violated
72,68,3,right,right,1.6461526009837526,weber_violated
73,68,3,right,right,2.0761294963798647,weber_violated
74,68,3,right,right,2.099238830805098,weber_violated
75,68,3,right,right,0.9036207368187454,weber_violated
76,68,3,right,left,1.1578181804278316,weber_violated
77,68,3,right,right,0.8481298564210513,weber_violated
78,68,3,right,right,1.4984138112598957,weber_violated
79,68,3,right,right,1.5923182089327412,weber_violated
80,68,3,right,right,1.1087235729751896,weber_violated
81,68,4,right,right,1.5101303770511474,weber_violated
82,68,4,right,right,2.4110087000126197,weber_violated
83,68,4,right,right,2.1077856574403926,weber_violated
84,68,4,right,right,2.1233650386769094,weber_violated
85,68,4,right,right,1.1959798249898415,weber_violated
86,68,4,right,left,1.7484321138929704,weber_violated
87,68,4,right,right,1.1113319302975453,weber_violated
88,68,4,right,right,1.1227316183259273,weber_violated
89,68,4,right,left,1.4048203611659837,weber_violated
90,68,4,right,right,1.9250663097012994,weber_violated
91,68,6,right,right,1.4203111192161708,weber_violated
92,68,6,right,right,1.2610416603363714,weber_violated
93,68,6,right,right,1.7984605275475671,weber_violated
94,68,6,right,right,2.002157109658191,weber_violated
95,68,6,right,right,1.736628128161802,weber_violated
96,68,6,right,right,1.9885561931348954,weber_violated
97,68,6,right,right,1.3473495344285416,weber_violated
98,68,6,right,right,2.031066380471798,weber_violated
99,68,6,right,left,3.3191910218999117,weber_violated
100,68,6,right,right,2.156765115631313,weber_violated
101,68,7,right,right,1.1658670615889954,weber_violated
102,68,7,right,right,1.3518134735903533,weber_violated
103,68,7,right,right,1.2040911595678978,weber_violated
104,68,7,right,right,0.8548694210844967,weber_violated
105,68,7,right,right,1.0728712991365834,weber_violated
106,68,7,right,right,1.3401136648735084,weber_violated
107,68,7,right,right,2.1777065311317747,weber_violated
108,68,7,right,left,1.4702397487120327,weber_violated
109,68,7,right,right,0.9836467095356987,weber_violated
110,68,7,right,left,1.4688768670338883,weber_violated
111,68,8,right,right,0.8590186769803112,weber_violated
112,68,8,right,right,0.9620806036873606,weber_violated
113,68,8,right,right,0.8515210640896576,weber_violated
114,68,8,right,right,0.7176763568426459,weber_violated
115,68,8,right,right,0.8899575451975268,weber_violated
116,68,8,right,right,1.2177947963080809,weber_violated
117,68,8,right,right,0.917968504077088,weber_violated
118,68,8,right,right,1.0831942699032557,weber_violated
119,68,8,right,right,0.7609059346426283,weber_violated
120,68,8,right,right,0.7169411038170368,weber_violated
1,69,2,left,left,0.8132172938361117,weber_violated
2,69,2,left,left,0.807899806763233,weber_violated
3,69,2,left,left,1.2162485652028874,weber_violated
4,69,2,left,left,0.9272597919967944,weber_violated
5,69,2,left,left,0.8037593806482211,weber_violated
6,69,2,left,left,0.834347906429789,weber_violated
7,69,2,left,left,0.9973509593240886,weber_violated
8,69,2,left,left,0.9409104245359841,weber_violated
9,69,2,left,left,1.3528400038996888,weber_violated
10,69,2,left,left,0.952208014194045,weber_violated
11,69,3,left,left,1.3402552612076353,weber_violated
12,69,3,left,left,1.919659686370723,weber_violated
13,69,3,left,left,1.6208298422852496,weber_violated
14,69,3,left,left,1.2241524325575994,weber_violated
15,69,3,left,left,1.2641417997711386,weber_violated
16,69,3,left,left,1.569258692153524,weber_violated
17,69,3,left,left,1.1086766074782284,weber_violated
18,69,3,left,left,0.7808409600200186,weber_violated
19,69,3,left,right,1.4967792893760745,weber_violated
20,69,3,left,left,2.191915453268747,weber_violated
21,69,4,left,left,1.0265151788416815,weber_violated
22,69,4,left,left,1.7912802681359705,weber_violated
23,69,4,left,left,2.8029607035373365,weber_violated
24,69,4,left,left,1.713706997383849,weber_violated
25,69,4,left,left,0.8749085000409607,weber_violated
26,69,4,left,right,1.658447856131809,weber_violated
27,69,4,left,right,1.1510915495499123,weber_violated
28,69,4,left,left,1.1572898227775106,weber_violated
29,69,4,left,left,1.667297798406509,weber_violated
30,69,4,left,right,3.137979268078594,weber_violated
31,69,6,left,left,1.9258745293654584,weber_violated
32,69,6,left,left,1.2871874619282309,weber_violated
33,69,6,left,left,2.3538633210271107,weber_violated
34,69,6,left,right,1.5111791433794652,weber_violated
35,69,6,left,left,1.7427816564660963,weber_violated
36,69,6,left,left,1.7230217353524298,weber_violated
37,69,6,left,left,2.2226351789694747,weber_violated
38,69,6,left,left,2.0954380356949156,weber_violated
39,69,6,left,right,2.3290056336549187,weber_violated
40,69,6,left,left,1.6081913745736351,weber_violated
41,69,7,left,right,1.7355971564596864,weber_violated
42,69,7,left,left,1.4181895543705696,weber_violated
43,69,7,left,left,1.3609427593124097,weber_violated
44,69,7,left,left,1.6408051889530737,weber_violated
45,69,7,left,right,3.419027068887173,weber_violated
46,69,7,left,left,1.9636867838076209,weber_violated
47,69,7,left,left,0.8675039078952012,weber_violated
48,69,7,left,left,0.878070729344133,weber_violated
49,69,7,left,left,1.1366114513675403,weber_violated
50,69,7,left,left,1.6900180660883226,weber_violated
51,69,8,left,left,0.9517731168792047,weber_violated
52,69,8,left,left,0.682514027142145,weber_violated
53,69,8,left,left,0.9701040484256893,weber_violated
54,69,8,left,left,0.9333117292212765,weber_violated
55,69,8,left,left,0.7463289697323885,weber_violated
56,69,8,left,left,0.9383907208670617,weber_violated
57,69,8,left,left,0.8302732940892315,weber_violated
58,69,8,left,left,0.7640718249919514,weber_violated
59,69,8,left,left,1.0462307956514432,weber_violated
60,69,8,left,left,0.9432906031561443,weber_violated
61,69,2,right,right,0.8887296158950415,weber_violated
62,69,2,right,right,1.1752407129564353,weber_violated
63,69,2,right,right,1.4924007014055378,weber_violated
64,69,2,right,right,0.6625354835399994,weber_violated
65,69,2,right,right,0.6917087435541631,weber_violated
66,69,2,right,right,0.7610658283437353,weber_violated
67,69,2,right,right,0.9001911644631015,weber_violated
68,69,2,right,right,0.6347086672390039,weber_violated
69,69,2,right,right,0.8659189692125087,weber_violated
70,69,2,right,right,1.2711056921825528,weber_violated
71,69,3,right,right,1.2107593439161657,weber_violated
72,69,3,right,right,0.9024047279353848,weber_violated
73,69,3,right,right,1.1790281277930972,weber_violated
74,69,3,right,right,1.6785447890914522,weber_violated
75,69,3,right,right,1.4421517369883345,weber_violated
76,69,3,right,right,1.2933190442908475,weber_violated
77,69,3,right,right,0.977714623519081,weber_violated
78,69,3,right,right,1.1711548139437054,weber_violated
79,69,3,right,right,1.2870734844298415,weber_violated
80,69,3,right,right,1.7068673493384323,weber_violated
81,69,4,right,left,1.5875123108322902,weber_violated
82,69,4,right,right,1.4393161537516637,weber_violated
83,69,4,right,right,1.5265785410272708,weber_violated
84,69,4,right,right,1.7438087120027475,weber_violated
85,69,4,right,right,2.0012698336612154,weber_violated
86,69,4,right,left,4.63630091388247,weber_violated
87,69,4,right,left,1.5220839710670002,weber_violated
88,69,4,right,right,1.2710963174565666,weber_violated
89,69,4,right,left,1.5732948116984922,weber_violated
90,69,4,right,left,1.226142602640945,weber_violated
91,69,6,right,right,1.7897509364793032,weber_violated
92,69,6,right,right,2.9636117603124004,weber_violated
93,69,6,right,right,1.3671484673084184,weber_violated
94,69,6,right,right,1.4789179919788003,weber_violated
95,69,6,right,right,1.5922672189344846,weber_violated
96,69,6,right,left,1.7714577662682176,weber_violated
97,69,6,right,right,1.1277059086797718,weber_violated
98,69,6,right,right,1.8722184165800486,weber_violated
99,69,6,right,right,2.2168839723058245,weber_violated
100,69,6,right,left,1.2448084662192194,weber_violated
101,69,7,right,right,1.122626900640353,weber_violated
102,69,7,right,right,0.8339962016025964,weber_violated
103,69,7,right,right,1.3963036859770321,weber_violated
104,69,7,right,right,1.0172080630998477,weber_violated
105,69,7,right,right,1.1558715631100922,weber_violated
106,69,7,right,right,1.246217534084154,weber_violated
107,69,7,right,right,1.7981773361002502,weber_violated
108,69,7,right,right,1.5263965686633425,weber_violated
109,69,7,right,left,1.6633312017804966,weber_violated
110,69,7,right,right,1.0122367939244175,weber_violated
111,69,8,right,right,0.8162416672452302,weber_violated
112,69,8,right,right,1.0575017099158879,weber_violated
113,69,8,right,right,0.7102409455698695,weber_violated
114,69,8,right,right,0.9717552399140585,weber_violated
115,69,8,right,right,0.977014902011313,weber_violated
116,69,8,right,right,1.0794591623162169,weber_violated
117,69,8,right,right,1.0437097111799671,weber_violated
118,69,8,right,right,0.8426525422766606,weber_violated
119,69,8,right,right,1.0293928746811063,weber_violated
120,69,8,right,right,0.8594731814845089,weber_violated
1,70,2,left,left,1.004686728747373,weber_violated
2,70,2,left,left,0.9601007829439705,weber_violated
3,70,2,left,left,0.8445721859565185,weber_violated
4,70,2,left,left,0.9041510939262623,weber_violated
5,70,2,left,left,0.7792543920639166,weber_violated
6,70,2,left,left,0.8275103781635842,weber_violated
7,70,2,left,left,0.8261244821820222,weber_violated
8,70,2,left,left,0.7437680821340458,weber_violated
9,70,2,left,left,0.7646441016535717,weber_violated
10,70,2,left,left,0.7232982210646852,weber_violated
11,70,3,left,left,1.2787619589212986,weber_violated
12,70,3,left,left,1.4403769592814908,weber_violated
13,70,3,left,left,1.0917359872183772,weber_violated
14,70,3,left,left,1.09978397757046,weber_violated
15,70,3,left,right,1.783770157707805,weber_violated
16,70,3,left,left,0.826517580729569,weber_violated
17,70,3,left,left,1.0198723353249703,weber_violated
18,70,3,left,left,0.7822329327717521,weber_violated
19,70,3,left,left,0.7392747437600897,weber_violated
20,70,3,left,right,1.1225593596943106,weber_violated
21,70,4,left,right,1.6646927653512107,weber_violated
22,70,4,left,left,1.701431357606632,weber_violated
23,70,4,left,left,1.6989475433823575,weber_violated
24,70,4,left,right,1.7156004208982594,weber_violated
25,70,4,left,left,1.7326650875056835,weber_violated
26,70,4,left,right,1.9957116158640833,weber_violated
27,70,4,left,left,2.1317114015727223,weber_violated
28,70,4,left,left,1.3043770727941235,weber_violated
29,70,4,left,left,1.3288357892895262,weber_violated
30,70,4,left,right,1.5784294158334875,weber_violated
31,70,6,left,right,1.7303691944713826,weber_violated
32,70,6,left,left,1.4133650566165878,weber_violated
33,70,6,left,left,1.8539343532754973,weber_violated
34,70,6,left,left,1.3137008933735566,weber_violated
35,70,6,left,left,1.3177263849865797,weber_violated
36,70,6,left,right,1.458690148766336,weber_violated
37,70,6,left,right,1.1675680130480437,weber_violated
38,70,6,left,right,1.2813779035619062,weber_violated
39,70,6,left,left,2.0542610349961836,weber_violated
40,70,6,left,left,1.5282284694346857,weber_violated
41,70,7,left,left,0.6667852932538516,weber_violated
42,70,7,left,left,1.0496691973264891,weber_violated
43,70,7,left,left,1.0903499453802323,weber_violated
44,70,7,left,right,1.2660201681210626,weber_violated
45,70,7,left,left,1.1871984926616659,weber_violated
46,70,7,left,left,1.3084391679775853,weber_violated
47,70,7,left,left,1.4042228971612738,weber_violated
48,70,7,left,left,1.28754071607216,weber_violated
49,70,7,left,left,1.2306888899536348,weber_violated
50,70,7,left,left,1.0924472442762818,weber_violated
51,70,8,left,left,1.380611220192248,weber_violated
52,70,8,left,left,0.7319969937881043,weber_violated
53,70,8,left,left,0.8597749428662429,weber_violated
54,70,8,left,left,1.1575394983242941,weber_violated
55,70,8,left,left,0.9077045312352985,weber_violated
56,70,8,left,left,1.2439785594009927,weber_violated
57,70,8,left,left,0.895017613474465,weber_violated
58,70,8,left,left,0.9859217615859324,weber_violated
59,70,8,left,left,0.6246713688654516,weber_violated
60,70,8,left,left,0.9936093030749098,weber_violated
61,70,2,right,right,0.8008841708904582,weber_violated
62,70,2,right,right,1.3593899321060032,weber_violated
63,70,2,right,right,0.8088697037806156,weber_violated
64,70,2,right,right,0.6165488734562907,weber_violated
65,70,2,right,right,1.023827738677681,weber_violated
66,70,2,right,right,1.1770922378835378,weber_violated
67,70,2,right,right,1.1023467748954652,weber_violated
68,70,2,right,right,0.7386452579433587,weber_violated
69,70,2,right,right,1.1333802603274077,weber_violated
70,70,2,right,right,0.8863919786945478,weber_violated
71,70,3,right,right,1.1383815879309596,weber_violated
72,70,3,right,right,0.9043468881365211,weber_violated
73,70,3,right,right,1.490647551327512,weber_violated
74,70,3,right,right,1.1306051957902488,weber_violated
75,70,3,right,right,1.6094657995946335,weber_violated
76,70,3,right,right,1.0811942102910883,weber_violated
77,70,3,right,right,2.305138858089136,weber_violated
78,70,3,right,right,1.6642172331748144,weber_violated
79,70,3,right,right,1.1870463241716498,weber_violated
80,70,3,right,right,1.866756838501368,weber_violated
81,70,4,right,right,1.88958068966574,weber_violated
82,70,4,right,right,2.4942368539473487,weber_violated
83,70,4,right,left,1.4175003393688363,weber_violated
84,70,4,right,right,2.625017325536923,weber_violated
85,70,4,right,right,1.2946512241852448,weber_violated
86,70,4,right,right,1.8801470470566037,weber_violated
87,70,4,right,left,1.5711078913245635,weber_violated
88,70,4,right,right,4.768717332613621,weber_violated
89,70,4,right,left,1.3875677688869001,weber_violated
90,70,4,right,left,3.3231700216633757,weber_violated
91,70,6,right,right,1.283561260988995,weber_violated
92,70,6,right,right,1.8468057847942168,weber_violated
93,70,6,right,right,2.8296046531774492,weber_violated
94,70,6,right,left,1.6883027781156443,weber_violated
95,70,6,right,left,1.1158563803893504,weber_violated
96,70,6,right,right,2.144525317767116,weber_violated
97,70,6,right,right,1.3629751271420238,weber_violated
98,70,6,right,right,1.3388047205767755,weber_violated
99,70,6,right,right,1.8781810980593157,weber_violated
100,70,6,right,right,2.1301699662504308,weber_violated
101,70,7,right,right,0.9227552092980142,weber_violated
102,70,7,right,right,1.3554365596089917,weber_violated
103,70,7,right,right,1.1141937117714182,weber_violated
104,70,7,right,right,1.4798349690638886,weber_violated
105,70,7,right,right,0.974240535885899,weber_violated
106,70,7,right,right,1.1821769211304436,weber_violated
107,70,7,right,right,1.1494651961867346,weber_violated
108,70,7,right,right,1.524313427191542,weber_violated
109,70,7,right,left,1.6885482084535042,weber_violated
110,70,7,right,right,1.0500309731628417,weber_violated
111,70,8,right,right,0.9045667049007224,weber_violated
112,70,8,right,right,0.8842635844087345,weber_violated
113,70,8,right,right,0.9471056873769057,weber_violated
114,70,8,right,right,0.595772547445887,weber_violated
115,70,8,right,right,0.854242336058407,weber_violated
116,70,8,right,right,1.1048079792223593,weber_violated
117,70,8,right,right,0.9459272887269723,weber_violated
118,70,8,right,right,1.0168017319974734,weber_violated
119,70,8,right,right,0.7879881465484584,weber_violated
120,70,8,right,right,1.0745465487390358,weber_violated
