trials,participant,valence,S,R,rt,dataset
1,1,2,left,left,1.5341466329545663,weber_holds
2,1,2,left,left,1.0261552163707301,weber_holds
3,1,2,left,left,1.0116665919951573,weber_holds
4,1,2,left,left,0.8283829785943919,weber_holds
5,1,2,left,left,1.1270777520145008,weber_holds
6,1,2,left,left,1.4314982582098572,weber_holds
7,1,2,left,left,0.758650116542446,weber_holds
8,1,2,left,left,1.8684069882277572,weber_holds
9,1,2,left,left,0.8578471426637959,weber_holds
10,1,2,left,left,1.232820309192037,weber_holds
11,1,3,left,left,1.732060630559358,weber_holds
12,1,3,left,left,1.8018625928966834,weber_holds
13,1,3,left,left,1.1152387874304428,weber_holds
14,1,3,left,left,1.2428665337524545,weber_holds
15,1,3,left,left,1.19664655501489,weber_holds
16,1,3,left,left,2.8444757852030493,weber_holds
17,1,3,left,left,1.1217879275579623,weber_holds
18,1,3,left,left,1.2923969899897207,weber_holds
19,1,3,left,left,1.16601904308246,weber_holds
20,1,3,left,right,2.3177975231528,weber_holds
21,1,4,left,left,2.1709281579993385,weber_holds
22,1,4,left,left,1.9188462230502672,weber_holds
23,1,4,left,left,1.7315197534527267,weber_holds
24,1,4,left,left,2.256818611623468,weber_holds
25,1,4,left,left,2.216158510897176,weber_holds
26,1,4,left,left,1.8142178601101149,weber_holds
27,1,4,left,right,2.4549712485868405,weber_holds
28,1,4,left,right,2.1819778836919936,weber_holds
29,1,4,left,left,2.5210719359191325,weber_holds
30,1,4,left,left,2.267176107567127,weber_holds
31,1,6,left,left,2.5849489779030725,weber_holds
32,1,6,left,left,1.6633716473248175,weber_holds
33,1,6,left,left,1.7594684575231423,weber_holds
34,1,6,left,left,1.7963740526485896,weber_holds
35,1,6,left,left,2.327402696397919,weber_holds
36,1,6,left,left,2.2288562324242984,weber_holds
37,1,6,left,left,2.276112765826502,weber_holds
38,1,6,left,right,2.4770575993120727,weber_holds
39,1,6,left,left,2.5118153705495105,weber_holds
40,1,6,left,left,1.359935087105905,weber_holds
41,1,7,left,left,1.6996355323339465,weber_holds
42,1,7,left,left,1.180198764108493,weber_holds
43,1,7,left,left,1.1325746800320107,weber_holds
44,1,7,left,left,1.3514843100860208,weber_holds
45,1,7,left,left,1.576578724989619,weber_holds
46,1,7,left,left,1.403427299034526,weber_holds
47,1,7,left,left,1.319343024999695,weber_holds
48,1,7,left,left,1.266821364215977,weber_holds
49,1,7,left,left,1.1904240238293105,weber_holds
50,1,7,left,left,2.304278186869384,weber_holds
51,1,8,left,left,0.9246487643607337,weber_holds
52,1,8,left,left,0.9021598074972774,weber_holds
53,1,8,left,left,1.302636497389523,weber_holds
54,1,8,left,left,1.0135975636711396,weber_holds
55,1,8,left,left,1.3331858627936544,weber_holds
56,1,8,left,left,1.4905747027666356,weber_holds
57,1,8,left,right,1.1348313905037162,weber_holds
58,1,8,left,left,1.0358985376627448,weber_holds
59,1,8,left,left,0.7872119977776892,weber_holds
60,1,8,left,left,0.7949314768407396,weber_holds
61,1,2,right,right,0.8474769084610221,weber_holds
62,1,2,right,right,1.0303971473617028,weber_holds
63,1,2,right,right,0.8876914557349649,weber_holds
64,1,2,right,right,1.091508314345943,weber_holds
65,1,2,right,right,1.1582668554132,weber_holds
66,1,2,right,right,0.9375688559679367,weber_holds
67,1,2,right,right,0.9252808731281554,weber_holds
68,1,2,right,right,1.36792619028881,weber_holds
69,1,2,right,right,0.8686747316368941,weber_holds
70,1,2,right,right,0.8889832909687696,weber_holds
71,1,3,right,left,1.4634250740524164,weber_holds
72,1,3,right,right,1.3536757485100295,weber_holds
73,1,3,right,right,1.4212988362335905,weber_holds
74,1,3,right,left,1.5909520273044275,weber_holds
75,1,3,right,right,2.588070258734835,weber_holds
76,1,3,right,right,1.8637280362722428,weber_holds
77,1,3,right,left,1.7983846832685246,weber_holds
78,1,3,right,right,1.661282492275198,weber_holds
79,1,3,right,right,1.381022360260128,weber_holds
80,1,3,right,right,2.4452121435441305,weber_holds
81,1,4,right,left,1.9316462249175073,weber_holds
82,1,4,right,right,2.030764168996563,weber_holds
83,1,4,right,left,1.9470995658491794,weber_holds
84,1,4,right,left,1.4889793572018921,weber_holds
85,1,4,right,right,2.557360892499122,weber_holds
86,1,4,right,right,1.943965609203553,weber_holds
87,1,4,right,right,2.614887819861813,weber_holds
88,1,4,right,left,2.171209591276222,weber_holds
89,1,4,right,right,2.0823878658864663,weber_holds
90,1,4,right,left,2.4498835120656284,weber_holds
91,1,6,right,right,2.079283407379654,weber_holds
92,1,6,right,left,2.079136288928503,weber_holds
93,1,6,right,left,1.713798975878968,weber_holds
94,1,6,right,left,3.7207424958913675,weber_holds
95,1,6,right,left,2.425063527909415,weber_holds
96,1,6,right,right,1.9582450527698292,weber_holds
97,1,6,right,left,1.7049559213265544,weber_holds
98,1,6,right,right,1.9912217877929523,weber_holds
99,1,6,right,right,2.1465676523925468,weber_holds
100,1,6,right,right,1.683269331994572,weber_holds
101,1,7,right,right,1.1876297560161304,weber_holds
102,1,7,right,right,1.0098492894694557,weber_holds
103,1,7,right,right,1.0932381872756656,weber_holds
104,1,7,right,right,1.0320496091871696,weber_holds
105,1,7,right,right,1.564757891874505,weber_holds
106,1,7,right,right,1.667265089355274,weber_holds
107,1,7,right,right,1.3474029527661102,weber_holds
108,1,7,right,right,1.0801839342973385,weber_holds
109,1,7,right,right,1.3106861099878175,weber_holds
110,1,7,right,right,5.17485452086203,weber_holds
111,1,8,right,right,1.2458606974153863,weber_holds
112,1,8,right,right,0.9731537170017783,weber_holds
113,1,8,right,right,0.942152576387498,weber_holds
114,1,8,right,right,0.722422693136511,weber_holds
115,1,8,right,right,1.0232864149724548,weber_holds
116,1,8,right,right,1.2113976764258212,weber_holds
117,1,8,right,right,0.840634956669887,weber_holds
118,1,8,right,right,1.0522840138281282,weber_holds
119,1,8,right,right,1.1034640488575858,weber_holds
120,1,8,right,right,1.4889273946432031,weber_holds
1,2,2,left,left,0.9737373293857303,weber_holds
2,2,2,left,left,1.403517345739553,weber_holds
3,2,2,left,left,0.7333494758444079,weber_holds
4,2,2,left,left,1.2708377470394672,weber_holds
5,2,2,left,left,0.8055154476553725,weber_holds
6,2,2,left,left,1.1393607525533163,weber_holds
7,2,2,left,left,1.0863422345517664,weber_holds
8,2,2,left,left,1.0908992967515336,weber_holds
9,2,2,left,left,1.4826204184013836,weber_holds
10,2,2,left,left,1.0907484014856106,weber_holds
11,2,3,left,left,1.62969246607273,weber_holds
12,2,3,left,left,1.1878142463996726,weber_holds
13,2,3,left,left,0.9450270093865953,weber_holds
14,2,3,left,left,1.4718417936513981,weber_holds
15,2,3,left,left,1.669192897110342,weber_holds
16,2,3,left,left,1.1390343566982313,weber_holds
17,2,3,left,left,1.442863051765265,weber_holds
18,2,3,left,left,2.1154126593914966,weber_holds
19,2,3,left,right,1.499110265266763,weber_holds
20,2,3,left,left,1.9457728814342687,weber_holds
21,2,4,left,left,1.8716237565562028,weber_holds
22,2,4,left,left,1.3952273653011638,weber_holds
23,2,4,left,right,2.9462953245148187,weber_holds
24,2,4,left,left,2.735992725878137,weber_holds
25,2,4,left,right,2.7414013783539297,weber_holds
26,2,4,left,left,1.867189490912379,weber_holds
27,2,4,left,right,2.0864242985158183,weber_holds
28,2,4,left,left,1.5764986009648299,weber_holds
29,2,4,left,left,2.3924890351745858,weber_holds
30,2,4,left,left,2.3370177355171458,weber_holds
31,2,6,left,left,1.9285101587275422,weber_holds
32,2,6,left,left,1.8100174595147498,weber_holds
33,2,6,left,left,1.887014740943348,weber_holds
34,2,6,left,left,1.4731613605162173,weber_holds
35,2,6,left,left,2.753219550718048,weber_holds
36,2,6,left,left,2.232700401617204,weber_holds
37,2,6,left,left,1.9379039353042646,weber_holds
38,2,6,left,left,2.7876841555560783,weber_holds
39,2,6,left,right,1.8443338401005962,weber_holds
40,2,6,left,left,2.2466643673535116,weber_holds
41,2,7,left,left,3.416686149481371,weber_holds
42,2,7,left,left,1.5671405359672068,weber_holds
43,2,7,left,left,0.942184951523519,weber_holds
44,2,7,left,left,0.9458981147417271,weber_holds
45,2,7,left,left,1.544932960949449,weber_holds
46,2,7,left,left,3.807418313175358,weber_holds
47,2,7,left,left,1.155538787775903,weber_holds
48,2,7,left,left,1.530702900527704,weber_holds
49,2,7,left,left,0.9209533942959831,weber_holds
50,2,7,left,left,1.315666623163492,weber_holds
51,2,8,left,left,1.127200795560969,weber_holds
52,2,8,left,left,0.6966299019203506,weber_holds
53,2,8,left,left,0.8904431719789137,weber_holds
54,2,8,left,left,1.4318117359493685,weber_holds
55,2,8,left,left,0.6621954573718748,weber_holds
56,2,8,left,left,0.9063978917031068,weber_holds
57,2,8,left,left,0.9445968934143973,weber_holds
58,2,8,left,left,0.9140544737153893,weber_holds
59,2,8,left,left,0.9780712965329896,weber_holds
60,2,8,left,left,1.653526662426269,weber_holds
61,2,2,right,right,0.8837040179179882,weber_holds
62,2,2,right,right,1.0385255635683863,weber_holds
63,2,2,right,right,0.7423668503557985,weber_holds
64,2,2,right,right,0.8270352894866688,weber_holds
65,2,2,right,right,1.154821193442196,weber_holds
66,2,2,right,right,0.9645859284884144,weber_holds
67,2,2,right,right,0.8667931964977422,weber_holds
68,2,2,right,left,0.9240754202997725,weber_holds
69,2,2,right,right,1.1293250146832512,weber_holds
70,2,2,right,right,1.1217092868930805,weber_holds
71,2,3,right,right,3.2081198468784633,weber_holds
72,2,3,right,right,1.1268273348302147,weber_holds
73,2,3,right,right,2.1242444541444176,weber_holds
74,2,3,right,right,1.598223218326862,weber_holds
75,2,3,right,right,1.7210279624741553,weber_holds
76,2,3,right,right,1.8211335124178107,weber_holds
77,2,3,right,right,1.4082722979451887,weber_holds
78,2,3,right,right,1.316760243418873,weber_holds
79,2,3,right,right,1.7292057543503414,weber_holds
80,2,3,right,right,1.7305861308644965,weber_holds
81,2,4,right,right,2.1116470083564716,weber_holds
82,2,4,right,right,2.669059051256894,weber_holds
83,2,4,right,right,1.9562022362841176,weber_holds
84,2,4,right,right,4.279362926687814,weber_holds
85,2,4,right,right,2.4145940323450406,weber_holds
86,2,4,right,right,1.7961981904282673,weber_holds
87,2,4,right,right,1.9742344628184523,weber_holds
88,2,4,right,left,3.60184925978488,weber_holds
89,2,4,right,left,2.084828079479755,weber_holds
90,2,4,right,right,1.8911755946794901,weber_holds
91,2,6,right,left,3.400815106527312,weber_holds
92,2,6,right,left,2.367042458096047,weber_holds
93,2,6,right,right,7.1784575216785855,weber_holds
94,2,6,right,right,2.6557790647741992,weber_holds
95,2,6,right,right,2.237176767708616,weber_holds
96,2,6,right,right,1.7918665445302606,weber_holds
97,2,6,right,right,2.121171161068445,weber_holds
98,2,6,right,left,2.299664177815918,weber_holds
99,2,6,right,right,1.9991870503289373,weber_holds
100,2,6,right,left,1.8919467692564511,weber_holds
101,2,7,right,right,1.6066217086921273,weber_holds
102,2,7,right,right,1.6151720173572122,weber_holds
103,2,7,right,right,1.233725143935299,weber_holds
104,2,7,right,right,1.0650113203155576,weber_holds
105,2,7,right,right,1.3780310956684083,weber_holds
106,2,7,right,right,1.608378803828178,weber_holds
107,2,7,right,left,1.7743809609489516,weber_holds
108,2,7,right,right,1.011762603771802,weber_holds
109,2,7,right,right,1.171119442564995,weber_holds
110,2,7,right,right,1.294130908413272,weber_holds
111,2,8,right,right,2.229655659374934,weber_holds
112,2,8,right,right,0.9925856809013602,weber_holds
113,2,8,right,right,1.0381959251184825,weber_holds
114,2,8,right,right,1.0548558942097832,weber_holds
115,2,8,right,right,1.101253772492704,weber_holds
116,2,8,right,right,1.210021433698198,weber_holds
117,2,8,right,right,0.9623646804618717,weber_holds
118,2,8,right,right,1.01217296448492,weber_holds
119,2,8,right,right,0.9567099642144226,weber_holds
120,2,8,right,right,1.2697953268735351,weber_holds
1,3,2,left,left,0.992917973346513,weber_holds
2,3,2,left,left,0.890726704557598,weber_holds
3,3,2,left,left,1.3432741411116869,weber_holds
4,3,2,left,left,1.2757402614891007,weber_holds
5,3,2,left,left,1.01071475745975,weber_holds
6,3,2,left,left,0.8104286447256899,weber_holds
7,3,2,left,left,0.8304835129654613,weber_holds
8,3,2,left,left,0.6199815032408796,weber_holds
9,3,2,left,left,1.2646651402947156,weber_holds
10,3,2,left,left,0.7653091457546177,weber_holds
11,3,3,left,left,1.9779012465435757,weber_holds
12,3,3,left,left,1.428683674379173,weber_holds
13,3,3,left,left,1.22278980617787,weber_holds
14,3,3,left,left,1.1704639316272136,weber_holds
15,3,3,left,right,1.7810570250911817,weber_holds
16,3,3,left,left,1.5027439146856971,weber_holds
17,3,3,left,left,1.0727241205362439,weber_holds
18,3,3,left,left,1.341610557837072,weber_holds
19,3,3,left,left,1.8363513167849717,weber_holds
20,3,3,left,left,1.9455904211328245,weber_holds
21,3,4,left,left,3.3246253189207438,weber_holds
22,3,4,left,right,3.166900821068093,weber_holds
23,3,4,left,left,1.8071746765564254,weber_holds
24,3,4,left,right,2.131322839651154,weber_holds
25,3,4,left,left,2.063630780760611,weber_holds
26,3,4,left,left,3.4521752758156206,weber_holds
27,3,4,left,left,2.021844705594888,weber_holds
28,3,4,left,left,2.7454199918944684,weber_holds
29,3,4,left,left,1.7653254309596422,weber_holds
30,3,4,left,left,1.7676017309178123,weber_holds
31,3,6,left,right,2.3073048158898897,weber_holds
32,3,6,left,left,2.5190434871099137,weber_holds
33,3,6,left,left,2.2950868747107074,weber_holds
34,3,6,left,left,2.2627736393764977,weber_holds
35,3,6,left,left,1.8545596924058856,weber_holds
36,3,6,left,left,2.2623613502242073,weber_holds
37,3,6,left,left,1.4247081228965488,weber_holds
38,3,6,left,left,4.011848762467298,weber_holds
39,3,6,left,left,1.767710009341291,weber_holds
40,3,6,left,left,1.756809461731989,weber_holds
41,3,7,left,left,1.2621570687198373,weber_holds
42,3,7,left,left,1.2634569643758407,weber_holds
43,3,7,left,right,1.7546771911642143,weber_holds
44,3,7,left,left,1.3963102285938211,weber_holds
45,3,7,left,left,1.1477293035014056,weber_holds
46,3,7,left,left,1.861007422072767,weber_holds
47,3,7,left,left,1.2775735968907793,weber_holds
48,3,7,left,left,1.8383317695710442,weber_holds
49,3,7,left,right,1.3801207911618387,weber_holds
50,3,7,left,right,2.09932805844621,weber_holds
51,3,8,left,left,0.8740316841293827,weber_holds
52,3,8,left,left,0.665820856948784,weber_holds
53,3,8,left,right,1.0777454614799902,weber_holds
54,3,8,left,left,1.1521442806699793,weber_holds
55,3,8,left,left,0.7410336703751947,weber_holds
56,3,8,left,left,2.408473426079732,weber_holds
57,3,8,left,left,0.7022012205173578,weber_holds
58,3,8,left,left,0.713509512390007,weber_holds
59,3,8,left,left,0.938382394062665,weber_holds
60,3,8,left,left,0.9804049643347537,weber_holds
61,3,2,right,right,1.1873591328531041,weber_holds
62,3,2,right,right,1.2074142005206527,weber_holds
63,3,2,right,right,1.1101558123066322,weber_holds
64,3,2,right,right,0.8089143591938746,weber_holds
65,3,2,right,right,1.0635474430294896,weber_holds
66,3,2,right,right,1.8573387464750375,weber_holds
67,3,2,right,right,0.8780847986886455,weber_holds
68,3,2,right,right,1.0477833527952858,weber_holds
69,3,2,right,right,0.831592337921883,weber_holds
70,3,2,right,right,0.7333406735256849,weber_holds
71,3,3,right,left,1.6517301922569367,weber_holds
72,3,3,right,right,1.8190237028919423,weber_holds
73,3,3,right,right,1.0537068746418423,weber_holds
74,3,3,right,right,1.801639432048262,weber_holds
75,3,3,right,right,0.9050737795822454,weber_holds
76,3,3,right,right,2.0802352940942885,weber_holds
77,3,3,right,right,1.4985707090615192,weber_holds
78,3,3,right,right,1.7908412601602888,weber_holds
79,3,3,right,right,2.100568286522163,weber_holds
80,3,3,right,right,1.0669262224145948,weber_holds
81,3,4,right,left,2.591484688330819,weber_holds
82,3,4,right,right,1.8951290402697505,weber_holds
83,3,4,right,right,2.3815676245788406,weber_holds
84,3,4,right,left,3.1517017858887457,weber_holds
85,3,4,right,right,2.713432272558142,weber_holds
86,3,4,right,right,1.7462277072809154,weber_holds
87,3,4,right,left,1.9103242273394019,weber_holds
88,3,4,right,right,1.441038161539611,weber_holds
89,3,4,right,right,1.8811631869832333,weber_holds
90,3,4,right,right,1.5708311448570542,weber_holds
91,3,6,right,right,1.534775044945863,weber_holds
92,3,6,right,left,2.2933627736923134,weber_holds
93,3,6,right,right,2.180040089169726,weber_holds
94,3,6,right,right,2.3677669773727534,weber_holds
95,3,6,right,right,2.5291967720391804,weber_holds
96,3,6,right,left,1.6954331363921495,weber_holds
97,3,6,right,right,2.1641643760661253,weber_holds
98,3,6,right,right,2.4767360388785815,weber_holds
99,3,6,right,right,3.9921980388464315,weber_holds
100,3,6,right,left,1.9303897153919185,weber_holds
101,3,7,right,right,1.603857456907954,weber_holds
102,3,7,right,right,1.2562531614701449,weber_holds
103,3,7,right,right,1.7104066241401197,weber_holds
104,3,7,right,right,1.8171463714201326,weber_holds
105,3,7,right,right,1.2049406556213789,weber_holds
106,3,7,right,right,1.278783297212447,weber_holds
107,3,7,right,right,1.6853831053002362,weber_holds
108,3,7,right,right,1.780328220762094,weber_holds
109,3,7,right,left,1.4146870689499087,weber_holds
110,3,7,right,right,1.1253878090892886,weber_holds
111,3,8,right,right,0.8245587470662092,weber_holds
112,3,8,right,right,1.0363259456123455,weber_holds
113,3,8,right,right,1.0084596620611677,weber_holds
114,3,8,right,right,1.0529259629676933,weber_holds
115,3,8,right,right,1.1502289924865725,weber_holds
116,3,8,right,right,0.9979781952372455,weber_holds
117,3,8,right,right,0.8559780604377221,weber_holds
118,3,8,right,right,0.9728042040631353,weber_holds
119,3,8,right,right,0.8436595168199088,weber_holds
120,3,8,right,right,0.6983279544561222,weber_holds
1,4,2,left,left,0.8667472070190594,weber_holds
2,4,2,left,left,1.5078993125804736,weber_holds
3,4,2,left,left,0.7087750325179916,weber_holds
4,4,2,left,left,1.0935341342249307,weber_holds
5,4,2,left,left,0.93140437981728,weber_holds
6,4,2,left,left,1.102450404753864,weber_holds
7,4,2,left,left,0.8313201299179727,weber_holds
8,4,2,left,left,0.7198469038928204,weber_holds
9,4,2,left,left,0.9089726972034207,weber_holds
10,4,2,left,left,0.9133111472886668,weber_holds
11,4,3,left,left,0.9954223859966764,weber_holds
12,4,3,left,left,1.2473752772427613,weber_holds
13,4,3,left,left,1.709542723165825,weber_holds
14,4,3,left,left,2.34327548687151,weber_holds
15,4,3,left,left,0.9591118649356973,weber_holds
16,4,3,left,left,1.3322288647702956,weber_holds
17,4,3,left,left,1.5161884375347845,weber_holds
18,4,3,left,left,1.6179566648592536,weber_holds
19,4,3,left,left,1.5932263731825167,weber_holds
20,4,3,left,right,1.5425963195773849,weber_holds
21,4,4,left,left,3.7452428071537014,weber_holds
22,4,4,left,left,1.9435559092631305,weber_holds
23,4,4,left,right,2.7770216994069243,weber_holds
24,4,4,left,left,3.8241067561668145,weber_holds
25,4,4,left,left,2.150555011640092,weber_holds
26,4,4,left,right,2.1469193735325938,weber_holds
27,4,4,left,left,2.485217063721842,weber_holds
28,4,4,left,left,1.9473070628954594,weber_holds
29,4,4,left,right,2.006113334694299,weber_holds
30,4,4,left,right,1.8920159606889397,weber_holds
31,4,6,left,right,3.2503297027064155,weber_holds
32,4,6,left,left,1.7470631046666272,weber_holds
33,4,6,left,left,1.3761990056380038,weber_holds
34,4,6,left,left,2.318993887710294,weber_holds
35,4,6,left,left,1.7035844236182507,weber_holds
36,4,6,left,right,2.092036164389819,weber_holds
37,4,6,left,left,2.636212602966811,weber_holds
38,4,6,left,left,1.5613085089926064,weber_holds
39,4,6,left,right,1.8917095812128444,weber_holds
40,4,6,left,right,1.849694216637144,weber_holds
41,4,7,left,left,1.1871405467265976,weber_holds
42,4,7,left,left,1.949257798449065,weber_holds
43,4,7,left,left,1.0904930603408292,weber_holds
44,4,7,left,left,2.1490050866826893,weber_holds
45,4,7,left,left,1.0488908612406314,weber_holds
46,4,7,left,left,1.8971894426403073,weber_holds
47,4,7,left,left,1.4836613395810458,weber_holds
48,4,7,left,left,1.333805025736316,weber_holds
49,4,7,left,left,1.2267351286405905,weber_holds
50,4,7,left,left,2.3949263615648135,weber_holds
51,4,8,left,left,0.6428098833004903,weber_holds
52,4,8,left,left,0.6474237033323216,weber_holds
53,4,8,left,left,1.0203073395108813,weber_holds
54,4,8,left,left,1.2312247792714575,weber_holds
55,4,8,left,left,0.7640425896349756,weber_holds
56,4,8,left,left,0.9604731564665712,weber_holds
57,4,8,left,left,1.0681668684919452,weber_holds
58,4,8,left,left,0.8593338784590487,weber_holds
59,4,8,left,left,1.2383227725692112,weber_holds
60,4,8,left,left,1.6481241635197825,weber_holds
61,4,2,right,right,1.0795508291554101,weber_holds
62,4,2,right,right,1.1945674376366844,weber_holds
63,4,2,right,right,1.1385763380715233,weber_holds
64,4,2,right,right,0.9864896971988892,weber_holds
65,4,2,right,right,1.3096510602276956,weber_holds
66,4,2,right,right,1.3681375756159881,weber_holds
67,4,2,right,right,0.8617428699251166,weber_holds
68,4,2,right,right,1.2312947095287945,weber_holds
69,4,2,right,right,0.9018283868647605,weber_holds
70,4,2,right,left,1.192198910253092,weber_holds
71,4,3,right,right,1.4137951816458654,weber_holds
72,4,3,right,right,1.7014922551151614,weber_holds
73,4,3,right,right,1.0965643073136904,weber_holds
74,4,3,right,right,1.3554128407219754,weber_holds
75,4,3,right,right,1.7859617216836565,weber_holds
76,4,3,right,right,0.9988874737802831,weber_holds
77,4,3,right,right,1.1195174152008676,weber_holds
78,4,3,right,right,1.1538727414434626,weber_holds
79,4,3,right,right,1.5451320523082934,weber_holds
80,4,3,right,right,1.0036540512875098,weber_holds
81,4,4,right,left,2.9501715789798792,weber_holds
82,4,4,right,right,1.9683203843747439,weber_holds
83,4,4,right,right,4.248111293911382,weber_holds
84,4,4,right,left,2.187885620158138,weber_holds
85,4,4,right,right,3.940265972909213,weber_holds
86,4,4,right,right,1.9368586989683538,weber_holds
87,4,4,right,right,1.8671004622655314,weber_holds
88,4,4,right,right,2.406595113276686,weber_holds
89,4,4,right,right,2.1388963069107074,weber_holds
90,4,4,right,right,4.2146216312193685,weber_holds
91,4,6,right,left,2.38442156012878,weber_holds
92,4,6,right,right,2.162680723859135,weber_holds
93,4,6,right,right,2.129966722892606,weber_holds
94,4,6,right,right,1.828755522381198,weber_holds
95,4,6,right,right,2.4472417581733485,weber_holds
96,4,6,right,left,2.101483982220433,weber_holds
97,4,6,right,right,2.061228047548306,weber_holds
98,4,6,right,left,1.7546617100532964,weber_holds
99,4,6,right,right,1.699296322864273,weber_holds
100,4,6,right,right,1.6766644688163699,weber_holds
101,4,7,right,right,1.1193509600593539,weber_holds
102,4,7,right,right,1.9038750996960392,weber_holds
103,4,7,right,right,1.4900840070229981,weber_holds
104,4,7,right,right,1.5104220447639989,weber_holds
105,4,7,right,right,1.7327314003895316,weber_holds
106,4,7,right,right,1.5784207524273473,weber_holds
107,4,7,right,right,1.3938290296920484,weber_holds
108,4,7,right,left,2.1922976184710388,weber_holds
109,4,7,right,right,1.3231907402943708,weber_holds
110,4,7,right,left,1.809363384592668,weber_holds
111,4,8,right,right,0.6996430815169019,weber_holds
112,4,8,right,right,1.4229969279325216,weber_holds
113,4,8,right,left,1.006947529904033,weber_holds
114,4,8,right,left,1.1774639996485543,weber_holds
115,4,8,right,right,0.9986140232880858,weber_holds
116,4,8,right,right,0.8267673820202697,weber_holds
117,4,8,right,right,1.2727223006239552,weber_holds
118,4,8,right,right,1.2803659717195064,weber_holds
119,4,8,right,right,0.9940568238798106,weber_holds
120,4,8,right,right,1.155244585178737,weber_holds
1,5,2,left,left,0.7228355291083044,weber_holds
2,5,2,left,left,0.925166567464967,weber_holds
3,5,2,left,left,0.9000018011583502,weber_holds
4,5,2,left,left,1.0061533853246074,weber_holds
5,5,2,left,left,0.8980190512956794,weber_holds
6,5,2,left,left,1.0697322751187652,weber_holds
7,5,2,left,left,1.3253823101613293,weber_holds
8,5,2,left,left,1.1391381850004638,weber_holds
9,5,2,left,left,0.7424618484987557,weber_holds
10,5,2,left,left,0.9068190696192426,weber_holds
11,5,3,left,left,1.3674473624690484,weber_holds
12,5,3,left,left,1.0540870681353547,weber_holds
13,5,3,left,left,1.0121370020072014,weber_holds
14,5,3,left,left,1.641358685503524,weber_holds
15,5,3,left,left,1.2230714260011748,weber_holds
16,5,3,left,left,0.9085840451809868,weber_holds
17,5,3,left,left,1.3307221246952556,weber_holds
18,5,3,left,left,1.897828551145397,weber_holds
19,5,3,left,right,1.5429397279197519,weber_holds
20,5,3,left,left,1.9306371114696272,weber_holds
21,5,4,left,right,3.4015235081205373,weber_holds
22,5,4,left,right,2.492821326022549,weber_holds
23,5,4,left,right,2.005096042768082,weber_holds
24,5,4,left,left,2.084802239219049,weber_holds
25,5,4,left,left,2.7434166970015124,weber_holds
26,5,4,left,left,1.6467930449317387,weber_holds
27,5,4,left,right,2.179996136607414,weber_holds
28,5,4,left,left,1.9645769321048994,weber_holds
29,5,4,left,right,2.6806149876392835,weber_holds
30,5,4,left,right,2.1597606113358783,weber_holds
31,5,6,left,left,1.9332815011714413,weber_holds
32,5,6,left,left,1.7654394663150204,weber_holds
33,5,6,left,left,1.6575864301936865,weber_holds
34,5,6,left,left,3.3134961288878038,weber_holds
35,5,6,left,left,2.0516782703702234,weber_holds
36,5,6,left,left,1.747091233314501,weber_holds
37,5,6,left,left,1.8715166663339027,weber_holds
38,5,6,left,left,1.7928803166717926,weber_holds
39,5,6,left,left,1.8217798219365515,weber_holds
40,5,6,left,left,1.7658122692572351,weber_holds
41,5,7,left,left,1.5542009094568103,weber_holds
42,5,7,left,left,1.0890586466891894,weber_holds
43,5,7,left,left,1.280019586350126,weber_holds
44,5,7,left,left,1.7234020457089505,weber_holds
45,5,7,left,left,1.6850424773688661,weber_holds
46,5,7,left,left,1.2599366299974832,weber_holds
47,5,7,left,left,2.992875489289397,weber_holds
48,5,7,left,right,2.0374536840865267,weber_holds
49,5,7,left,left,2.1020813957673923,weber_holds
50,5,7,left,left,1.126481014235554,weber_holds
51,5,8,left,left,0.9029492120288058,weber_holds
52,5,8,left,left,0.9617226958432379,weber_holds
53,5,8,left,left,1.6083452957032867,weber_holds
54,5,8,left,left,1.1951049212820481,weber_holds
55,5,8,left,left,1.074621789314177,weber_holds
56,5,8,left,left,0.8176600690459586,weber_holds
57,5,8,left,left,0.9900176233052016,weber_holds
58,5,8,left,left,0.8794488243323959,weber_holds
59,5,8,left,left,1.5084493889525885,weber_holds
60,5,8,left,left,1.0466445843802512,weber_holds
61,5,2,right,right,0.8640482685770943,weber_holds
62,5,2,right,right,1.1184343775603474,weber_holds
63,5,2,right,left,0.9290098774640261,weber_holds
64,5,2,right,right,1.037494325217999,weber_holds
65,5,2,right,right,1.0084662547272738,weber_holds
66,5,2,right,right,0.8060393051419557,weber_holds
67,5,2,right,right,0.9672619177302302,weber_holds
68,5,2,right,right,0.9092792822236853,weber_holds
69,5,2,right,right,0.755892866470159,weber_holds
70,5,2,right,right,0.6633686484829475,weber_holds
71,5,3,right,right,1.5378083847460269,weber_holds
72,5,3,right,right,0.8207778822240919,weber_holds
73,5,3,right,right,1.155216099874028,weber_holds
74,5,3,right,right,1.2499124534883783,weber_holds
75,5,3,right,right,1.6236710226576958,weber_holds
76,5,3,right,right,0.9471158579501262,weber_holds
77,5,3,right,right,1.3677618523478485,weber_holds
78,5,3,right,left,1.519248933201892,weber_holds
79,5,3,right,right,2.3743812062068193,weber_holds
80,5,3,right,right,1.2170598169384588,weber_holds
81,5,4,right,right,2.690532574309987,weber_holds
82,5,4,right,right,1.88419650944295,weber_holds
83,5,4,right,left,2.2429270766979625,weber_holds
84,5,4,right,right,1.9582419269931897,weber_holds
85,5,4,right,right,1.982057919487491,weber_holds
86,5,4,right,left,2.167643537274067,weber_holds
87,5,4,right,right,1.901641586779718,weber_holds
88,5,4,right,right,1.731653276575865,weber_holds
89,5,4,right,right,1.5659410219921803,weber_holds
90,5,4,right,right,1.8884082690057278,weber_holds
91,5,6,right,left,2.703951518494462,weber_holds
92,5,6,right,right,1.7565373099702517,weber_holds
93,5,6,right,right,2.126962144901821,weber_holds
94,5,6,right,right,3.6143954051254927,weber_holds
95,5,6,right,left,2.1607244749454404,weber_holds
96,5,6,right,right,2.315835386165736,weber_holds
97,5,6,right,right,1.8827104246615565,weber_holds
98,5,6,right,right,2.499771040104116,weber_holds
99,5,6,right,left,3.1863043575775807,weber_holds
100,5,6,right,left,2.094659954526995,weber_holds
101,5,7,right,right,1.5634044120904231,weber_holds
102,5,7,right,right,1.9247171751215106,weber_holds
103,5,7,right,right,1.34013815236313,weber_holds
104,5,7,right,right,1.5010199082788507,weber_holds
105,5,7,right,right,1.0763078240023878,weber_holds
106,5,7,right,right,1.04759917258206,weber_holds
107,5,7,right,right,1.0749633645327494,weber_holds
108,5,7,right,right,1.5221249993481072,weber_holds
109,5,7,right,right,1.3866237196437594,weber_holds
110,5,7,right,right,1.0578457808861061,weber_holds
111,5,8,right,right,1.7147920792965707,weber_holds
112,5,8,right,right,1.0292267272587186,weber_holds
113,5,8,right,right,1.2829458271066272,weber_holds
114,5,8,right,right,1.055821529979827,weber_holds
115,5,8,right,right,1.169124077552582,weber_holds
116,5,8,right,right,1.1008023332350885,weber_holds
117,5,8,right,right,0.847384485870613,weber_holds
118,5,8,right,right,1.1114893654542568,weber_holds
119,5,8,right,right,2.215657267560846,weber_holds
120,5,8,right,right,0.8701368928703737,weber_holds
1,6,2,left,left,1.245993059274846,weber_holds
2,6,2,left,left,0.814583596301965,weber_holds
3,6,2,left,left,1.1378401213282063,weber_holds
4,6,2,left,left,0.7017745205753723,weber_holds
5,6,2,left,left,0.8920726284589013,weber_holds
6,6,2,left,left,0.8681112758197156,weber_holds
7,6,2,left,left,0.9429763914295688,weber_holds
8,6,2,left,left,0.8461374034114797,weber_holds
9,6,2,left,left,0.773693462492582,weber_holds
10,6,2,left,left,0.6493449384745827,weber_holds
11,6,3,left,left,1.3937506115752076,weber_holds
12,6,3,left,left,2.2947646159001986,weber_holds
13,6,3,left,left,1.8780913871601204,weber_holds
14,6,3,left,left,1.5730830852895374,weber_holds
15,6,3,left,right,1.9513314836006952,weber_holds
16,6,3,left,left,1.9762899497392787,weber_holds
17,6,3,left,right,3.0679549256048073,weber_holds
18,6,3,left,left,1.5471853798521755,weber_holds
19,6,3,left,left,1.5553514343043318,weber_holds
20,6,3,left,right,1.5860560596673374,weber_holds
21,6,4,left,right,5.3416771657067255,weber_holds
22,6,4,left,left,2.432630946010553,weber_holds
23,6,4,left,left,1.6186320890058115,weber_holds
24,6,4,left,left,1.9433230524240497,weber_holds
25,6,4,left,left,1.495615268132516,weber_holds
26,6,4,left,left,1.9702767693326328,weber_holds
27,6,4,left,left,2.153049151681518,weber_holds
28,6,4,left,left,2.1898054015135187,weber_holds
29,6,4,left,right,2.2395586016079756,weber_holds
30,6,4,left,left,2.047124825083921,weber_holds
31,6,6,left,left,2.7994158913836817,weber_holds
32,6,6,left,left,1.9724415145982717,weber_holds
33,6,6,left,left,3.7780501845730607,weber_holds
34,6,6,left,left,4.0332016042724215,weber_holds
35,6,6,left,left,2.2536324221764747,weber_holds
36,6,6,left,right,1.7233872158008423,weber_holds
37,6,6,left,left,2.69486651670221,weber_holds
38,6,6,left,left,1.7188625982959203,weber_holds
39,6,6,left,left,2.7320117397360852,weber_holds
40,6,6,left,left,1.9911676288103857,weber_holds
41,6,7,left,left,1.7091680712758122,weber_holds
42,6,7,left,left,1.348366745370331,weber_holds
43,6,7,left,right,1.8454492206222375,weber_holds
44,6,7,left,left,2.57038699773479,weber_holds
45,6,7,left,left,1.3195317923050813,weber_holds
46,6,7,left,left,1.0515980835704581,weber_holds
47,6,7,left,right,1.3150038047320562,weber_holds
48,6,7,left,left,1.883320564327693,weber_holds
49,6,7,left,left,1.779360526848218,weber_holds
50,6,7,left,left,1.7543719022227489,weber_holds
51,6,8,left,left,0.8582162563576077,weber_holds
52,6,8,left,left,0.832620789570085,weber_holds
53,6,8,left,left,0.8080942660354522,weber_holds
54,6,8,left,left,1.1258500993384017,weber_holds
55,6,8,left,left,0.7300050594931362,weber_holds
56,6,8,left,right,2.44712324370459,weber_holds
57,6,8,left,left,1.0376086239454538,weber_holds
58,6,8,left,left,0.8806809027199942,weber_holds
59,6,8,left,left,1.0117471348282574,weber_holds
60,6,8,left,left,0.6683814597550829,weber_holds
61,6,2,right,right,1.0998021671561515,weber_holds
62,6,2,right,right,0.8422542574729206,weber_holds
63,6,2,right,right,1.1867886255864284,weber_holds
64,6,2,right,right,1.1846575959207408,weber_holds
65,6,2,right,right,1.1571588556512422,weber_holds
66,6,2,right,right,1.348868769736983,weber_holds
67,6,2,right,right,1.1252373045685302,weber_holds
68,6,2,right,right,1.360448702988998,weber_holds
69,6,2,right,right,0.8571246915532194,weber_holds
70,6,2,right,right,1.6162017202421137,weber_holds
71,6,3,right,left,1.6077923895890136,weber_holds
72,6,3,right,right,1.0710953692200142,weber_holds
73,6,3,right,right,1.270150048391513,weber_holds
74,6,3,right,right,2.2998296485186334,weber_holds
75,6,3,right,left,1.752257264342756,weber_holds
76,6,3,right,right,1.0819019525625164,weber_holds
77,6,3,right,right,1.00372168008782,weber_holds
78,6,3,right,right,1.2983371423049883,weber_holds
79,6,3,right,right,1.4627921022330674,weber_holds
80,6,3,right,right,1.0616239327194739,weber_holds
81,6,4,right,left,4.502530684380122,weber_holds
82,6,4,right,right,2.370077095537499,weber_holds
83,6,4,right,left,3.0995426478639128,weber_holds
84,6,4,right,right,3.324594232074594,weber_holds
85,6,4,right,left,2.5634639253202014,weber_holds
86,6,4,right,right,1.8268977627727678,weber_holds
87,6,4,right,right,2.426495898622654,weber_holds
88,6,4,right,right,1.8823067958858282,weber_holds
89,6,4,right,right,2.0462017789223164,weber_holds
90,6,4,right,right,2.094219530540001,weber_holds
91,6,6,right,right,1.970971243967934,weber_holds
92,6,6,right,right,2.3098771775482083,weber_holds
93,6,6,right,right,2.179701491196066,weber_holds
94,6,6,right,right,1.4592916596375731,weber_holds
95,6,6,right,right,1.7644039756344894,weber_holds
96,6,6,right,left,1.9421976652710164,weber_holds
97,6,6,right,right,1.8299656752401077,weber_holds
98,6,6,right,right,2.0670790050221863,weber_holds
99,6,6,right,right,1.7135251979674937,weber_holds
100,6,6,right,right,2.0406929327980143,weber_holds
101,6,7,right,right,1.1045084589095817,weber_holds
102,6,7,right,right,1.0363978392213855,weber_holds
103,6,7,right,right,1.3965994236313874,weber_holds
104,6,7,right,right,1.08511923500928,weber_holds
105,6,7,right,right,1.573022468317544,weber_holds
106,6,7,right,right,1.3588490387449095,weber_holds
107,6,7,right,right,1.2777644614725752,weber_holds
108,6,7,right,right,1.1756141750911342,weber_holds
109,6,7,right,right,1.5970459489989963,weber_holds
110,6,7,right,left,2.757889355769452,weber_holds
111,6,8,right,right,0.7923674941267078,weber_holds
112,6,8,right,right,1.3328782484770794,weber_holds
113,6,8,right,right,0.7412428726535512,weber_holds
114,6,8,right,right,0.8674990726791583,weber_holds
115,6,8,right,right,0.9758722183209008,weber_holds
116,6,8,right,right,1.1878933750595468,weber_holds
117,6,8,right,right,1.1986704018111385,weber_holds
118,6,8,right,right,1.524877796773713,weber_holds
119,6,8,right,right,0.8691639341945516,weber_holds
120,6,8,right,right,1.1773123370746879,weber_holds
1,7,2,left,left,1.0874174434635435,weber_holds
2,7,2,left,left,1.1193322818782758,weber_holds
3,7,2,left,left,1.6873987587531956,weber_holds
4,7,2,left,left,0.784890411274999,weber_holds
5,7,2,left,left,0.6516620443301264,weber_holds
6,7,2,left,left,1.077131308528903,weber_holds
7,7,2,left,right,1.3673202762052006,weber_holds
8,7,2,left,left,0.8106007970499236,weber_holds
9,7,2,left,right,1.498001396341485,weber_holds
10,7,2,left,left,1.2859133324895498,weber_holds
11,7,3,left,right,2.05853278611169,weber_holds
12,7,3,left,left,1.170984621976902,weber_holds
13,7,3,left,left,1.1271122389522341,weber_holds
14,7,3,left,left,1.1279112620115275,weber_holds
15,7,3,left,left,1.9933220034378352,weber_holds
16,7,3,left,right,2.32540267012368,weber_holds
17,7,3,left,right,4.63893101840457,weber_holds
18,7,3,left,left,1.2642480227548547,weber_holds
19,7,3,left,left,2.1742461930693913,weber_holds
20,7,3,left,left,1.8994347389193644,weber_holds
21,7,4,left,left,2.3009351604552473,weber_holds
22,7,4,left,left,1.8053783817537856,weber_holds
23,7,4,left,right,2.5401358109700616,weber_holds
24,7,4,left,right,2.1624342189119825,weber_holds
25,7,4,left,left,2.4648927559123663,weber_holds
26,7,4,left,right,2.6284883990687,weber_holds
27,7,4,left,left,2.079742350027176,weber_holds
28,7,4,left,left,3.2947616888703535,weber_holds
29,7,4,left,right,2.8462930614896935,weber_holds
30,7,4,left,right,2.7641426239565146,weber_holds
31,7,6,left,left,3.3666307119570194,weber_holds
32,7,6,left,right,2.747565321178046,weber_holds
33,7,6,left,left,2.2359857833060763,weber_holds
34,7,6,left,right,1.6454335775325564,weber_holds
35,7,6,left,right,2.105879643622071,weber_holds
36,7,6,left,left,1.6312766366128189,weber_holds
37,7,6,left,left,1.7560939398883808,weber_holds
38,7,6,left,left,1.629927130723995,weber_holds
39,7,6,left,left,1.7178144336997923,weber_holds
40,7,6,left,left,2.338730931535722,weber_holds
41,7,7,left,left,1.3026227074189993,weber_holds
42,7,7,left,left,1.3178526663280183,weber_holds
43,7,7,left,left,2.1366719039479216,weber_holds
44,7,7,left,right,1.9643258991678174,weber_holds
45,7,7,left,left,1.016923018723278,weber_holds
46,7,7,left,left,1.2934257950269399,weber_holds
47,7,7,left,left,2.0233453575866394,weber_holds
48,7,7,left,left,1.1345072994422873,weber_holds
49,7,7,left,right,1.563499788734454,weber_holds
50,7,7,left,left,3.0399015540431824,weber_holds
51,7,8,left,left,1.2590096625218128,weber_holds
52,7,8,left,left,1.3703361312621931,weber_holds
53,7,8,left,left,1.1829338903059081,weber_holds
54,7,8,left,left,0.8566879713873801,weber_holds
55,7,8,left,left,1.1327096829624614,weber_holds
56,7,8,left,left,1.324406648929479,weber_holds
57,7,8,left,left,0.8484337403924991,weber_holds
58,7,8,left,left,1.2465482293936896,weber_holds
59,7,8,left,left,0.8682611378480549,weber_holds
60,7,8,left,left,1.0604474650249254,weber_holds
61,7,2,right,right,0.928068917512316,weber_holds
62,7,2,right,left,2.8699333344547138,weber_holds
63,7,2,right,right,1.184164594417496,weber_holds
64,7,2,right,right,1.3639184287492594,weber_holds
65,7,2,right,right,0.7783195852857729,weber_holds
66,7,2,right,right,0.7228150839792276,weber_holds
67,7,2,right,right,0.9806662882930981,weber_holds
68,7,2,right,right,0.9178898693551916,weber_holds
69,7,2,right,right,1.2736392277292552,weber_holds
70,7,2,right,right,0.8128219821656137,weber_holds
71,7,3,right,right,1.4222094073142812,weber_holds
72,7,3,right,right,1.0511471767860223,weber_holds
73,7,3,right,left,1.2815679407503895,weber_holds
74,7,3,right,right,1.4334731484201035,weber_holds
75,7,3,right,right,1.7991359203806487,weber_holds
76,7,3,right,left,1.6584711732893704,weber_holds
77,7,3,right,right,1.9708973666948653,weber_holds
78,7,3,right,right,1.947315860521341,weber_holds
79,7,3,right,right,1.2885434938700515,weber_holds
80,7,3,right,right,1.3429989876940975,weber_holds
81,7,4,right,left,4.3257416935176565,weber_holds
82,7,4,right,right,3.306590961426394,weber_holds
83,7,4,right,left,3.3675108405918204,weber_holds
84,7,4,right,left,2.7803910871505093,weber_holds
85,7,4,right,right,2.3253538113867367,weber_holds
86,7,4,right,left,2.1078294199726852,weber_holds
87,7,4,right,right,2.789805440720346,weber_holds
88,7,4,right,right,2.771207363332344,weber_holds
89,7,4,right,left,1.544397267413655,weber_holds
90,7,4,right,right,2.058890579147492,weber_holds
91,7,6,right,right,2.8253475417632505,weber_holds
92,7,6,right,right,2.136614632634787,weber_holds
93,7,6,right,right,1.6458380296459454,weber_holds
94,7,6,right,right,1.574995198910297,weber_holds
95,7,6,right,left,2.347373969569148,weber_holds
96,7,6,right,right,2.034052537604982,weber_holds
97,7,6,right,left,2.3939960254947965,weber_holds
98,7,6,right,right,2.449270672487647,weber_holds
99,7,6,right,left,2.448201493492517,weber_holds
100,7,6,right,right,1.4216356872664822,weber_holds
101,7,7,right,right,1.6839499084494063,weber_holds
102,7,7,right,right,1.5955540977232165,weber_holds
103,7,7,right,right,1.4864962923482763,weber_holds
104,7,7,right,right,2.9877667748279264,weber_holds
105,7,7,right,right,2.083707512794297,weber_holds
106,7,7,right,right,1.5192237032189793,weber_holds
107,7,7,right,right,1.532530646320425,weber_holds
108,7,7,right,right,1.3318507571496805,weber_holds
109,7,7,right,right,1.069198579645594,weber_holds
110,7,7,right,right,1.365681648212779,weber_holds
111,7,8,right,right,1.0621979074677557,weber_holds
112,7,8,right,right,1.0660402125028046,weber_holds
113,7,8,right,right,1.4972371791866184,weber_holds
114,7,8,right,right,1.2959055270750242,weber_holds
115,7,8,right,right,0.7349384131218948,weber_holds
116,7,8,right,right,0.9809798741562799,weber_holds
117,7,8,right,right,0.9978477342971168,weber_holds
118,7,8,right,right,1.4433194277099115,weber_holds
119,7,8,right,right,1.082439852874343,weber_holds
120,7,8,right,right,0.899832003324692,weber_holds
1,8,2,left,left,1.1692291542845263,weber_holds
2,8,2,left,left,0.7111883205235947,weber_holds
3,8,2,left,left,1.0931387218942892,weber_holds
4,8,2,left,left,0.8687422887422795,weber_holds
5,8,2,left,left,1.0915811761453247,weber_holds
6,8,2,left,left,1.0432382700373939,weber_holds
7,8,2,left,left,0.8813587606846354,weber_holds
8,8,2,left,left,1.3965236510854133,weber_holds
9,8,2,left,left,0.8810582215799894,weber_holds
10,8,2,left,left,0.875975662936207,weber_holds
11,8,3,left,left,1.273332953921668,weber_holds
12,8,3,left,left,1.9276717855053949,weber_holds
13,8,3,left,left,1.222866236842026,weber_holds
14,8,3,left,left,1.3573370457306468,weber_holds
15,8,3,left,left,1.584918342718721,weber_holds
16,8,3,left,left,1.401645911392804,weber_holds
17,8,3,left,left,1.653934719908837,weber_holds
18,8,3,left,left,1.3569062240146599,weber_holds
19,8,3,left,left,1.3004416128222591,weber_holds
20,8,3,left,left,1.3788828928858907,weber_holds
21,8,4,left,right,1.7494590839070996,weber_holds
22,8,4,left,right,2.25265715206507,weber_holds
23,8,4,left,left,2.147905309331642,weber_holds
24,8,4,left,left,1.872341313045174,weber_holds
25,8,4,left,right,1.9528144360171835,weber_holds
26,8,4,left,right,3.064269534186504,weber_holds
27,8,4,left,left,1.5509770763112156,weber_holds
28,8,4,left,right,1.6614141536563716,weber_holds
29,8,4,left,left,1.8935131708977242,weber_holds
30,8,4,left,right,2.5053059696324724,weber_holds
31,8,6,left,left,2.601535467054823,weber_holds
32,8,6,left,left,2.5630138247094245,weber_holds
33,8,6,left,left,2.6992584320240876,weber_holds
34,8,6,left,right,1.5091863732306967,weber_holds
35,8,6,left,right,1.809436748316056,weber_holds
36,8,6,left,right,2.220791214261873,weber_holds
37,8,6,left,right,2.6879991192392834,weber_holds
38,8,6,left,left,1.554377610025326,weber_holds
39,8,6,left,left,1.543736612119715,weber_holds
40,8,6,left,left,1.7694366082204829,weber_holds
41,8,7,left,left,1.0661575458437889,weber_holds
42,8,7,left,left,1.3096780334481315,weber_holds
43,8,7,left,left,1.8671529796860398,weber_holds
44,8,7,left,left,1.1382179682808304,weber_holds
45,8,7,left,left,2.30000036928147,weber_holds
46,8,7,left,left,1.1191488965813952,weber_holds
47,8,7,left,left,0.9444135406480589,weber_holds
48,8,7,left,left,1.0264303330252451,weber_holds
49,8,7,left,left,1.2625830173627504,weber_holds
50,8,7,left,left,1.0247638932231207,weber_holds
51,8,8,left,left,0.7884363656414948,weber_holds
52,8,8,left,left,1.0010339775840178,weber_holds
53,8,8,left,left,1.3713590502876352,weber_holds
54,8,8,left,left,0.8600573027439198,weber_holds
55,8,8,left,left,1.318935141008702,weber_holds
56,8,8,left,left,1.2261326844724025,weber_holds
57,8,8,left,left,1.3590848488879936,weber_holds
58,8,8,left,left,1.441293750467896,weber_holds
59,8,8,left,left,1.2897530720683883,weber_holds
60,8,8,left,left,1.0424142007927129,weber_holds
61,8,2,right,left,1.0826673740003632,weber_holds
62,8,2,right,right,0.9518435691637046,weber_holds
63,8,2,right,right,1.3983039566664817,weber_holds
64,8,2,right,right,0.8661839439848189,weber_holds
65,8,2,right,right,1.1836384816058843,weber_holds
66,8,2,right,right,0.9233861878717999,weber_holds
67,8,2,right,right,0.6405649616860252,weber_holds
68,8,2,right,right,1.6547253476201507,weber_holds
69,8,2,right,right,1.4269972161981135,weber_holds
70,8,2,right,right,0.9570836611499918,weber_holds
71,8,3,right,right,1.1286178555273298,weber_holds
72,8,3,right,right,1.427581787278483,weber_holds
73,8,3,right,right,1.325514955467271,weber_holds
74,8,3,right,right,1.0285686309342978,weber_holds
75,8,3,right,right,1.161580648965953,weber_holds
76,8,3,right,right,1.4141770557931908,weber_holds
77,8,3,right,right,0.9720558434199142,weber_holds
78,8,3,right,right,1.8068311297736057,weber_holds
79,8,3,right,right,1.98514766866878,weber_holds
80,8,3,right,right,1.9142816741628184,weber_holds
81,8,4,right,right,1.5678739594982594,weber_holds
82,8,4,right,right,2.6968189836200684,weber_holds
83,8,4,right,right,1.9316526650594594,weber_holds
84,8,4,right,right,2.0125479698934563,weber_holds
85,8,4,right,right,2.3685455326599887,weber_holds
86,8,4,right,right,2.6701498729871465,weber_holds
87,8,4,right,right,2.086642773159664,weber_holds
88,8,4,right,left,3.05531533165043,weber_holds
89,8,4,right,right,2.537354708217723,weber_holds
90,8,4,right,right,2.0778338781502916,weber_holds
91,8,6,right,right,2.0944799077718463,weber_holds
92,8,6,right,left,2.472142914174723,weber_holds
93,8,6,right,right,1.5901608406729506,weber_holds
94,8,6,right,right,2.6948061601282274,weber_holds
95,8,6,right,right,4.98800538033839,weber_holds
96,8,6,right,right,2.3564057377413143,weber_holds
97,8,6,right,right,1.8590729121738958,weber_holds
98,8,6,right,right,2.6186311391638495,weber_holds
99,8,6,right,left,3.506670569063252,weber_holds
100,8,6,right,right,2.2155831010039617,weber_holds
101,8,7,right,right,1.7929103956864119,weber_holds
102,8,7,right,right,1.6707890041904925,weber_holds
103,8,7,right,left,1.1953544154859548,weber_holds
104,8,7,right,right,0.9396266661975623,weber_holds
105,8,7,right,right,1.6982769085063787,weber_holds
106,8,7,right,right,1.533627489710859,weber_holds
107,8,7,right,right,1.0664884751584665,weber_holds
108,8,7,right,right,1.6857673761541283,weber_holds
109,8,7,right,right,2.4227802804966627,weber_holds
110,8,7,right,right,1.0984448287087627,weber_holds
111,8,8,right,right,1.0644859100681872,weber_holds
112,8,8,right,right,0.918064164358092,weber_holds
113,8,8,right,right,0.7626410816145766,weber_holds
114,8,8,right,right,1.5190843483891237,weber_holds
115,8,8,right,right,0.9995524121186208,weber_holds
116,8,8,right,right,1.0132638333055304,weber_holds
117,8,8,right,right,1.1031341741779488,weber_holds
118,8,8,right,right,1.4203356515809693,weber_holds
119,8,8,right,right,1.4261535542487274,weber_holds
120,8,8,right,right,0.9329298191200541,weber_holds
1,9,2,left,left,1.1352550168319724,weber_holds
2,9,2,left,left,0.7998903862197277,weber_holds
3,9,2,left,left,0.8492961321214516,weber_holds
4,9,2,left,left,0.8759715326470832,weber_holds
5,9,2,left,left,1.3534820274737829,weber_holds
6,9,2,left,left,0.8989887985622178,weber_holds
7,9,2,left,left,0.8370925003364615,weber_holds
8,9,2,left,left,0.936788607060024,weber_holds
9,9,2,left,left,1.1566396226892695,weber_holds
10,9,2,left,left,1.459393996097489,weber_holds
11,9,3,left,left,2.3234760153313996,weber_holds
12,9,3,left,left,1.3577014647610328,weber_holds
13,9,3,left,left,0.989611593562226,weber_holds
14,9,3,left,left,1.7695230073809791,weber_holds
15,9,3,left,right,1.097016379070917,weber_holds
16,9,3,left,left,1.6562643011531561,weber_holds
17,9,3,left,left,0.8905268655358194,weber_holds
18,9,3,left,left,1.5094821061833132,weber_holds
19,9,3,left,left,1.2271276439182872,weber_holds
20,9,3,left,left,1.2321617803541907,weber_holds
21,9,4,left,left,1.382357810301208,weber_holds
22,9,4,left,left,1.9738017435029602,weber_holds
23,9,4,left,left,1.8908755688615162,weber_holds
24,9,4,left,right,3.4774204579093273,weber_holds
25,9,4,left,left,1.4154922402223982,weber_holds
26,9,4,left,left,5.134585368363325,weber_holds
27,9,4,left,left,1.8878705626339092,weber_holds
28,9,4,left,left,2.0350117285529947,weber_holds
29,9,4,left,left,3.0204307005021387,weber_holds
30,9,4,left,left,2.1678670931231556,weber_holds
31,9,6,left,left,1.9112450357160509,weber_holds
32,9,6,left,left,1.645274267063072,weber_holds
33,9,6,left,left,2.442669875186059,weber_holds
34,9,6,left,left,1.900797627302242,weber_holds
35,9,6,left,left,2.482616760820466,weber_holds
36,9,6,left,left,3.254886884748593,weber_holds
37,9,6,left,left,1.897640540302296,weber_holds
38,9,6,left,left,2.203819911499163,weber_holds
39,9,6,left,left,2.3534430113087037,weber_holds
40,9,6,left,left,2.7626661025410044,weber_holds
41,9,7,left,left,1.0700673635448077,weber_holds
42,9,7,left,left,1.332519686585763,weber_holds
43,9,7,left,left,1.0027255324854762,weber_holds
44,9,7,left,left,1.2295741583370132,weber_holds
45,9,7,left,left,1.4202365993630206,weber_holds
46,9,7,left,left,1.0555381262055523,weber_holds
47,9,7,left,right,1.4422830445624069,weber_holds
48,9,7,left,left,1.7263215088979107,weber_holds
49,9,7,left,left,1.5179780539425267,weber_holds
50,9,7,left,left,1.382503557685819,weber_holds
51,9,8,left,left,1.4267120284237846,weber_holds
52,9,8,left,left,1.0143837360378791,weber_holds
53,9,8,left,left,1.4212712052866823,weber_holds
54,9,8,left,left,1.3342977894778936,weber_holds
55,9,8,left,left,1.0104602658446684,weber_holds
56,9,8,left,left,0.9366916275438915,weber_holds
57,9,8,left,left,1.7089126693218453,weber_holds
58,9,8,left,left,0.7908873252934758,weber_holds
59,9,8,left,left,0.8571311589068271,weber_holds
60,9,8,left,left,0.9147233615185604,weber_holds
61,9,2,right,right,0.857351661039683,weber_holds
62,9,2,right,right,1.1196907667898712,weber_holds
63,9,2,right,right,1.1060831668509448,weber_holds
64,9,2,right,right,1.2960823170931899,weber_holds
65,9,2,right,right,0.9462662334868841,weber_holds
66,9,2,right,right,0.7680746080464234,weber_holds
67,9,2,right,right,0.9072139058540118,weber_holds
68,9,2,right,right,0.8782417835669445,weber_holds
69,9,2,right,right,0.7419367562297361,weber_holds
70,9,2,right,right,1.027049198208883,weber_holds
71,9,3,right,left,2.5783045364137664,weber_holds
72,9,3,right,right,1.2087160044430891,weber_holds
73,9,3,right,right,1.254580315533529,weber_holds
74,9,3,right,right,1.4659245821903348,weber_holds
75,9,3,right,right,1.2091758386575882,weber_holds
76,9,3,right,right,1.8280063380718545,weber_holds
77,9,3,right,right,1.3689219445975673,weber_holds
78,9,3,right,right,1.0882147416976342,weber_holds
79,9,3,right,right,1.3388619450772932,weber_holds
80,9,3,right,right,1.2717227370229125,weber_holds
81,9,4,right,right,2.252721652840518,weber_holds
82,9,4,right,right,1.9752219763398886,weber_holds
83,9,4,right,right,2.4662498673197257,weber_holds
84,9,4,right,right,2.5159523758379727,weber_holds
85,9,4,right,left,2.308267400817488,weber_holds
86,9,4,right,right,2.131362747283344,weber_holds
87,9,4,right,left,2.21142708729134,weber_holds
88,9,4,right,right,1.9975489411106075,weber_holds
89,9,4,right,left,2.0387060750073918,weber_holds
90,9,4,right,right,2.3928239931838835,weber_holds
91,9,6,right,right,1.5646755325776545,weber_holds
92,9,6,right,right,2.588116114156865,weber_holds
93,9,6,right,left,3.4231168277667536,weber_holds
94,9,6,right,right,2.006402872880968,weber_holds
95,9,6,right,left,2.828080434173076,weber_holds
96,9,6,right,right,2.152595524514419,weber_holds
97,9,6,right,right,3.1851754473032168,weber_holds
98,9,6,right,right,1.7554720295322963,weber_holds
99,9,6,right,right,2.6384504357060456,weber_holds
100,9,6,right,right,1.9417178270052866,weber_holds
101,9,7,right,right,1.2260434212402593,weber_holds
102,9,7,right,right,1.39496316514375,weber_holds
103,9,7,right,right,1.4284233494649958,weber_holds
104,9,7,right,right,1.5156067573743879,weber_holds
105,9,7,right,right,1.9753153221665698,weber_holds
106,9,7,right,right,1.158949259549129,weber_holds
107,9,7,right,right,1.2465215984693867,weber_holds
108,9,7,right,right,1.7061816359393784,weber_holds
109,9,7,right,right,1.378413047634781,weber_holds
110,9,7,right,right,1.288483776949273,weber_holds
111,9,8,right,right,1.398906504407952,weber_holds
112,9,8,right,right,0.7093941116891367,weber_holds
113,9,8,right,right,0.86399580202033,weber_holds
114,9,8,right,right,0.8494610951776949,weber_holds
115,9,8,right,right,0.8026507468671629,weber_holds
116,9,8,right,right,0.9010527294041264,weber_holds
117,9,8,right,left,1.6906007429480459,weber_holds
118,9,8,right,right,0.9238602665827984,weber_holds
119,9,8,right,right,0.8814456409086922,weber_holds
120,9,8,right,right,0.7587629682870685,weber_holds
1,10,2,left,left,1.5614440107100822,weber_holds
2,10,2,left,right,1.287408740698342,weber_holds
3,10,2,left,left,0.9595066323386183,weber_holds
4,10,2,left,left,0.9837494920081673,weber_holds
5,10,2,left,left,1.1150740708782354,weber_holds
6,10,2,left,left,0.9781806825571548,weber_holds
7,10,2,left,left,1.5710637329314863,weber_holds
8,10,2,left,right,1.4969655350436262,weber_holds
9,10,2,left,left,1.5920271219758957,weber_holds
10,10,2,left,left,1.4511999071381294,weber_holds
11,10,3,left,left,1.2691804329355263,weber_holds
12,10,3,left,left,1.7387878264016847,weber_holds
13,10,3,left,left,1.2187217349990154,weber_holds
14,10,3,left,left,1.2929520648493102,weber_holds
15,10,3,left,left,1.2986370122257338,weber_holds
16,10,3,left,left,1.1409959584560423,weber_holds
17,10,3,left,left,1.525644223133734,weber_holds
18,10,3,left,left,1.4538753866902185,weber_holds
19,10,3,left,left,1.599622386756807,weber_holds
20,10,3,left,right,0.9666993560773554,weber_holds
21,10,4,left,left,1.8063252628784687,weber_holds
22,10,4,left,left,2.1955902905394153,weber_holds
23,10,4,left,left,1.5756354182597017,weber_holds
24,10,4,left,left,2.7401583053905787,weber_holds
25,10,4,left,left,2.349831620632282,weber_holds
26,10,4,left,right,2.1855570446708006,weber_holds
27,10,4,left,left,1.5874683197091144,weber_holds
28,10,4,left,right,1.5507809753445718,weber_holds
29,10,4,left,left,1.9556622593645827,weber_holds
30,10,4,left,right,1.7483586171893715,weber_holds
31,10,6,left,right,1.9055957511936539,weber_holds
32,10,6,left,left,2.1305738067920714,weber_holds
33,10,6,left,right,2.3754415909485824,weber_holds
34,10,6,left,left,2.113163333786405,weber_holds
35,10,6,left,left,1.3703758851789658,weber_holds
36,10,6,left,left,1.8530301842350365,weber_holds
37,10,6,left,left,1.848214174151497,weber_holds
38,10,6,left,right,3.0113806889928503,weber_holds
39,10,6,left,left,1.4793349335781525,weber_holds
40,10,6,left,right,2.0086081396124973,weber_holds
41,10,7,left,left,1.5440479119450137,weber_holds
42,10,7,left,left,1.2701084996801304,weber_holds
43,10,7,left,left,1.4816251668680607,weber_holds
44,10,7,left,left,1.9920373282517876,weber_holds
45,10,7,left,left,0.9869107211555017,weber_holds
46,10,7,left,left,1.1127422170593304,weber_holds
47,10,7,left,left,1.051492249606089,weber_holds
48,10,7,left,left,1.145811402506607,weber_holds
49,10,7,left,left,2.420071849477287,weber_holds
50,10,7,left,left,1.4601913248937801,weber_holds
51,10,8,left,left,1.1953500482464494,weber_holds
52,10,8,left,left,0.8426096122889841,weber_holds
53,10,8,left,left,1.0097299601364573,weber_holds
54,10,8,left,left,1.067826694124822,weber_holds
55,10,8,left,left,0.8258133870758986,weber_holds
56,10,8,left,left,1.7228574791801687,weber_holds
57,10,8,left,left,1.2471516162168506,weber_holds
58,10,8,left,left,0.7099532745939234,weber_holds
59,10,8,left,left,1.056595215853436,weber_holds
60,10,8,left,left,0.8180985145972699,weber_holds
61,10,2,right,right,1.037144301549402,weber_holds
62,10,2,right,right,1.4860297318036602,weber_holds
63,10,2,right,right,0.8792799216561495,weber_holds
64,10,2,right,right,1.3131645657259834,weber_holds
65,10,2,right,right,1.1059411980930904,weber_holds
66,10,2,right,right,0.7057732306999138,weber_holds
67,10,2,right,right,0.8186362261077536,weber_holds
68,10,2,right,right,2.1290858564354123,weber_holds
69,10,2,right,right,0.8258891767188072,weber_holds
70,10,2,right,right,1.229453976217551,weber_holds
71,10,3,right,right,1.1315649712150935,weber_holds
72,10,3,right,right,1.2570524448320788,weber_holds
73,10,3,right,right,1.1721619734922186,weber_holds
74,10,3,right,right,1.3303515195917628,weber_holds
75,10,3,right,right,1.374318366743062,weber_holds
76,10,3,right,right,1.65393658830722,weber_holds
77,10,3,right,right,1.2957419888485142,weber_holds
78,10,3,right,right,1.6324478899900376,weber_holds
79,10,3,right,left,1.3792526512725913,weber_holds
80,10,3,right,right,0.9647740936049722,weber_holds
81,10,4,right,right,1.8271988324493942,weber_holds
82,10,4,right,right,1.894445493464927,weber_holds
83,10,4,right,right,2.0570503801106472,weber_holds
84,10,4,right,right,2.13801256557398,weber_holds
85,10,4,right,right,2.6040945942526883,weber_holds
86,10,4,right,right,2.1228302253304183,weber_holds
87,10,4,right,right,2.0149697328679483,weber_holds
88,10,4,right,right,2.1117113412811515,weber_holds
89,10,4,right,right,2.5357390726719147,weber_holds
90,10,4,right,right,2.4669208695505342,weber_holds
91,10,6,right,right,1.75076901969954,weber_holds
92,10,6,right,right,1.4164548078922183,weber_holds
93,10,6,right,right,2.278665398711739,weber_holds
94,10,6,right,right,1.810629450555118,weber_holds
95,10,6,right,right,2.110996405315521,weber_holds
96,10,6,right,right,2.0593564153452157,weber_holds
97,10,6,right,right,2.0190912024905954,weber_holds
98,10,6,right,left,3.6950413282297196,weber_holds
99,10,6,right,right,2.248927006231524,weber_holds
100,10,6,right,right,2.795825220105584,weber_holds
101,10,7,right,right,1.3176440677092691,weber_holds
102,10,7,right,right,0.8277694977441032,weber_holds
103,10,7,right,right,1.3931521618537241,weber_holds
104,10,7,right,right,1.3834802294432078,weber_holds
105,10,7,right,right,1.7595349325616756,weber_holds
106,10,7,right,right,1.0062512691760102,weber_holds
107,10,7,right,left,1.1910145399788736,weber_holds
108,10,7,right,right,1.806274217856579,weber_holds
109,10,7,right,right,0.8805662634161993,weber_holds
110,10,7,right,right,1.2657755465486915,weber_holds
111,10,8,right,right,1.4240848605458052,weber_holds
112,10,8,right,right,1.0387484487616148,weber_holds
113,10,8,right,right,0.9108047597157691,weber_holds
114,10,8,right,right,1.066953945391676,weber_holds
115,10,8,right,right,1.1389293184775713,weber_holds
116,10,8,right,right,0.9551018441222496,weber_holds
117,10,8,right,right,0.9509145396396186,weber_holds
118,10,8,right,right,1.3391987015287639,weber_holds
119,10,8,right,right,0.8430525414622969,weber_holds
120,10,8,right,right,0.8739339821192007,weber_holds
1,11,2,left,left,0.8455410418834415,weber_holds
2,11,2,left,left,0.6762480198818499,weber_holds
3,11,2,left,left,0.8212724879937137,weber_holds
4,11,2,left,right,0.9981050414328554,weber_holds
5,11,2,left,left,1.5393426850088074,weber_holds
6,11,2,left,left,1.2050406717362945,weber_holds
7,11,2,left,left,0.6763227446671385,weber_holds
8,11,2,left,left,0.8363471991083062,weber_holds
9,11,2,left,left,0.8183249482312775,weber_holds
10,11,2,left,left,0.6352243803322355,weber_holds
11,11,3,left,left,1.6897285682030423,weber_holds
12,11,3,left,left,3.155500165417555,weber_holds
13,11,3,left,left,0.9814465350162196,weber_holds
14,11,3,left,left,0.9335691612614636,weber_holds
15,11,3,left,left,1.8694528262998664,weber_holds
16,11,3,left,left,2.4310849274447803,weber_holds
17,11,3,left,right,4.209998658572183,weber_holds
18,11,3,left,left,1.2217544094598485,weber_holds
19,11,3,left,left,1.3465465752375247,weber_holds
20,11,3,left,left,2.8425201484664853,weber_holds
21,11,4,left,left,2.206695373024154,weber_holds
22,11,4,left,left,1.6416089341444313,weber_holds
23,11,4,left,right,2.1519709142900685,weber_holds
24,11,4,left,left,2.524127994634006,weber_holds
25,11,4,left,right,2.255728524964738,weber_holds
26,11,4,left,left,2.8025075430179367,weber_holds
27,11,4,left,right,1.5137365674985062,weber_holds
28,11,4,left,left,1.8196727607174403,weber_holds
29,11,4,left,right,2.5749265389051526,weber_holds
30,11,4,left,left,1.8090996345188441,weber_holds
31,11,6,left,left,2.9277533315322786,weber_holds
32,11,6,left,right,2.579302040878326,weber_holds
33,11,6,left,left,1.849531281885707,weber_holds
34,11,6,left,right,2.1388195430714916,weber_holds
35,11,6,left,left,2.3350553097771622,weber_holds
36,11,6,left,left,1.7304242881679885,weber_holds
37,11,6,left,left,2.0056452559640454,weber_holds
38,11,6,left,left,3.5883091812984467,weber_holds
39,11,6,left,left,2.2417457331155517,weber_holds
40,11,6,left,left,2.3304635837068006,weber_holds
41,11,7,left,left,1.4209246594824723,weber_holds
42,11,7,left,left,1.4750556134121324,weber_holds
43,11,7,left,left,1.453013411812265,weber_holds
44,11,7,left,left,0.9901928699286258,weber_holds
45,11,7,left,left,1.223279383841552,weber_holds
46,11,7,left,left,1.1788810968278,weber_holds
47,11,7,left,left,1.415277387194059,weber_holds
48,11,7,left,left,1.2037185122743717,weber_holds
49,11,7,left,left,1.993630651812849,weber_holds
50,11,7,left,left,1.1501402260899178,weber_holds
51,11,8,left,left,1.3079562903746147,weber_holds
52,11,8,left,left,0.935620604778717,weber_holds
53,11,8,left,left,1.076673052614675,weber_holds
54,11,8,left,left,0.9135795231448205,weber_holds
55,11,8,left,left,1.3766035038075117,weber_holds
56,11,8,left,left,1.4841573335437384,weber_holds
57,11,8,left,left,1.6638731113786056,weber_holds
58,11,8,left,left,1.5420067276522833,weber_holds
59,11,8,left,left,1.3123969855592552,weber_holds
60,11,8,left,left,1.0141764439319978,weber_holds
61,11,2,right,right,1.4789417305363053,weber_holds
62,11,2,right,right,0.7556938919470759,weber_holds
63,11,2,right,right,2.0047771025095784,weber_holds
64,11,2,right,right,0.7589923990983467,weber_holds
65,11,2,right,right,0.8299770577675631,weber_holds
66,11,2,right,right,1.2466164060668097,weber_holds
67,11,2,right,right,0.680026797684324,weber_holds
68,11,2,right,right,0.8524126446299329,weber_holds
69,11,2,right,right,1.0416119685209064,weber_holds
70,11,2,right,right,0.8624723732852064,weber_holds
71,11,3,right,right,1.2846813472966172,weber_holds
72,11,3,right,right,2.356970403017965,weber_holds
73,11,3,right,right,1.2264918173288857,weber_holds
74,11,3,right,right,1.3622031173906013,weber_holds
75,11,3,right,right,1.3534600216397827,weber_holds
76,11,3,right,right,1.0808680533359765,weber_holds
77,11,3,right,right,1.5271627753655064,weber_holds
78,11,3,right,right,1.4157781881243197,weber_holds
79,11,3,right,right,1.6904902195278566,weber_holds
80,11,3,right,right,2.5030598622998625,weber_holds
81,11,4,right,right,2.8216505947987236,weber_holds
82,11,4,right,right,1.624812687316427,weber_holds
83,11,4,right,right,2.0799649789913413,weber_holds
84,11,4,right,right,3.02292091331801,weber_holds
85,11,4,right,right,2.8162454214919164,weber_holds
86,11,4,right,right,2.503333373988708,weber_holds
87,11,4,right,right,2.713841737814057,weber_holds
88,11,4,right,left,2.056407836426536,weber_holds
89,11,4,right,right,1.8986199584005035,weber_holds
90,11,4,right,right,1.9555354077662888,weber_holds
91,11,6,right,left,1.7548481751797864,weber_holds
92,11,6,right,right,3.0328154300411483,weber_holds
93,11,6,right,right,1.5068546365775088,weber_holds
94,11,6,right,right,1.8387146297761041,weber_holds
95,11,6,right,left,1.8570993522047428,weber_holds
96,11,6,right,left,2.8304610782434922,weber_holds
97,11,6,right,left,2.281002433767057,weber_holds
98,11,6,right,right,3.263241476008013,weber_holds
99,11,6,right,right,1.7755076562811942,weber_holds
100,11,6,right,right,1.9361833450571944,weber_holds
101,11,7,right,right,1.5958589604197633,weber_holds
102,11,7,right,right,1.4545378194696659,weber_holds
103,11,7,right,right,1.1379989167202889,weber_holds
104,11,7,right,right,1.059883741320693,weber_holds
105,11,7,right,right,1.9796840428138869,weber_holds
106,11,7,right,right,0.908545119205209,weber_holds
107,11,7,right,right,1.6900077614714177,weber_holds
108,11,7,right,right,1.4421702287359002,weber_holds
109,11,7,right,right,1.2734202328871795,weber_holds
110,11,7,right,left,2.3536908604538103,weber_holds
111,11,8,right,right,0.9920787205885466,weber_holds
112,11,8,right,right,0.7685103159153934,weber_holds
113,11,8,right,right,1.1131818154796242,weber_holds
114,11,8,right,right,0.9971424357352441,weber_holds
115,11,8,right,right,0.9513661734003769,weber_holds
116,11,8,right,right,0.7789069541541354,weber_holds
117,11,8,right,right,1.2936983371303243,weber_holds
118,11,8,right,right,1.9802978148157298,weber_holds
119,11,8,right,right,1.1594290155739633,weber_holds
120,11,8,right,right,0.9008555114061274,weber_holds
1,12,2,left,left,1.0970967752968002,weber_holds
2,12,2,left,left,0.9777761604763324,weber_holds
3,12,2,left,left,0.784973243277518,weber_holds
4,12,2,left,left,1.4630720343890398,weber_holds
5,12,2,left,left,1.4549115520576248,weber_holds
6,12,2,left,left,1.0641678985776526,weber_holds
7,12,2,left,left,1.0047952598324852,weber_holds
8,12,2,left,left,0.9915252739187621,weber_holds
9,12,2,left,left,1.0032860858266737,weber_holds
10,12,2,left,left,0.8060988588325488,weber_holds
11,12,3,left,left,1.3884605479573893,weber_holds
12,12,3,left,left,1.3790371954569238,weber_holds
13,12,3,left,left,1.400959762424326,weber_holds
14,12,3,left,left,1.7208148331126731,weber_holds
15,12,3,left,left,0.918944644245443,weber_holds
16,12,3,left,right,1.9774742316629916,weber_holds
17,12,3,left,left,0.9995805925531578,weber_holds
18,12,3,left,left,1.6009445644478337,weber_holds
19,12,3,left,left,1.0687744122212999,weber_holds
20,12,3,left,left,1.9443715237303236,weber_holds
21,12,4,left,left,2.559960484577396,weber_holds
22,12,4,left,left,1.6790178210293614,weber_holds
23,12,4,left,left,1.974137237156655,weber_holds
24,12,4,left,left,1.5207966739500145,weber_holds
25,12,4,left,left,1.6609477726579538,weber_holds
26,12,4,left,left,1.6329890207008877,weber_holds
27,12,4,left,left,2.2603504842509374,weber_holds
28,12,4,left,left,1.8337243306595388,weber_holds
29,12,4,left,left,2.3091058151907866,weber_holds
30,12,4,left,left,1.6917857631944662,weber_holds
31,12,6,left,right,2.6189931750403765,weber_holds
32,12,6,left,left,1.9447956843315506,weber_holds
33,12,6,left,left,2.507098553621693,weber_holds
34,12,6,left,right,2.2230270721883163,weber_holds
35,12,6,left,right,2.5405794922774523,weber_holds
36,12,6,left,left,1.9208666932320282,weber_holds
37,12,6,left,left,1.3914413537956796,weber_holds
38,12,6,left,left,2.4598476305943113,weber_holds
39,12,6,left,right,3.958259370249229,weber_holds
40,12,6,left,left,3.1067488609014786,weber_holds
41,12,7,left,left,1.321504360065221,weber_holds
42,12,7,left,left,1.4004758076610246,weber_holds
43,12,7,left,left,1.1584001930962884,weber_holds
44,12,7,left,left,1.410766255689819,weber_holds
45,12,7,left,left,1.1445950045404685,weber_holds
46,12,7,left,left,1.3879728469181283,weber_holds
47,12,7,left,left,1.198401274940769,weber_holds
48,12,7,left,left,1.4684876284846402,weber_holds
49,12,7,left,left,2.0121701556324636,weber_holds
50,12,7,left,left,1.5915607495986819,weber_holds
51,12,8,left,left,0.7708761567621063,weber_holds
52,12,8,left,left,1.0596178795932616,weber_holds
53,12,8,left,left,0.7165617147044341,weber_holds
54,12,8,left,left,1.2292346339054894,weber_holds
55,12,8,left,left,0.9500039184969253,weber_holds
56,12,8,left,left,0.9393071574337577,weber_holds
57,12,8,left,left,1.104821660005766,weber_holds
58,12,8,left,left,0.9453415339313844,weber_holds
59,12,8,left,left,0.8142756522134156,weber_holds
60,12,8,left,left,1.3394184237530968,weber_holds
61,12,2,right,right,0.8026982722289822,weber_holds
62,12,2,right,right,1.410522378700224,weber_holds
63,12,2,right,right,0.8627183169100607,weber_holds
64,12,2,right,right,0.7717440928672785,weber_holds
65,12,2,right,right,1.1488046193664032,weber_holds
66,12,2,right,right,0.8491191986712603,weber_holds
67,12,2,right,right,1.5998751737283976,weber_holds
68,12,2,right,right,0.865884864041234,weber_holds
69,12,2,right,right,1.0089247501990422,weber_holds
70,12,2,right,right,1.0124835756543957,weber_holds
71,12,3,right,right,1.2506448700507669,weber_holds
72,12,3,right,right,2.0275486866467736,weber_holds
73,12,3,right,right,2.3210401921492796,weber_holds
74,12,3,right,right,2.3671152919912877,weber_holds
75,12,3,right,right,2.5485145671447333,weber_holds
76,12,3,right,right,1.6617911719810012,weber_holds
77,12,3,right,right,1.4654971066401654,weber_holds
78,12,3,right,left,3.760747975536637,weber_holds
79,12,3,right,right,1.4970749828866785,weber_holds
80,12,3,right,right,1.6521166249881603,weber_holds
81,12,4,right,right,2.0079346469639607,weber_holds
82,12,4,right,right,2.2333338260448232,weber_holds
83,12,4,right,right,2.1449308538170726,weber_holds
84,12,4,right,right,2.0602960391798164,weber_holds
85,12,4,right,left,3.0473062176235253,weber_holds
86,12,4,right,left,2.663649001875955,weber_holds
87,12,4,right,left,2.334919435325025,weber_holds
88,12,4,right,right,2.488734790956693,weber_holds
89,12,4,right,right,2.002596611673418,weber_holds
90,12,4,right,right,3.550225687669486,weber_holds
91,12,6,right,right,1.601648192821139,weber_holds
92,12,6,right,right,1.8184954108213305,weber_holds
93,12,6,right,right,1.5934445524799685,weber_holds
94,12,6,right,left,1.5783126876929297,weber_holds
95,12,6,right,right,2.8662775111816843,weber_holds
96,12,6,right,right,2.511114774549714,weber_holds
97,12,6,right,right,1.9531283612324082,weber_holds
98,12,6,right,right,2.281299358021339,weber_holds
99,12,6,right,right,2.3416537887911937,weber_holds
100,12,6,right,right,2.25993348461318,weber_holds
101,12,7,right,left,1.2371263515418987,weber_holds
102,12,7,right,right,1.2103171037712974,weber_holds
103,12,7,right,right,0.9246588568531682,weber_holds
104,12,7,right,right,1.3355461657829613,weber_holds
105,12,7,right,right,2.173680286760538,weber_holds
106,12,7,right,right,1.7936271706967677,weber_holds
107,12,7,right,right,2.256143842611268,weber_holds
108,12,7,right,right,1.8482024472697651,weber_holds
109,12,7,right,right,1.104921113993634,weber_holds
110,12,7,right,right,1.2004110553269516,weber_holds
111,12,8,right,right,0.9153968754273916,weber_holds
112,12,8,right,right,1.0984405167832634,weber_holds
113,12,8,right,right,1.4616412162054908,weber_holds
114,12,8,right,right,0.6981988935997169,weber_holds
115,12,8,right,right,1.3200077590951451,weber_holds
116,12,8,right,right,1.457368854562815,weber_holds
117,12,8,right,right,0.8305627535946685,weber_holds
118,12,8,right,right,0.8708677623173067,weber_holds
119,12,8,right,right,1.6046321680448705,weber_holds
120,12,8,right,right,0.7889007141605775,weber_holds
1,13,2,left,left,1.0664681601462274,weber_holds
2,13,2,left,left,0.8106049129441766,weber_holds
3,13,2,left,left,1.2422894111598437,weber_holds
4,13,2,left,left,0.867204937001747,weber_holds
5,13,2,left,left,1.4180528815007047,weber_holds
6,13,2,left,left,0.9981723197654531,weber_holds
7,13,2,left,left,2.3117457804852553,weber_holds
8,13,2,left,left,0.9572206023848562,weber_holds
9,13,2,left,left,0.7130166402270677,weber_holds
10,13,2,left,left,1.4103050185991781,weber_holds
11,13,3,left,left,1.762983798499917,weber_holds
12,13,3,left,right,1.0923166360041752,weber_holds
13,13,3,left,left,1.189539403981469,weber_holds
14,13,3,left,left,1.202671901290001,weber_holds
15,13,3,left,left,0.9879913807994904,weber_holds
16,13,3,left,left,1.6089015765938155,weber_holds
17,13,3,left,left,1.3236247683803655,weber_holds
18,13,3,left,left,1.128008172511113,weber_holds
19,13,3,left,right,1.4872424430644056,weber_holds
20,13,3,left,left,1.26645772913309,weber_holds
21,13,4,left,left,1.863983956586792,weber_holds
22,13,4,left,right,1.8482712142159485,weber_holds
23,13,4,left,right,2.0498337529988375,weber_holds
24,13,4,left,left,1.8881753760068924,weber_holds
25,13,4,left,left,2.4689378200896774,weber_holds
26,13,4,left,left,2.120300971582648,weber_holds
27,13,4,left,left,1.590285331347614,weber_holds
28,13,4,left,left,2.1017015659659095,weber_holds
29,13,4,left,left,2.97358620918564,weber_holds
30,13,4,left,right,2.199823384023131,weber_holds
31,13,6,left,right,2.878620731508405,weber_holds
32,13,6,left,left,1.9297298292605611,weber_holds
33,13,6,left,left,1.9575329566147257,weber_holds
34,13,6,left,left,2.2894846362638117,weber_holds
35,13,6,left,left,2.43362487542958,weber_holds
36,13,6,left,left,2.157315867033832,weber_holds
37,13,6,left,left,2.393068427897583,weber_holds
38,13,6,left,right,2.1412280957950753,weber_holds
39,13,6,left,right,3.536985807174378,weber_holds
40,13,6,left,right,2.1289301177080486,weber_holds
41,13,7,left,left,1.074536636781846,weber_holds
42,13,7,left,left,1.092159086320051,weber_holds
43,13,7,left,left,1.6141397865534757,weber_holds
44,13,7,left,left,1.380710141665245,weber_holds
45,13,7,left,left,1.835526934322899,weber_holds
46,13,7,left,left,1.273342681218678,weber_holds
47,13,7,left,left,1.1337436027535406,weber_holds
48,13,7,left,left,1.254185847629152,weber_holds
49,13,7,left,right,3.0147749996481865,weber_holds
50,13,7,left,left,1.6240455493101096,weber_holds
51,13,8,left,left,1.7285155348356278,weber_holds
52,13,8,left,left,0.6735571576348167,weber_holds
53,13,8,left,left,1.3243278497813327,weber_holds
54,13,8,left,left,0.7499861572946112,weber_holds
55,13,8,left,left,1.01443348234571,weber_holds
56,13,8,left,left,1.7936890873889932,weber_holds
57,13,8,left,left,1.4083163258362144,weber_holds
58,13,8,left,left,0.9392491881281835,weber_holds
59,13,8,left,left,1.011279065575572,weber_holds
60,13,8,left,left,0.9597161680936952,weber_holds
61,13,2,right,right,0.7630668876653459,weber_holds
62,13,2,right,right,0.8749576774677668,weber_holds
63,13,2,right,right,0.7387792914311706,weber_holds
64,13,2,right,right,1.4525407151846765,weber_holds
65,13,2,right,right,1.5435599392384711,weber_holds
66,13,2,right,right,0.8613424293426593,weber_holds
67,13,2,right,right,0.8451872916286767,weber_holds
68,13,2,right,right,1.0201148411054402,weber_holds
69,13,2,right,right,0.9435159387984895,weber_holds
70,13,2,right,right,1.021760852603378,weber_holds
71,13,3,right,right,1.2244650706942735,weber_holds
72,13,3,right,right,1.7891613930244332,weber_holds
73,13,3,right,right,2.298224393030015,weber_holds
74,13,3,right,right,0.9498060727105073,weber_holds
75,13,3,right,right,1.3022206009682395,weber_holds
76,13,3,right,right,1.0280552833585752,weber_holds
77,13,3,right,right,1.2552232953599702,weber_holds
78,13,3,right,right,2.9891717445358927,weber_holds
79,13,3,right,right,1.1187002206873802,weber_holds
80,13,3,right,right,2.2122800041664106,weber_holds
81,13,4,right,right,2.267667595175092,weber_holds
82,13,4,right,right,5.6220799205418155,weber_holds
83,13,4,right,right,1.8584170191044898,weber_holds
84,13,4,right,left,1.978449885701626,weber_holds
85,13,4,right,right,1.383872463603446,weber_holds
86,13,4,right,right,1.8298510760673323,weber_holds
87,13,4,right,left,2.133109482479524,weber_holds
88,13,4,right,right,1.942302453921192,weber_holds
89,13,4,right,left,2.963762409312569,weber_holds
90,13,4,right,right,2.5879009718952934,weber_holds
91,13,6,right,right,2.307550344713243,weber_holds
92,13,6,right,right,2.0683252626815927,weber_holds
93,13,6,right,left,3.0121462359217888,weber_holds
94,13,6,right,right,1.5309827956878557,weber_holds
95,13,6,right,right,2.036160515367574,weber_holds
96,13,6,right,right,5.5177776633407385,weber_holds
97,13,6,right,right,2.2588148547988864,weber_holds
98,13,6,right,right,2.2530010950497736,weber_holds
99,13,6,right,left,2.4227595300800067,weber_holds
100,13,6,right,right,2.2351931212256977,weber_holds
101,13,7,right,right,1.0879279080996,weber_holds
102,13,7,right,left,3.228284285023849,weber_holds
103,13,7,right,left,1.7140885593878992,weber_holds
104,13,7,right,right,1.6514465735669963,weber_holds
105,13,7,right,right,1.704226451421389,weber_holds
106,13,7,right,right,1.9303559348425823,weber_holds
107,13,7,right,right,1.0176056346566713,weber_holds
108,13,7,right,right,1.460369582853881,weber_holds
109,13,7,right,right,1.4194790993943829,weber_holds
110,13,7,right,right,1.1984793916837517,weber_holds
111,13,8,right,right,0.8270930974695356,weber_holds
112,13,8,right,right,1.1062033170712626,weber_holds
113,13,8,right,right,1.0350285793266545,weber_holds
114,13,8,right,right,0.9968814259521197,weber_holds
115,13,8,right,right,1.0531201139543716,weber_holds
116,13,8,right,right,1.2095708213785719,weber_holds
117,13,8,right,right,1.043657518864517,weber_holds
118,13,8,right,right,1.0805103092498458,weber_holds
119,13,8,right,right,1.3831562008066602,weber_holds
120,13,8,right,left,1.5980601157325625,weber_holds
1,14,2,left,left,1.4408338570727741,weber_holds
2,14,2,left,left,0.7696869066332999,weber_holds
3,14,2,left,left,0.930631568066729,weber_holds
4,14,2,left,left,0.8398186421158447,weber_holds
5,14,2,left,right,3.21300869359171,weber_holds
6,14,2,left,left,0.9899715469084238,weber_holds
7,14,2,left,right,1.1004796140373212,weber_holds
8,14,2,left,left,0.9053666582195727,weber_holds
9,14,2,left,left,1.0855500436720766,weber_holds
10,14,2,left,left,0.6636851728949107,weber_holds
11,14,3,left,left,1.0040469293485268,weber_holds
12,14,3,left,left,1.2580495757434897,weber_holds
13,14,3,left,left,1.7026323292470724,weber_holds
14,14,3,left,left,1.6655621876115234,weber_holds
15,14,3,left,left,1.0888666377372604,weber_holds
16,14,3,left,left,1.6460410710563342,weber_holds
17,14,3,left,right,1.0382202027784273,weber_holds
18,14,3,left,left,1.2680253402969264,weber_holds
19,14,3,left,right,1.407606496030069,weber_holds
20,14,3,left,left,1.4551046554191867,weber_holds
21,14,4,left,right,2.833210043579341,weber_holds
22,14,4,left,left,1.8421977877921412,weber_holds
23,14,4,left,left,2.4091537013385094,weber_holds
24,14,4,left,left,1.8826965405502927,weber_holds
25,14,4,left,left,1.467597875754108,weber_holds
26,14,4,left,left,1.9386659975865932,weber_holds
27,14,4,left,left,2.863126676852514,weber_holds
28,14,4,left,left,2.056899031102158,weber_holds
29,14,4,left,left,1.8612990892882082,weber_holds
30,14,4,left,left,1.5930422046589747,weber_holds
31,14,6,left,left,1.7722212375459199,weber_holds
32,14,6,left,right,2.038695866654823,weber_holds
33,14,6,left,left,1.9751770910775166,weber_holds
34,14,6,left,right,4.079296564611159,weber_holds
35,14,6,left,right,2.2088749733001727,weber_holds
36,14,6,left,left,2.2501159510915016,weber_holds
37,14,6,left,left,1.4301256311826753,weber_holds
38,14,6,left,right,2.312420568287728,weber_holds
39,14,6,left,right,1.7187772869386215,weber_holds
40,14,6,left,left,2.687163025564657,weber_holds
41,14,7,left,left,1.8244913608408084,weber_holds
42,14,7,left,left,1.6732264801977836,weber_holds
43,14,7,left,left,1.1608175653418684,weber_holds
44,14,7,left,left,1.2325414285898884,weber_holds
45,14,7,left,right,1.4914658194031987,weber_holds
46,14,7,left,left,1.760146836241989,weber_holds
47,14,7,left,right,1.4323751479266187,weber_holds
48,14,7,left,left,0.9984259052568931,weber_holds
49,14,7,left,left,1.4236299132614378,weber_holds
50,14,7,left,right,2.5334263891156743,weber_holds
51,14,8,left,left,0.6742692936553072,weber_holds
52,14,8,left,right,1.1904982991713782,weber_holds
53,14,8,left,left,1.0121850650739503,weber_holds
54,14,8,left,left,1.3511312147678447,weber_holds
55,14,8,left,left,1.4112370958705651,weber_holds
56,14,8,left,left,0.693439150128524,weber_holds
57,14,8,left,left,0.6469078448999421,weber_holds
58,14,8,left,left,0.8677742272751581,weber_holds
59,14,8,left,left,1.1295378955851432,weber_holds
60,14,8,left,left,0.827038601683443,weber_holds
61,14,2,right,right,0.6581265120035632,weber_holds
62,14,2,right,right,0.8614408048106232,weber_holds
63,14,2,right,right,1.291808529012762,weber_holds
64,14,2,right,left,1.163532411141594,weber_holds
65,14,2,right,right,1.0010860812116547,weber_holds
66,14,2,right,right,0.980532452665642,weber_holds
67,14,2,right,left,1.4729055330234664,weber_holds
68,14,2,right,right,0.8913581820085483,weber_holds
69,14,2,right,right,0.7776089967090585,weber_holds
70,14,2,right,right,0.813021370451803,weber_holds
71,14,3,right,right,2.3823554601004466,weber_holds
72,14,3,right,left,1.3804700275379544,weber_holds
73,14,3,right,right,1.3295950857064007,weber_holds
74,14,3,right,left,2.167911619904316,weber_holds
75,14,3,right,right,0.987973967467547,weber_holds
76,14,3,right,right,1.3874724371646,weber_holds
77,14,3,right,left,1.6304254931123017,weber_holds
78,14,3,right,right,1.3599571734924742,weber_holds
79,14,3,right,right,0.9532001973762094,weber_holds
80,14,3,right,left,1.3900585595831536,weber_holds
81,14,4,right,right,2.0194623316986675,weber_holds
82,14,4,right,right,1.9152839685231173,weber_holds
83,14,4,right,right,2.2843166926101213,weber_holds
84,14,4,right,right,2.123342830181672,weber_holds
85,14,4,right,right,1.9100032897052623,weber_holds
86,14,4,right,right,1.7078916331821663,weber_holds
87,14,4,right,right,2.8473202481040074,weber_holds
88,14,4,right,right,3.884722410522389,weber_holds
89,14,4,right,left,2.0311977022818652,weber_holds
90,14,4,right,left,2.613540877484202,weber_holds
91,14,6,right,right,2.361604284097102,weber_holds
92,14,6,right,right,1.932909454786386,weber_holds
93,14,6,right,right,2.660409271968307,weber_holds
94,14,6,right,right,2.9689241592719107,weber_holds
95,14,6,right,right,2.0623698007739515,weber_holds
96,14,6,right,right,1.799320673092919,weber_holds
97,14,6,right,right,2.1015836413858557,weber_holds
98,14,6,right,right,2.3367317979282745,weber_holds
99,14,6,right,left,1.7068303400341909,weber_holds
100,14,6,right,right,2.537641456290211,weber_holds
101,14,7,right,right,1.2832173230249744,weber_holds
102,14,7,right,right,1.771608465438473,weber_holds
103,14,7,right,right,1.4168315847207182,weber_holds
104,14,7,right,right,1.6249696049863704,weber_holds
105,14,7,right,right,1.103759068650273,weber_holds
106,14,7,right,right,1.0847629254654667,weber_holds
107,14,7,right,right,1.7945917519944607,weber_holds
108,14,7,right,right,1.6215960738697797,weber_holds
109,14,7,right,right,1.2490571616302495,weber_holds
110,14,7,right,right,1.2672338570387223,weber_holds
111,14,8,right,right,1.7368465121354497,weber_holds
112,14,8,right,right,2.076483510675667,weber_holds
113,14,8,right,right,0.8848326735591756,weber_holds
114,14,8,right,right,0.9933350696145395,weber_holds
115,14,8,right,right,1.1934258747372835,weber_holds
116,14,8,right,right,1.229858871032622,weber_holds
117,14,8,right,right,0.8441308539912977,weber_holds
118,14,8,right,right,0.8430905254425427,weber_holds
119,14,8,right,right,1.2835193629838924,weber_holds
120,14,8,right,right,1.2411537757001996,weber_holds
1,15,2,left,left,0.999189051452414,weber_holds
2,15,2,left,left,0.8133308500072409,weber_holds
3,15,2,left,left,0.9782164232184292,weber_holds
4,15,2,left,left,0.7596628832652177,weber_holds
5,15,2,left,left,0.9876490957557769,weber_holds
6,15,2,left,left,0.7712632300765854,weber_holds
7,15,2,left,left,1.2028410671168313,weber_holds
8,15,2,left,left,0.8991831109516213,weber_holds
9,15,2,left,left,1.4529742206910654,weber_holds
10,15,2,left,left,1.001819532538449,weber_holds
11,15,3,left,left,1.2881622108195196,weber_holds
12,15,3,left,right,1.3012019082389872,weber_holds
13,15,3,left,left,2.370117298199307,weber_holds
14,15,3,left,left,1.7352178606946338,weber_holds
15,15,3,left,left,1.3407019716793325,weber_holds
16,15,3,left,right,1.3918694674818235,weber_holds
17,15,3,left,left,1.4213536023419517,weber_holds
18,15,3,left,left,1.240817556956312,weber_holds
19,15,3,left,left,1.3669288598379497,weber_holds
20,15,3,left,left,1.186415897655925,weber_holds
21,15,4,left,left,2.082812962035031,weber_holds
22,15,4,left,right,1.856113274149482,weber_holds
23,15,4,left,left,2.3789959400621226,weber_holds
24,15,4,left,left,3.4063302148171895,weber_holds
25,15,4,left,right,2.336618243623118,weber_holds
26,15,4,left,right,2.2927312708337135,weber_holds
27,15,4,left,left,1.9402977725431467,weber_holds
28,15,4,left,right,2.266048676107286,weber_holds
29,15,4,left,left,2.1743303281463695,weber_holds
30,15,4,left,left,3.1279479056472153,weber_holds
31,15,6,left,left,2.560271990888733,weber_holds
32,15,6,left,left,2.6671326263901594,weber_holds
33,15,6,left,left,1.9384920465990303,weber_holds
34,15,6,left,right,2.314732475343339,weber_holds
35,15,6,left,left,1.8778126679890355,weber_holds
36,15,6,left,right,2.558736936175487,weber_holds
37,15,6,left,left,2.704558978638176,weber_holds
38,15,6,left,left,2.0880312491495028,weber_holds
39,15,6,left,left,2.447559944869631,weber_holds
40,15,6,left,left,2.3955396827778053,weber_holds
41,15,7,left,left,1.2780068381779077,weber_holds
42,15,7,left,left,6.902875216291844,weber_holds
43,15,7,left,right,2.0512853771992448,weber_holds
44,15,7,left,left,1.400010139167357,weber_holds
45,15,7,left,left,1.1706214500736885,weber_holds
46,15,7,left,left,1.0799952207416912,weber_holds
47,15,7,left,left,0.8819246128191716,weber_holds
48,15,7,left,left,1.1644328149331513,weber_holds
49,15,7,left,left,1.5563116690160048,weber_holds
50,15,7,left,left,1.7222562743689933,weber_holds
51,15,8,left,left,1.1808607477884805,weber_holds
52,15,8,left,left,0.8169043619945198,weber_holds
53,15,8,left,left,0.9230029461862777,weber_holds
54,15,8,left,left,0.798223405853997,weber_holds
55,15,8,left,left,0.8437449534763108,weber_holds
56,15,8,left,left,1.0110267578409584,weber_holds
57,15,8,left,right,1.2886515005199795,weber_holds
58,15,8,left,left,0.8810885984865915,weber_holds
59,15,8,left,left,1.0727310567314239,weber_holds
60,15,8,left,left,0.9431139086615885,weber_holds
61,15,2,right,right,1.0895157887943707,weber_holds
62,15,2,right,right,0.8884970617410983,weber_holds
63,15,2,right,right,0.9109252630889899,weber_holds
64,15,2,right,right,1.0251377001962345,weber_holds
65,15,2,right,right,0.743406345987359,weber_holds
66,15,2,right,right,1.0982861887060178,weber_holds
67,15,2,right,right,1.0333646630744533,weber_holds
68,15,2,right,right,1.0816936967471658,weber_holds
69,15,2,right,right,0.8229061453486366,weber_holds
70,15,2,right,right,1.0145608423892234,weber_holds
71,15,3,right,right,0.9917898819958022,weber_holds
72,15,3,right,right,5.461079358054937,weber_holds
73,15,3,right,right,1.8730960931077503,weber_holds
74,15,3,right,left,2.282798374178868,weber_holds
75,15,3,right,right,2.2095072529243533,weber_holds
76,15,3,right,right,1.173311402932591,weber_holds
77,15,3,right,right,1.1239891741342043,weber_holds
78,15,3,right,right,1.223788433411688,weber_holds
79,15,3,right,right,1.1857600346780264,weber_holds
80,15,3,right,right,1.4641929419808586,weber_holds
81,15,4,right,right,2.6444426844450497,weber_holds
82,15,4,right,right,1.9751631688926496,weber_holds
83,15,4,right,left,1.851641163501114,weber_holds
84,15,4,right,right,1.904209348343555,weber_holds
85,15,4,right,right,3.0425327710014227,weber_holds
86,15,4,right,right,3.0605669328920735,weber_holds
87,15,4,right,right,1.793037083824224,weber_holds
88,15,4,right,right,2.1105298100466743,weber_holds
89,15,4,right,right,1.6455978762937613,weber_holds
90,15,4,right,left,2.4729173128292317,weber_holds
91,15,6,right,right,2.4176687085154143,weber_holds
92,15,6,right,right,2.7181113773514927,weber_holds
93,15,6,right,right,1.3050631597968285,weber_holds
94,15,6,right,right,2.1764656364512924,weber_holds
95,15,6,right,right,2.350023380219079,weber_holds
96,15,6,right,right,1.4464645736845319,weber_holds
97,15,6,right,left,2.649098434512276,weber_holds
98,15,6,right,right,1.7281493454799663,weber_holds
99,15,6,right,right,1.4366796499987033,weber_holds
100,15,6,right,right,2.0208207086230976,weber_holds
101,15,7,right,right,1.7467930308437611,weber_holds
102,15,7,right,right,1.3995305569123346,weber_holds
103,15,7,right,right,1.0698596285406856,weber_holds
104,15,7,right,right,1.336989215001621,weber_holds
105,15,7,right,right,1.1908948430729145,weber_holds
106,15,7,right,right,0.9533871946379628,weber_holds
107,15,7,right,left,1.4464692761409805,weber_holds
108,15,7,right,right,1.1327577800101964,weber_holds
109,15,7,right,right,1.4583128864211652,weber_holds
110,15,7,right,right,1.4801602585648952,weber_holds
111,15,8,right,right,0.8148886114931482,weber_holds
112,15,8,right,right,0.9119988817646101,weber_holds
113,15,8,right,right,1.0394184637940385,weber_holds
114,15,8,right,right,0.856314106422968,weber_holds
115,15,8,right,right,0.7438644359720843,weber_holds
116,15,8,right,right,0.9222431117724335,weber_holds
117,15,8,right,right,0.7583675633679205,weber_holds
118,15,8,right,right,1.6529193335304764,weber_holds
119,15,8,right,right,0.9685270897290423,weber_holds
120,15,8,right,right,0.6832669920450757,weber_holds
1,16,2,left,left,1.0862336951418001,weber_holds
2,16,2,left,left,0.8629721166724245,weber_holds
3,16,2,left,left,1.8733631868315133,weber_holds
4,16,2,left,left,0.8413879527640522,weber_holds
5,16,2,left,left,0.9699490852504182,weber_holds
6,16,2,left,left,0.9924188094613857,weber_holds
7,16,2,left,left,1.0635549172002736,weber_holds
8,16,2,left,left,0.8382364815908598,weber_holds
9,16,2,left,left,1.3419983411444962,weber_holds
10,16,2,left,left,0.8377071631114092,weber_holds
11,16,3,left,left,0.9946151987244676,weber_holds
12,16,3,left,left,1.1250464146152597,weber_holds
13,16,3,left,left,3.098138603822656,weber_holds
14,16,3,left,left,1.2827858832436851,weber_holds
15,16,3,left,left,1.2204608211866332,weber_holds
16,16,3,left,right,1.159530439039871,weber_holds
17,16,3,left,left,1.6318364794148283,weber_holds
18,16,3,left,left,2.0160845576294504,weber_holds
19,16,3,left,right,2.32129026077242,weber_holds
20,16,3,left,left,1.5069633117184642,weber_holds
21,16,4,left,left,1.3688065970969223,weber_holds
22,16,4,left,left,2.4499639893403304,weber_holds
23,16,4,left,right,1.6332733379950877,weber_holds
24,16,4,left,left,1.3764931764090136,weber_holds
25,16,4,left,left,1.3983056454012968,weber_holds
26,16,4,left,left,1.6772248826016882,weber_holds
27,16,4,left,right,1.5203409034263207,weber_holds
28,16,4,left,left,1.9843712269219504,weber_holds
29,16,4,left,left,1.7764872493275503,weber_holds
30,16,4,left,left,3.537931528960215,weber_holds
31,16,6,left,left,2.773529138920539,weber_holds
32,16,6,left,left,1.490004724497166,weber_holds
33,16,6,left,left,1.6447746837452704,weber_holds
34,16,6,left,left,2.3552887156145688,weber_holds
35,16,6,left,left,1.766943856302622,weber_holds
36,16,6,left,right,1.8391592718833714,weber_holds
37,16,6,left,left,1.560361365345659,weber_holds
38,16,6,left,left,2.209433563254125,weber_holds
39,16,6,left,left,3.382507223711113,weber_holds
40,16,6,left,left,1.5730809424090502,weber_holds
41,16,7,left,left,1.9748653064994237,weber_holds
42,16,7,left,left,1.1023145548856792,weber_holds
43,16,7,left,left,1.5272125808649013,weber_holds
44,16,7,left,right,1.511291164530969,weber_holds
45,16,7,left,right,1.4978025500333318,weber_holds
46,16,7,left,left,1.42618226962449,weber_holds
47,16,7,left,left,0.9635669705318146,weber_holds
48,16,7,left,left,1.5261916685883112,weber_holds
49,16,7,left,right,1.5781877283564865,weber_holds
50,16,7,left,left,1.3411979865514958,weber_holds
51,16,8,left,left,0.841577178473536,weber_holds
52,16,8,left,left,1.090595332765845,weber_holds
53,16,8,left,left,1.551506624563875,weber_holds
54,16,8,left,right,2.3399238969251948,weber_holds
55,16,8,left,left,0.9245596083742567,weber_holds
56,16,8,left,left,0.7566370523620547,weber_holds
57,16,8,left,left,0.6388326125679809,weber_holds
58,16,8,left,left,1.2159278571309968,weber_holds
59,16,8,left,left,0.8506063170370379,weber_holds
60,16,8,left,left,1.0548925751229936,weber_holds
61,16,2,right,right,0.9075576451159681,weber_holds
62,16,2,right,right,0.915696037513712,weber_holds
63,16,2,right,right,1.4320181410246482,weber_holds
64,16,2,right,right,1.1340035689070014,weber_holds
65,16,2,right,right,0.9585604865927626,weber_holds
66,16,2,right,right,1.0188931787157887,weber_holds
67,16,2,right,right,0.9447201214443857,weber_holds
68,16,2,right,right,0.8278331488848998,weber_holds
69,16,2,right,right,1.1749780732224013,weber_holds
70,16,2,right,right,1.0322349905656347,weber_holds
71,16,3,right,right,1.6895885505613357,weber_holds
72,16,3,right,left,2.496760425822595,weber_holds
73,16,3,right,right,1.4031869495780502,weber_holds
74,16,3,right,right,1.3736165228002497,weber_holds
75,16,3,right,right,1.8775255794907353,weber_holds
76,16,3,right,right,1.0697745680676967,weber_holds
77,16,3,right,right,1.47657883987981,weber_holds
78,16,3,right,right,2.0314838459665205,weber_holds
79,16,3,right,right,1.3867523292408424,weber_holds
80,16,3,right,right,1.7523450957014899,weber_holds
81,16,4,right,right,2.1851619515401786,weber_holds
82,16,4,right,right,3.2946351223915826,weber_holds
83,16,4,right,right,1.360488133603625,weber_holds
84,16,4,right,right,1.9340015589989552,weber_holds
85,16,4,right,right,2.0548001635045474,weber_holds
86,16,4,right,right,6.111451586566941,weber_holds
87,16,4,right,right,2.2127780641854065,weber_holds
88,16,4,right,left,2.739166944753109,weber_holds
89,16,4,right,right,1.7502766269805086,weber_holds
90,16,4,right,left,1.4779642297656332,weber_holds
91,16,6,right,right,1.4298637421496052,weber_holds
92,16,6,right,right,3.1283529808057104,weber_holds
93,16,6,right,right,2.7167368576255173,weber_holds
94,16,6,right,left,1.7399587815728426,weber_holds
95,16,6,right,left,2.9994585456761023,weber_holds
96,16,6,right,right,2.227872117388384,weber_holds
97,16,6,right,right,1.9257163075878325,weber_holds
98,16,6,right,right,1.6857918037407436,weber_holds
99,16,6,right,right,1.9617813145154157,weber_holds
100,16,6,right,left,2.6866503634375523,weber_holds
101,16,7,right,right,1.8485427501780185,weber_holds
102,16,7,right,right,1.1086643819883062,weber_holds
103,16,7,right,right,1.165673529607634,weber_holds
104,16,7,right,right,1.383844160944557,weber_holds
105,16,7,right,right,1.4708570684021387,weber_holds
106,16,7,right,left,1.2910653573375528,weber_holds
107,16,7,right,right,0.9120172101581094,weber_holds
108,16,7,right,right,1.1939788320973421,weber_holds
109,16,7,right,right,0.8329288141954683,weber_holds
110,16,7,right,right,1.3284768060502004,weber_holds
111,16,8,right,right,0.8248349904460643,weber_holds
112,16,8,right,left,1.1787679268601094,weber_holds
113,16,8,right,right,2.428826619203985,weber_holds
114,16,8,right,right,0.9221725478805707,weber_holds
115,16,8,right,right,1.0213842191744347,weber_holds
116,16,8,right,right,1.103362543260203,weber_holds
117,16,8,right,right,0.8264232615649632,weber_holds
118,16,8,right,right,1.0568956693286777,weber_holds
119,16,8,right,right,1.0425534299196826,weber_holds
120,16,8,right,left,1.9655989754917045,weber_holds
1,17,2,left,left,0.7172098612328952,weber_holds
2,17,2,left,left,0.8351804732439634,weber_holds
3,17,2,left,left,0.8664097797379358,weber_holds
4,17,2,left,left,0.9498595019366618,weber_holds
5,17,2,left,left,1.0964719342170564,weber_holds
6,17,2,left,left,0.865124060672539,weber_holds
7,17,2,left,left,1.2236838518411517,weber_holds
8,17,2,left,left,0.7341653913203035,weber_holds
9,17,2,left,left,1.0293540293206984,weber_holds
10,17,2,left,left,0.9755030088573668,weber_holds
11,17,3,left,left,2.0223801594607393,weber_holds
12,17,3,left,left,2.0392370803254103,weber_holds
13,17,3,left,left,2.6520471603455067,weber_holds
14,17,3,left,left,1.7398528684346253,weber_holds
15,17,3,left,left,1.2897153225091778,weber_holds
16,17,3,left,left,1.4290843365861705,weber_holds
17,17,3,left,left,1.160635767142186,weber_holds
18,17,3,left,right,1.9249698733670617,weber_holds
19,17,3,left,right,1.221087736425093,weber_holds
20,17,3,left,left,1.064188317054132,weber_holds
21,17,4,left,right,2.6839114648032507,weber_holds
22,17,4,left,left,1.9942882662252353,weber_holds
23,17,4,left,right,3.5247155824967704,weber_holds
24,17,4,left,left,2.2728666225418013,weber_holds
25,17,4,left,left,1.9399409076178267,weber_holds
26,17,4,left,left,2.58752040649978,weber_holds
27,17,4,left,left,1.9932008814887927,weber_holds
28,17,4,left,right,1.9320103564066302,weber_holds
29,17,4,left,left,3.75564397575882,weber_holds
30,17,4,left,left,2.1622701601543928,weber_holds
31,17,6,left,right,2.3639370061135474,weber_holds
32,17,6,left,right,4.291144790962115,weber_holds
33,17,6,left,left,1.6259583306119083,weber_holds
34,17,6,left,right,3.3148514791231523,weber_holds
35,17,6,left,right,1.8200020189969663,weber_holds
36,17,6,left,left,2.330893749922214,weber_holds
37,17,6,left,right,2.259504191336791,weber_holds
38,17,6,left,left,1.9218466876138556,weber_holds
39,17,6,left,left,2.997984413747491,weber_holds
40,17,6,left,left,1.7067768312057416,weber_holds
41,17,7,left,left,1.785339308657264,weber_holds
42,17,7,left,left,1.0497648196388303,weber_holds
43,17,7,left,left,2.539639623561761,weber_holds
44,17,7,left,left,1.672608096672641,weber_holds
45,17,7,left,left,1.3486655524739035,weber_holds
46,17,7,left,left,1.9759135337126748,weber_holds
47,17,7,left,left,1.5836910146329122,weber_holds
48,17,7,left,left,0.9972371415702415,weber_holds
49,17,7,left,left,2.233009787836679,weber_holds
50,17,7,left,left,1.2602079977847633,weber_holds
51,17,8,left,left,0.830638412125178,weber_holds
52,17,8,left,left,0.957098789365304,weber_holds
53,17,8,left,left,1.2619019397672961,weber_holds
54,17,8,left,left,0.969184789509558,weber_holds
55,17,8,left,left,0.80466302254523,weber_holds
56,17,8,left,left,0.9524679300999495,weber_holds
57,17,8,left,left,1.1679406089989126,weber_holds
58,17,8,left,left,1.1161505523925432,weber_holds
59,17,8,left,left,0.9231016841353425,weber_holds
60,17,8,left,left,2.090346963766196,weber_holds
61,17,2,right,right,1.120504971353013,weber_holds
62,17,2,right,right,0.7615765955193388,weber_holds
63,17,2,right,right,1.3180891358358722,weber_holds
64,17,2,right,right,0.9301348044408881,weber_holds
65,17,2,right,right,1.2019269900200025,weber_holds
66,17,2,right,right,0.7391257230716393,weber_holds
67,17,2,right,right,0.9427473213114947,weber_holds
68,17,2,right,right,0.8466787960757773,weber_holds
69,17,2,right,right,1.053485565366061,weber_holds
70,17,2,right,right,1.1295313025586966,weber_holds
71,17,3,right,right,1.513352236128595,weber_holds
72,17,3,right,right,1.1774776855890348,weber_holds
73,17,3,right,right,2.3916067486899157,weber_holds
74,17,3,right,left,2.0767814549444306,weber_holds
75,17,3,right,right,2.177974133942418,weber_holds
76,17,3,right,right,1.3621347093246186,weber_holds
77,17,3,right,right,1.8042416054525847,weber_holds
78,17,3,right,right,1.120627629406927,weber_holds
79,17,3,right,right,1.6839492537816005,weber_holds
80,17,3,right,right,1.2643200496315565,weber_holds
81,17,4,right,left,3.607376015769566,weber_holds
82,17,4,right,right,1.814682223663481,weber_holds
83,17,4,right,right,2.8011036224475547,weber_holds
84,17,4,right,right,2.9574547934396977,weber_holds
85,17,4,right,right,2.31669601422791,weber_holds
86,17,4,right,right,3.5390408660776487,weber_holds
87,17,4,right,right,1.7648360687801947,weber_holds
88,17,4,right,right,1.7156178997480498,weber_holds
89,17,4,right,right,1.9468983546933396,weber_holds
90,17,4,right,right,1.4210060344881332,weber_holds
91,17,6,right,right,2.397971368604207,weber_holds
92,17,6,right,right,1.8743002432674722,weber_holds
93,17,6,right,left,2.1087506667408635,weber_holds
94,17,6,right,left,1.7556635943425452,weber_holds
95,17,6,right,right,2.5475626394153226,weber_holds
96,17,6,right,left,1.9077468072275954,weber_holds
97,17,6,right,right,1.7518384004908096,weber_holds
98,17,6,right,right,1.5961812554541024,weber_holds
99,17,6,right,right,1.9448014309180588,weber_holds
100,17,6,right,right,3.6210874071595898,weber_holds
101,17,7,right,right,1.683033245615501,weber_holds
102,17,7,right,right,1.1999998989380938,weber_holds
103,17,7,right,right,3.434329405318164,weber_holds
104,17,7,right,right,1.3791280091415978,weber_holds
105,17,7,right,right,1.9097503579762878,weber_holds
106,17,7,right,right,1.4850438696295325,weber_holds
107,17,7,right,right,1.525046978643307,weber_holds
108,17,7,right,right,1.06790037723701,weber_holds
109,17,7,right,right,1.4445130224027056,weber_holds
110,17,7,right,left,2.2526118396624235,weber_holds
111,17,8,right,right,0.8795660116145188,weber_holds
112,17,8,right,right,0.856641026516971,weber_holds
113,17,8,right,right,0.8356977253939162,weber_holds
114,17,8,right,right,1.1877968841368578,weber_holds
115,17,8,right,right,1.3396352932417197,weber_holds
116,17,8,right,right,1.05420759907527,weber_holds
117,17,8,right,right,1.6813722625417549,weber_holds
118,17,8,right,right,1.1712355386315378,weber_holds
119,17,8,right,right,0.7411405733052605,weber_holds
120,17,8,right,left,1.6743523019180149,weber_holds
1,18,2,left,left,0.9675904198405714,weber_holds
2,18,2,left,left,1.0746438335426423,weber_holds
3,18,2,left,left,0.6635541462789739,weber_holds
4,18,2,left,left,1.4148255692766625,weber_holds
5,18,2,left,left,0.8621783122551894,weber_holds
6,18,2,left,left,0.9475162263689585,weber_holds
7,18,2,left,left,1.0819730901111235,weber_holds
8,18,2,left,left,1.2840817678070129,weber_holds
9,18,2,left,left,0.8415326547653941,weber_holds
10,18,2,left,left,0.8441361037961574,weber_holds
11,18,3,left,right,1.6665283432793734,weber_holds
12,18,3,left,right,1.7024166577422108,weber_holds
13,18,3,left,left,1.3969518337699178,weber_holds
14,18,3,left,left,1.9195628533448788,weber_holds
15,18,3,left,left,1.4029229070833646,weber_holds
16,18,3,left,left,1.3614342965072477,weber_holds
17,18,3,left,left,2.845367880843462,weber_holds
18,18,3,left,left,0.8731806057785951,weber_holds
19,18,3,left,left,2.029834138226488,weber_holds
20,18,3,left,left,1.4417663917697376,weber_holds
21,18,4,left,right,7.202856395436423,weber_holds
22,18,4,left,left,3.0560050393193414,weber_holds
23,18,4,left,left,1.6527701934942487,weber_holds
24,18,4,left,left,2.319545741115444,weber_holds
25,18,4,left,left,2.124969346049426,weber_holds
26,18,4,left,left,1.7221330609303038,weber_holds
27,18,4,left,right,2.4705717066117736,weber_holds
28,18,4,left,left,3.3803967853193093,weber_holds
29,18,4,left,left,1.6087968408434299,weber_holds
30,18,4,left,left,1.4510362033481874,weber_holds
31,18,6,left,left,2.3375419894038583,weber_holds
32,18,6,left,left,1.7884653500385774,weber_holds
33,18,6,left,left,3.7410069949599456,weber_holds
34,18,6,left,left,2.0642894465217023,weber_holds
35,18,6,left,left,2.079934169615674,weber_holds
36,18,6,left,left,2.427197338815197,weber_holds
37,18,6,left,left,1.8437884904759976,weber_holds
38,18,6,left,left,1.6058085814054932,weber_holds
39,18,6,left,left,2.0030703373217214,weber_holds
40,18,6,left,left,2.1940137134381223,weber_holds
41,18,7,left,left,2.723246528936258,weber_holds
42,18,7,left,right,1.9697141432262015,weber_holds
43,18,7,left,left,1.394527053277682,weber_holds
44,18,7,left,left,1.4035364006489752,weber_holds
45,18,7,left,right,2.4790848081316468,weber_holds
46,18,7,left,left,1.762756685404253,weber_holds
47,18,7,left,left,2.148674571534396,weber_holds
48,18,7,left,left,1.1120648136405782,weber_holds
49,18,7,left,left,1.0680968338999555,weber_holds
50,18,7,left,left,1.2118571121728416,weber_holds
51,18,8,left,left,1.2037711147816044,weber_holds
52,18,8,left,left,1.1662173775758693,weber_holds
53,18,8,left,left,0.9269114568381875,weber_holds
54,18,8,left,left,1.3035607501653326,weber_holds
55,18,8,left,left,1.337873488585424,weber_holds
56,18,8,left,left,0.9515312318038616,weber_holds
57,18,8,left,left,1.2007364247298258,weber_holds
58,18,8,left,left,0.9390213448482394,weber_holds
59,18,8,left,left,0.9162268728399701,weber_holds
60,18,8,left,left,0.9230436087861875,weber_holds
61,18,2,right,right,0.8432119177803887,weber_holds
62,18,2,right,right,0.857417738344761,weber_holds
63,18,2,right,right,1.0746745450386954,weber_holds
64,18,2,right,right,0.8769247331289569,weber_holds
65,18,2,right,right,1.3271631500634211,weber_holds
66,18,2,right,right,0.9688565646088758,weber_holds
67,18,2,right,right,1.7796880483721438,weber_holds
68,18,2,right,right,0.9989719463553577,weber_holds
69,18,2,right,right,0.9985869337554374,weber_holds
70,18,2,right,right,1.4245080136441604,weber_holds
71,18,3,right,left,4.001706363444491,weber_holds
72,18,3,right,right,1.258768495703483,weber_holds
73,18,3,right,right,1.3272337426619871,weber_holds
74,18,3,right,right,1.4424636528621062,weber_holds
75,18,3,right,right,1.0743765779693162,weber_holds
76,18,3,right,right,1.1364067025606326,weber_holds
77,18,3,right,right,1.3433697224987946,weber_holds
78,18,3,right,right,1.2437432469299987,weber_holds
79,18,3,right,right,1.1248909419596358,weber_holds
80,18,3,right,right,1.7350278337461411,weber_holds
81,18,4,right,left,2.8415682878731348,weber_holds
82,18,4,right,left,6.700763867094012,weber_holds
83,18,4,right,right,1.755836241115419,weber_holds
84,18,4,right,right,2.066892997472308,weber_holds
85,18,4,right,right,1.9065108172756307,weber_holds
86,18,4,right,right,2.0756037610784666,weber_holds
87,18,4,right,left,1.6238423394960722,weber_holds
88,18,4,right,right,2.495769071834869,weber_holds
89,18,4,right,right,1.2765556506708446,weber_holds
90,18,4,right,right,2.0709297673131006,weber_holds
91,18,6,right,right,1.7768261207914346,weber_holds
92,18,6,right,right,1.9212369015163815,weber_holds
93,18,6,right,right,3.5162979982466007,weber_holds
94,18,6,right,right,2.107043610988604,weber_holds
95,18,6,right,right,2.0738151635653503,weber_holds
96,18,6,right,right,1.8678808333647008,weber_holds
97,18,6,right,right,2.7971800379594542,weber_holds
98,18,6,right,right,2.7634919496582793,weber_holds
99,18,6,right,right,2.1082063364660493,weber_holds
100,18,6,right,right,1.7619547266565039,weber_holds
101,18,7,right,right,2.6401099927095872,weber_holds
102,18,7,right,left,1.9828007415449356,weber_holds
103,18,7,right,right,1.0494113763582984,weber_holds
104,18,7,right,right,1.1333513151128647,weber_holds
105,18,7,right,right,2.473979938697393,weber_holds
106,18,7,right,right,1.1470280471718912,weber_holds
107,18,7,right,right,1.10034157796824,weber_holds
108,18,7,right,right,2.0590045854825387,weber_holds
109,18,7,right,right,2.1077253851478344,weber_holds
110,18,7,right,right,1.2844178538014681,weber_holds
111,18,8,right,left,1.817101182411952,weber_holds
112,18,8,right,right,0.9096086191223103,weber_holds
113,18,8,right,right,1.1949563527290314,weber_holds
114,18,8,right,right,0.9244726110128196,weber_holds
115,18,8,right,right,0.7188744259834425,weber_holds
116,18,8,right,right,1.1927246087002263,weber_holds
117,18,8,right,right,1.41571004064997,weber_holds
118,18,8,right,right,0.8432972000896726,weber_holds
119,18,8,right,right,1.014035873580176,weber_holds
120,18,8,right,right,1.2545784098690635,weber_holds
1,19,2,left,left,1.1162768319289498,weber_holds
2,19,2,left,left,1.5059134421018503,weber_holds
3,19,2,left,left,1.4280261011873439,weber_holds
4,19,2,left,left,0.8762476080578963,weber_holds
5,19,2,left,left,1.5360442388138522,weber_holds
6,19,2,left,right,1.606143880965111,weber_holds
7,19,2,left,left,1.5925138067383098,weber_holds
8,19,2,left,left,0.8998004454048931,weber_holds
9,19,2,left,left,1.0172104365373782,weber_holds
10,19,2,left,left,0.879479371591775,weber_holds
11,19,3,left,left,1.2330877657841366,weber_holds
12,19,3,left,left,1.5480857565950277,weber_holds
13,19,3,left,left,1.6710435179916043,weber_holds
14,19,3,left,left,1.1465849480869479,weber_holds
15,19,3,left,left,1.7965365558944006,weber_holds
16,19,3,left,right,1.018730718022874,weber_holds
17,19,3,left,left,1.2515805012613654,weber_holds
18,19,3,left,left,1.5674135698104827,weber_holds
19,19,3,left,left,1.3434208474142189,weber_holds
20,19,3,left,left,1.0143581131923525,weber_holds
21,19,4,left,left,1.9431114135904002,weber_holds
22,19,4,left,left,3.549731357046598,weber_holds
23,19,4,left,right,1.6033747590145144,weber_holds
24,19,4,left,left,1.7839843940490097,weber_holds
25,19,4,left,left,2.4915406488658647,weber_holds
26,19,4,left,left,1.6212664331796314,weber_holds
27,19,4,left,right,1.9599078089400155,weber_holds
28,19,4,left,right,3.0117682398726604,weber_holds
29,19,4,left,right,2.400338547667973,weber_holds
30,19,4,left,left,2.227576402969237,weber_holds
31,19,6,left,left,2.871654436002519,weber_holds
32,19,6,left,left,3.2891597131722947,weber_holds
33,19,6,left,left,2.600175530612132,weber_holds
34,19,6,left,left,2.3019524334178025,weber_holds
35,19,6,left,left,1.9131503386864173,weber_holds
36,19,6,left,left,2.1738633166427292,weber_holds
37,19,6,left,left,1.9787517961896128,weber_holds
38,19,6,left,left,2.8343555616525498,weber_holds
39,19,6,left,left,1.848195867655492,weber_holds
40,19,6,left,right,1.9720051980548048,weber_holds
41,19,7,left,left,1.668511328808892,weber_holds
42,19,7,left,left,1.0501479614371545,weber_holds
43,19,7,left,left,1.328201220295453,weber_holds
44,19,7,left,right,2.987563862489412,weber_holds
45,19,7,left,left,1.2185640923457806,weber_holds
46,19,7,left,left,1.2602282985073685,weber_holds
47,19,7,left,left,1.7634374411057991,weber_holds
48,19,7,left,left,1.5467798219882365,weber_holds
49,19,7,left,left,1.408578713530125,weber_holds
50,19,7,left,left,1.2431029921791745,weber_holds
51,19,8,left,left,0.9912606453415531,weber_holds
52,19,8,left,left,0.973981065342209,weber_holds
53,19,8,left,left,0.6620811820605206,weber_holds
54,19,8,left,left,1.0096211222502576,weber_holds
55,19,8,left,right,1.5859863568744959,weber_holds
56,19,8,left,left,1.009871569697279,weber_holds
57,19,8,left,left,1.5555395374000107,weber_holds
58,19,8,left,left,1.1132183683742678,weber_holds
59,19,8,left,left,1.0788419492992538,weber_holds
60,19,8,left,left,1.0683714523346501,weber_holds
61,19,2,right,right,0.9864038183983215,weber_holds
62,19,2,right,right,1.5533852105648704,weber_holds
63,19,2,right,right,0.8279061984641229,weber_holds
64,19,2,right,right,1.0171837857215342,weber_holds
65,19,2,right,right,1.2594088975600386,weber_holds
66,19,2,right,right,0.8048768894799809,weber_holds
67,19,2,right,right,0.5767379494480074,weber_holds
68,19,2,right,right,1.0467561271477646,weber_holds
69,19,2,right,right,0.8252623334528455,weber_holds
70,19,2,right,left,1.0587064663849546,weber_holds
71,19,3,right,right,2.090027430731336,weber_holds
72,19,3,right,right,2.194560405458896,weber_holds
73,19,3,right,right,1.4865182138673272,weber_holds
74,19,3,right,right,1.3663120238577937,weber_holds
75,19,3,right,right,1.3552777682103536,weber_holds
76,19,3,right,right,1.1723982491485534,weber_holds
77,19,3,right,left,1.1940859206883145,weber_holds
78,19,3,right,right,1.1759741445678171,weber_holds
79,19,3,right,right,2.263379892044798,weber_holds
80,19,3,right,right,1.110765946002341,weber_holds
81,19,4,right,left,2.3952832434559594,weber_holds
82,19,4,right,left,4.574629028840108,weber_holds
83,19,4,right,right,3.4762142193405783,weber_holds
84,19,4,right,right,1.6711123235189294,weber_holds
85,19,4,right,right,1.5924948468050888,weber_holds
86,19,4,right,right,1.3428426148627843,weber_holds
87,19,4,right,right,2.6019549391298473,weber_holds
88,19,4,right,right,1.780375157344679,weber_holds
89,19,4,right,right,1.8780213106706087,weber_holds
90,19,4,right,right,1.9012268751261328,weber_holds
91,19,6,right,right,1.927216389360981,weber_holds
92,19,6,right,right,1.9246816800049178,weber_holds
93,19,6,right,left,1.761441921601252,weber_holds
94,19,6,right,right,1.616032551057197,weber_holds
95,19,6,right,right,2.57939723234057,weber_holds
96,19,6,right,right,1.6378162109034307,weber_holds
97,19,6,right,right,1.7278161648845813,weber_holds
98,19,6,right,right,1.9371513614455402,weber_holds
99,19,6,right,right,1.7181624405506422,weber_holds
100,19,6,right,right,2.185473749019492,weber_holds
101,19,7,right,right,0.9994202310690405,weber_holds
102,19,7,right,right,0.9906747816262873,weber_holds
103,19,7,right,right,1.004455622377071,weber_holds
104,19,7,right,right,1.0384139645586945,weber_holds
105,19,7,right,right,1.0097985221592183,weber_holds
106,19,7,right,right,1.1364871073727383,weber_holds
107,19,7,right,right,1.2182283093683735,weber_holds
108,19,7,right,right,1.7790006309255462,weber_holds
109,19,7,right,right,1.4615516667340183,weber_holds
110,19,7,right,left,2.2126616902254823,weber_holds
111,19,8,right,right,1.0473789314778998,weber_holds
112,19,8,right,left,0.9298002531275305,weber_holds
113,19,8,right,right,0.7617772502966396,weber_holds
114,19,8,right,right,1.2637934772713237,weber_holds
115,19,8,right,left,1.691449941895388,weber_holds
116,19,8,right,right,0.9195813990742447,weber_holds
117,19,8,right,right,0.744901818304744,weber_holds
118,19,8,right,right,0.8565886704791732,weber_holds
119,19,8,right,right,0.9502750730223106,weber_holds
120,19,8,right,right,0.8216444357392545,weber_holds
1,20,2,left,left,1.218588688855189,weber_holds
2,20,2,left,left,1.461334296547466,weber_holds
3,20,2,left,left,0.9536055695546324,weber_holds
4,20,2,left,left,0.7819166558424466,weber_holds
5,20,2,left,left,0.8624817085468399,weber_holds
6,20,2,left,left,1.205420467974353,weber_holds
7,20,2,left,left,1.0824982323572578,weber_holds
8,20,2,left,left,0.9503371290732201,weber_holds
9,20,2,left,left,1.639541639156342,weber_holds
10,20,2,left,left,1.3020174824740165,weber_holds
11,20,3,left,right,1.7084579991438538,weber_holds
12,20,3,left,left,1.6751894080139567,weber_holds
13,20,3,left,left,0.8343353191048051,weber_holds
14,20,3,left,left,2.041247914415576,weber_holds
15,20,3,left,left,1.276143832636329,weber_holds
16,20,3,left,left,1.016889560682739,weber_holds
17,20,3,left,right,3.331551516124613,weber_holds
18,20,3,left,left,1.38560344443799,weber_holds
19,20,3,left,left,1.45387024695394,weber_holds
20,20,3,left,left,1.1282792756074755,weber_holds
21,20,4,left,left,1.9680648049252918,weber_holds
22,20,4,left,right,2.9087332422466963,weber_holds
23,20,4,left,left,2.4360413667864957,weber_holds
24,20,4,left,left,2.054373963598666,weber_holds
25,20,4,left,left,2.1374656030748627,weber_holds
26,20,4,left,left,1.5692304480136137,weber_holds
27,20,4,left,left,2.247674270533804,weber_holds
28,20,4,left,left,2.3141456107989966,weber_holds
29,20,4,left,left,2.8381031567738,weber_holds
30,20,4,left,left,2.359596640686745,weber_holds
31,20,6,left,right,2.193470827963747,weber_holds
32,20,6,left,left,2.0121824356929054,weber_holds
33,20,6,left,left,3.088810601617407,weber_holds
34,20,6,left,left,2.03765437489028,weber_holds
35,20,6,left,left,1.5294905870047264,weber_holds
36,20,6,left,right,1.8522277579320718,weber_holds
37,20,6,left,left,2.1139569712243462,weber_holds
38,20,6,left,left,1.9879152032289795,weber_holds
39,20,6,left,left,2.909396776546378,weber_holds
40,20,6,left,left,2.0954772774725243,weber_holds
41,20,7,left,right,1.3312078724789504,weber_holds
42,20,7,left,left,1.7243756930232361,weber_holds
43,20,7,left,left,1.6741385118116852,weber_holds
44,20,7,left,left,1.363920989495335,weber_holds
45,20,7,left,left,1.2041071428183197,weber_holds
46,20,7,left,left,1.922677378262725,weber_holds
47,20,7,left,left,1.5873520373101668,weber_holds
48,20,7,left,right,1.7624199856207283,weber_holds
49,20,7,left,left,1.2239522604848887,weber_holds
50,20,7,left,left,2.602287777030403,weber_holds
51,20,8,left,left,0.8280705826846264,weber_holds
52,20,8,left,left,0.8547026254734102,weber_holds
53,20,8,left,left,0.8008412238908207,weber_holds
54,20,8,left,left,1.9362633521113106,weber_holds
55,20,8,left,left,1.3556353551155043,weber_holds
56,20,8,left,left,0.8866119902950012,weber_holds
57,20,8,left,left,0.8500318261336317,weber_holds
58,20,8,left,left,0.7540899935367267,weber_holds
59,20,8,left,left,1.0033486178631363,weber_holds
60,20,8,left,left,0.8248557220628256,weber_holds
61,20,2,right,right,0.8106614884090872,weber_holds
62,20,2,right,right,2.133387082098038,weber_holds
63,20,2,right,right,0.9062018503251796,weber_holds
64,20,2,right,right,0.8596786617900267,weber_holds
65,20,2,right,right,0.6990608659830697,weber_holds
66,20,2,right,right,0.8234985534336665,weber_holds
67,20,2,right,right,0.9436525366032218,weber_holds
68,20,2,right,right,1.02997135024841,weber_holds
69,20,2,right,right,1.1503966857283106,weber_holds
70,20,2,right,right,0.7476325763654481,weber_holds
71,20,3,right,right,1.9540534528166822,weber_holds
72,20,3,right,right,1.0515380705331876,weber_holds
73,20,3,right,right,1.9203680198087836,weber_holds
74,20,3,right,right,0.98818915308308,weber_holds
75,20,3,right,right,1.510926961580714,weber_holds
76,20,3,right,right,1.1292178837514526,weber_holds
77,20,3,right,right,1.306305747246702,weber_holds
78,20,3,right,right,1.7192481597088702,weber_holds
79,20,3,right,right,1.9349157479935881,weber_holds
80,20,3,right,right,1.2171745437911017,weber_holds
81,20,4,right,right,1.984529773048531,weber_holds
82,20,4,right,right,2.8250789267197844,weber_holds
83,20,4,right,right,2.102434246721852,weber_holds
84,20,4,right,right,1.290416388229684,weber_holds
85,20,4,right,right,2.6178269599886828,weber_holds
86,20,4,right,left,2.010573746911111,weber_holds
87,20,4,right,right,1.6026865421986698,weber_holds
88,20,4,right,right,2.351417060480304,weber_holds
89,20,4,right,left,3.3624114137269974,weber_holds
90,20,4,right,right,2.315341515699775,weber_holds
91,20,6,right,left,1.6708485016531573,weber_holds
92,20,6,right,right,1.7376268355523334,weber_holds
93,20,6,right,right,2.598630098605273,weber_holds
94,20,6,right,left,4.252828451093749,weber_holds
95,20,6,right,right,1.5681442656470346,weber_holds
96,20,6,right,right,2.5735576567262934,weber_holds
97,20,6,right,right,2.3044601732875223,weber_holds
98,20,6,right,right,2.2311539315329396,weber_holds
99,20,6,right,left,2.3644913905472724,weber_holds
100,20,6,right,left,2.40539504422101,weber_holds
101,20,7,right,right,1.7195244230710016,weber_holds
102,20,7,right,right,0.8954192589095029,weber_holds
103,20,7,right,right,1.3837949007681205,weber_holds
104,20,7,right,right,1.6086038698608016,weber_holds
105,20,7,right,left,1.7867041983527794,weber_holds
106,20,7,right,right,1.1295388440313296,weber_holds
107,20,7,right,right,1.4608678694496777,weber_holds
108,20,7,right,right,1.8955376037898142,weber_holds
109,20,7,right,right,1.0105969649307631,weber_holds
110,20,7,right,right,1.1233983702924046,weber_holds
111,20,8,right,right,0.8352392259907753,weber_holds
112,20,8,right,right,0.7396670052000851,weber_holds
113,20,8,right,right,1.3648160623807275,weber_holds
114,20,8,right,right,1.3491185588935914,weber_holds
115,20,8,right,right,1.0701501039054566,weber_holds
116,20,8,right,right,1.2232697898497105,weber_holds
117,20,8,right,right,0.7556895951373144,weber_holds
118,20,8,right,left,0.8738316818958956,weber_holds
119,20,8,right,right,0.9179088158515114,weber_holds
120,20,8,right,right,1.2235790648959872,weber_holds
1,21,2,left,left,0.9078004584886052,weber_holds
2,21,2,left,left,0.9075222075129505,weber_holds
3,21,2,left,left,0.9215891412721811,weber_holds
4,21,2,left,left,1.0236403616684695,weber_holds
5,21,2,left,left,0.7660714221429117,weber_holds
6,21,2,left,left,1.2153173272204298,weber_holds
7,21,2,left,left,1.7786085398753384,weber_holds
8,21,2,left,left,0.9151371347057122,weber_holds
9,21,2,left,left,2.486536719492934,weber_holds
10,21,2,left,left,1.1477537113885046,weber_holds
11,21,3,left,left,1.6674978567786072,weber_holds
12,21,3,left,left,1.6039680262860623,weber_holds
13,21,3,left,left,1.6572965912798292,weber_holds
14,21,3,left,left,1.0833408963049438,weber_holds
15,21,3,left,left,1.12545819663231,weber_holds
16,21,3,left,left,1.0907983554595047,weber_holds
17,21,3,left,left,1.275622096743331,weber_holds
18,21,3,left,left,1.5082845033881593,weber_holds
19,21,3,left,right,1.447936995556835,weber_holds
20,21,3,left,left,1.8674213666844852,weber_holds
21,21,4,left,left,2.0044837017199257,weber_holds
22,21,4,left,left,3.2014913436811065,weber_holds
23,21,4,left,left,2.0018404929954485,weber_holds
24,21,4,left,left,1.8388933872556343,weber_holds
25,21,4,left,left,2.374994127571343,weber_holds
26,21,4,left,right,2.89908098640807,weber_holds
27,21,4,left,right,2.8002270705831145,weber_holds
28,21,4,left,left,2.183132319713243,weber_holds
29,21,4,left,left,2.1928969479843454,weber_holds
30,21,4,left,right,2.954498395209452,weber_holds
31,21,6,left,left,1.8413023219958509,weber_holds
32,21,6,left,left,1.5195123654493878,weber_holds
33,21,6,left,left,2.2163458539552154,weber_holds
34,21,6,left,left,2.3732638481119026,weber_holds
35,21,6,left,left,1.6374816671829746,weber_holds
36,21,6,left,right,3.5168027878289325,weber_holds
37,21,6,left,left,2.9345006017220534,weber_holds
38,21,6,left,left,3.101293414497026,weber_holds
39,21,6,left,right,1.8379801094886523,weber_holds
40,21,6,left,left,2.042781781463205,weber_holds
41,21,7,left,left,1.5053411508485814,weber_holds
42,21,7,left,left,0.9689783793268272,weber_holds
43,21,7,left,left,1.24180573891818,weber_holds
44,21,7,left,left,1.6965254173274087,weber_holds
45,21,7,left,left,1.251172081693004,weber_holds
46,21,7,left,left,1.5972840814748541,weber_holds
47,21,7,left,left,1.9411665699151532,weber_holds
48,21,7,left,left,1.1509965318462336,weber_holds
49,21,7,left,left,0.9758273686164336,weber_holds
50,21,7,left,left,1.34048300100251,weber_holds
51,21,8,left,left,0.8460798283993531,weber_holds
52,21,8,left,left,0.8920496064327788,weber_holds
53,21,8,left,left,1.221543961645521,weber_holds
54,21,8,left,left,0.8933462219513788,weber_holds
55,21,8,left,left,1.3448443219545558,weber_holds
56,21,8,left,left,0.8863064233594524,weber_holds
57,21,8,left,left,0.9999315081722273,weber_holds
58,21,8,left,left,0.8041522502129472,weber_holds
59,21,8,left,left,1.002444597376773,weber_holds
60,21,8,left,left,1.1381147390760213,weber_holds
61,21,2,right,right,0.8962649804004921,weber_holds
62,21,2,right,right,0.8906815602116183,weber_holds
63,21,2,right,right,0.855966643778977,weber_holds
64,21,2,right,right,0.730776615398633,weber_holds
65,21,2,right,right,0.9570757503798346,weber_holds
66,21,2,right,right,0.9173688852707154,weber_holds
67,21,2,right,right,0.7810834032190812,weber_holds
68,21,2,right,right,0.852115106641693,weber_holds
69,21,2,right,right,0.9838040584051748,weber_holds
70,21,2,right,right,1.0408619455328656,weber_holds
71,21,3,right,right,1.4272067269760624,weber_holds
72,21,3,right,right,2.105487830633481,weber_holds
73,21,3,right,right,1.4769650521931736,weber_holds
74,21,3,right,right,1.834061865945644,weber_holds
75,21,3,right,right,1.5549923095704612,weber_holds
76,21,3,right,right,1.514330818294134,weber_holds
77,21,3,right,right,1.172478779875205,weber_holds
78,21,3,right,right,1.2362453223006178,weber_holds
79,21,3,right,right,1.475171622297007,weber_holds
80,21,3,right,right,1.4491158510270301,weber_holds
81,21,4,right,left,4.516381947340794,weber_holds
82,21,4,right,right,2.716652212365576,weber_holds
83,21,4,right,right,1.785836388535615,weber_holds
84,21,4,right,right,1.6238847056336625,weber_holds
85,21,4,right,right,1.6452442007778865,weber_holds
86,21,4,right,right,1.9725046353147002,weber_holds
87,21,4,right,right,2.5966827240761434,weber_holds
88,21,4,right,right,2.754171005699721,weber_holds
89,21,4,right,right,2.8255426173780966,weber_holds
90,21,4,right,left,1.8015190931824623,weber_holds
91,21,6,right,right,1.652543437101334,weber_holds
92,21,6,right,left,1.9292030770289248,weber_holds
93,21,6,right,right,1.5833965825455976,weber_holds
94,21,6,right,right,1.7113358064414284,weber_holds
95,21,6,right,right,2.1516107233903092,weber_holds
96,21,6,right,left,2.9343030436895825,weber_holds
97,21,6,right,left,1.6612625871574167,weber_holds
98,21,6,right,right,1.7574692867892274,weber_holds
99,21,6,right,right,3.319906978422863,weber_holds
100,21,6,right,right,1.95460549761365,weber_holds
101,21,7,right,right,0.9308517576887245,weber_holds
102,21,7,right,left,2.2173178150421387,weber_holds
103,21,7,right,right,1.0640364130574396,weber_holds
104,21,7,right,right,2.028226174844543,weber_holds
105,21,7,right,left,1.7796299959444037,weber_holds
106,21,7,right,right,1.729284312592986,weber_holds
107,21,7,right,right,2.0844484598216737,weber_holds
108,21,7,right,right,1.0461697935518732,weber_holds
109,21,7,right,right,1.9613191682012021,weber_holds
110,21,7,right,right,1.192400465042524,weber_holds
111,21,8,right,right,1.221441343885244,weber_holds
112,21,8,right,right,0.8348517256942041,weber_holds
113,21,8,right,right,1.6485290132497972,weber_holds
114,21,8,right,right,0.9355147012710268,weber_holds
115,21,8,right,right,0.9663665172407514,weber_holds
116,21,8,right,right,0.7017227538034883,weber_holds
117,21,8,right,right,0.6882009472616676,weber_holds
118,21,8,right,right,2.7957425508920006,weber_holds
119,21,8,right,right,1.0109537820098031,weber_holds
120,21,8,right,right,1.1615942742910417,weber_holds
1,22,2,left,left,0.987598880980441,weber_holds
2,22,2,left,left,0.6900415118539784,weber_holds
3,22,2,left,left,0.7518750639113025,weber_holds
4,22,2,left,left,0.7848620375985758,weber_holds
5,22,2,left,left,0.6431564241212968,weber_holds
6,22,2,left,left,0.7373861804318762,weber_holds
7,22,2,left,right,1.4358592181895362,weber_holds
8,22,2,left,left,0.8749537687589011,weber_holds
9,22,2,left,left,1.407480385603039,weber_holds
10,22,2,left,left,0.9422514161272784,weber_holds
11,22,3,left,left,0.8857031620083475,weber_holds
12,22,3,left,left,1.8661716201075953,weber_holds
13,22,3,left,left,1.137945757849039,weber_holds
14,22,3,left,left,1.6739195450090805,weber_holds
15,22,3,left,left,2.2554596255097366,weber_holds
16,22,3,left,left,1.4355923412922458,weber_holds
17,22,3,left,left,1.764872114085799,weber_holds
18,22,3,left,left,1.6579445570738074,weber_holds
19,22,3,left,left,1.6681762881073419,weber_holds
20,22,3,left,left,1.6439797968525374,weber_holds
21,22,4,left,left,2.580942631875658,weber_holds
22,22,4,left,left,2.2081236422035126,weber_holds
23,22,4,left,right,2.3428475554880976,weber_holds
24,22,4,left,left,1.8911765323781464,weber_holds
25,22,4,left,left,2.5375684851555986,weber_holds
26,22,4,left,left,2.1625814681005875,weber_holds
27,22,4,left,left,2.2626579954634933,weber_holds
28,22,4,left,left,2.3387928914519094,weber_holds
29,22,4,left,left,2.595068814860644,weber_holds
30,22,4,left,left,1.4989896212654221,weber_holds
31,22,6,left,left,2.330644280991528,weber_holds
32,22,6,left,left,1.6824082651569905,weber_holds
33,22,6,left,left,2.841363387367434,weber_holds
34,22,6,left,left,2.4332522440976367,weber_holds
35,22,6,left,left,1.4543957075507186,weber_holds
36,22,6,left,left,1.4774453104562721,weber_holds
37,22,6,left,right,2.962648152505697,weber_holds
38,22,6,left,left,1.9151728717734664,weber_holds
39,22,6,left,right,1.3785655291115348,weber_holds
40,22,6,left,right,2.5374890031790165,weber_holds
41,22,7,left,left,1.6210205629981764,weber_holds
42,22,7,left,left,1.1979548010239043,weber_holds
43,22,7,left,left,1.4423055891105987,weber_holds
44,22,7,left,left,1.0654117077287686,weber_holds
45,22,7,left,left,1.0911877891618085,weber_holds
46,22,7,left,left,1.3312335807542408,weber_holds
47,22,7,left,left,2.053171297570518,weber_holds
48,22,7,left,left,1.5385074168680437,weber_holds
49,22,7,left,left,1.2795866597717687,weber_holds
50,22,7,left,left,1.1565579346634736,weber_holds
51,22,8,left,left,1.086087256687387,weber_holds
52,22,8,left,left,0.8913551829884123,weber_holds
53,22,8,left,left,1.0575203534883395,weber_holds
54,22,8,left,left,0.9356085252006006,weber_holds
55,22,8,left,left,0.6904117275422558,weber_holds
56,22,8,left,left,0.8349948203491719,weber_holds
57,22,8,left,left,0.8041336478837535,weber_holds
58,22,8,left,left,1.2777606639503605,weber_holds
59,22,8,left,right,0.9494817932830992,weber_holds
60,22,8,left,left,0.914381261394053,weber_holds
61,22,2,right,right,0.7973805912441303,weber_holds
62,22,2,right,right,0.873429564629701,weber_holds
63,22,2,right,right,0.9620277470063237,weber_holds
64,22,2,right,right,0.8759020553907779,weber_holds
65,22,2,right,right,0.8882280991208751,weber_holds
66,22,2,right,right,0.9482378958414079,weber_holds
67,22,2,right,right,1.3270789997987167,weber_holds
68,22,2,right,left,1.356119034544418,weber_holds
69,22,2,right,right,0.9386292740352813,weber_holds
70,22,2,right,right,0.9929598352455768,weber_holds
71,22,3,right,right,1.2436777064630162,weber_holds
72,22,3,right,right,1.390116294509374,weber_holds
73,22,3,right,right,1.0387427295961076,weber_holds
74,22,3,right,right,0.9058005531703937,weber_holds
75,22,3,right,right,1.2490267474035177,weber_holds
76,22,3,right,right,1.241337885093625,weber_holds
77,22,3,right,left,1.3231376678862576,weber_holds
78,22,3,right,right,1.9802717183113514,weber_holds
79,22,3,right,right,1.2814720206449313,weber_holds
80,22,3,right,right,1.1019091016988343,weber_holds
81,22,4,right,right,2.695631929188994,weber_holds
82,22,4,right,right,2.127324286691008,weber_holds
83,22,4,right,left,2.45272345761881,weber_holds
84,22,4,right,left,1.9263039770077288,weber_holds
85,22,4,right,right,3.495888394974859,weber_holds
86,22,4,right,right,2.187991254340786,weber_holds
87,22,4,right,right,1.4743962739606864,weber_holds
88,22,4,right,left,1.81224118696665,weber_holds
89,22,4,right,right,1.6691158937798283,weber_holds
90,22,4,right,left,2.52515242734926,weber_holds
91,22,6,right,right,2.3998110436394877,weber_holds
92,22,6,right,right,1.6141098704434274,weber_holds
93,22,6,right,right,1.7041344142770947,weber_holds
94,22,6,right,right,2.200966404680427,weber_holds
95,22,6,right,left,2.067140532545664,weber_holds
96,22,6,right,right,1.8319203086057803,weber_holds
97,22,6,right,right,1.4161800756682028,weber_holds
98,22,6,right,right,1.5542997013346622,weber_holds
99,22,6,right,right,2.1932864344706164,weber_holds
100,22,6,right,right,1.898737451159931,weber_holds
101,22,7,right,right,1.5409106132471564,weber_holds
102,22,7,right,right,1.3353896644699008,weber_holds
103,22,7,right,right,1.2881421851369714,weber_holds
104,22,7,right,right,1.1700624729244757,weber_holds
105,22,7,right,right,1.644080731928312,weber_holds
106,22,7,right,right,1.7244865701759062,weber_holds
107,22,7,right,left,1.0295668493693084,weber_holds
108,22,7,right,right,1.4209594894339201,weber_holds
109,22,7,right,right,2.0980051159403574,weber_holds
110,22,7,right,right,1.3357974305483153,weber_holds
111,22,8,right,right,1.370690296046031,weber_holds
112,22,8,right,right,0.7760565723487001,weber_holds
113,22,8,right,right,1.144082125310009,weber_holds
114,22,8,right,right,1.6962296390304545,weber_holds
115,22,8,right,right,1.1685689301935975,weber_holds
116,22,8,right,right,0.7663792637032829,weber_holds
117,22,8,right,right,1.3985322654520338,weber_holds
118,22,8,right,right,1.015748488822685,weber_holds
119,22,8,right,right,1.4013830261132967,weber_holds
120,22,8,right,right,1.0127179240263045,weber_holds
1,23,2,left,left,0.9851674825912407,weber_holds
2,23,2,left,left,0.8646377807095955,weber_holds
3,23,2,left,left,1.1621166682765272,weber_holds
4,23,2,left,left,1.0553032322536766,weber_holds
5,23,2,left,left,1.1523652343241058,weber_holds
6,23,2,left,right,1.405437807430879,weber_holds
7,23,2,left,left,1.1208068368778699,weber_holds
8,23,2,left,left,0.6746272997202389,weber_holds
9,23,2,left,left,1.3745216661302242,weber_holds
10,23,2,left,left,1.0004599652471446,weber_holds
11,23,3,left,left,1.0727351997669414,weber_holds
12,23,3,left,left,1.8999655075140092,weber_holds
13,23,3,left,left,2.7268796720317083,weber_holds
14,23,3,left,left,1.6072630496169797,weber_holds
15,23,3,left,left,1.9925649857148988,weber_holds
16,23,3,left,left,1.2339141246497412,weber_holds
17,23,3,left,left,1.538442141715907,weber_holds
18,23,3,left,left,1.1097228892816555,weber_holds
19,23,3,left,left,1.677359174841092,weber_holds
20,23,3,left,left,1.367278587643798,weber_holds
21,23,4,left,left,2.411744448202582,weber_holds
22,23,4,left,left,3.0058297027913636,weber_holds
23,23,4,left,left,1.8889586631907742,weber_holds
24,23,4,left,left,1.8573462656219828,weber_holds
25,23,4,left,left,1.836619683272621,weber_holds
26,23,4,left,left,1.5851209259793029,weber_holds
27,23,4,left,right,3.1511937697390344,weber_holds
28,23,4,left,right,4.5658874723353735,weber_holds
29,23,4,left,right,2.1573632186610188,weber_holds
30,23,4,left,right,2.413217337038189,weber_holds
31,23,6,left,left,2.636736409922202,weber_holds
32,23,6,left,left,2.5112908525980826,weber_holds
33,23,6,left,left,2.180210757637929,weber_holds
34,23,6,left,left,2.0927098236159516,weber_holds
35,23,6,left,left,1.4368089738077512,weber_holds
36,23,6,left,left,1.6567962115013013,weber_holds
37,23,6,left,left,1.9477557377670025,weber_holds
38,23,6,left,right,2.4109704730202126,weber_holds
39,23,6,left,left,2.7119519510075736,weber_holds
40,23,6,left,left,4.115115758995927,weber_holds
41,23,7,left,left,1.3108117598621827,weber_holds
42,23,7,left,left,1.1166546275114027,weber_holds
43,23,7,left,left,1.371518029351161,weber_holds
44,23,7,left,right,2.163199212726431,weber_holds
45,23,7,left,left,1.3520698353640443,weber_holds
46,23,7,left,left,1.2399804987270924,weber_holds
47,23,7,left,left,1.1865542627450938,weber_holds
48,23,7,left,left,2.2918149786382593,weber_holds
49,23,7,left,right,1.3349560302826926,weber_holds
50,23,7,left,left,1.1253213306352816,weber_holds
51,23,8,left,left,1.050603059480402,weber_holds
52,23,8,left,left,0.6939769695031874,weber_holds
53,23,8,left,left,1.0615320338593617,weber_holds
54,23,8,left,left,1.207445742832097,weber_holds
55,23,8,left,left,1.5326703951228877,weber_holds
56,23,8,left,left,1.109609835360296,weber_holds
57,23,8,left,left,0.6220275311007445,weber_holds
58,23,8,left,left,0.9097771933834042,weber_holds
59,23,8,left,left,1.222020466889653,weber_holds
60,23,8,left,left,1.228236408254528,weber_holds
61,23,2,right,right,0.9880558920158833,weber_holds
62,23,2,right,right,0.9720794553995509,weber_holds
63,23,2,right,right,1.1336413827349139,weber_holds
64,23,2,right,right,0.831144082100026,weber_holds
65,23,2,right,right,0.9263415798553403,weber_holds
66,23,2,right,right,0.9873154192748872,weber_holds
67,23,2,right,right,0.8388904113073934,weber_holds
68,23,2,right,right,1.8045589331986214,weber_holds
69,23,2,right,right,0.9821226284654547,weber_holds
70,23,2,right,right,0.8087513077308912,weber_holds
71,23,3,right,right,1.1644110440757882,weber_holds
72,23,3,right,right,1.2288192526216677,weber_holds
73,23,3,right,right,1.8345945027140278,weber_holds
74,23,3,right,right,1.4066171031991026,weber_holds
75,23,3,right,right,1.0618144833163239,weber_holds
76,23,3,right,right,1.2641066174435436,weber_holds
77,23,3,right,right,1.2523302859493144,weber_holds
78,23,3,right,right,1.5354031747199124,weber_holds
79,23,3,right,right,1.3941925209542427,weber_holds
80,23,3,right,right,1.2341912965675814,weber_holds
81,23,4,right,left,2.239426327036758,weber_holds
82,23,4,right,right,2.967013499110404,weber_holds
83,23,4,right,right,4.71314246410897,weber_holds
84,23,4,right,right,1.6318561568649785,weber_holds
85,23,4,right,right,1.4804465224358259,weber_holds
86,23,4,right,right,2.989620348586601,weber_holds
87,23,4,right,right,1.662296010149524,weber_holds
88,23,4,right,right,1.71115564310726,weber_holds
89,23,4,right,right,1.789491568571319,weber_holds
90,23,4,right,right,2.581143267711245,weber_holds
91,23,6,right,left,2.869560704312949,weber_holds
92,23,6,right,right,2.397946209251899,weber_holds
93,23,6,right,right,2.2783789839177815,weber_holds
94,23,6,right,right,1.6806194684095348,weber_holds
95,23,6,right,left,1.7974470911633482,weber_holds
96,23,6,right,left,3.093163923411842,weber_holds
97,23,6,right,right,2.835060525786794,weber_holds
98,23,6,right,right,1.7309478235820563,weber_holds
99,23,6,right,right,1.9603621853405486,weber_holds
100,23,6,right,right,2.4463395332793296,weber_holds
101,23,7,right,left,1.6552321191037112,weber_holds
102,23,7,right,right,1.8427247702816678,weber_holds
103,23,7,right,right,1.5500034294399951,weber_holds
104,23,7,right,right,1.0412573800209,weber_holds
105,23,7,right,right,1.5657863059563826,weber_holds
106,23,7,right,right,1.6177091675938327,weber_holds
107,23,7,right,right,1.1282567235395107,weber_holds
108,23,7,right,right,1.4573998526157417,weber_holds
109,23,7,right,right,1.0060263797940476,weber_holds
110,23,7,right,right,1.2052734636222104,weber_holds
111,23,8,right,right,0.8056458512897291,weber_holds
112,23,8,right,right,1.0013938853518285,weber_holds
113,23,8,right,right,0.927628321938919,weber_holds
114,23,8,right,right,1.009921051584653,weber_holds
115,23,8,right,right,0.8856394508770644,weber_holds
116,23,8,right,right,0.9334833678941219,weber_holds
117,23,8,right,right,0.9750297803189316,weber_holds
118,23,8,right,right,1.4491286473377614,weber_holds
119,23,8,right,right,1.1324208143281742,weber_holds
120,23,8,right,right,0.6816857163696266,weber_holds
1,24,2,left,left,1.2310708922550186,weber_holds
2,24,2,left,left,1.1286924217025556,weber_holds
3,24,2,left,left,1.0303501715933512,weber_holds
4,24,2,left,left,0.9893660014996399,weber_holds
5,24,2,left,left,0.9251750726329786,weber_holds
6,24,2,left,left,1.0886655647123153,weber_holds
7,24,2,left,left,0.7263712891987848,weber_holds
8,24,2,left,left,1.1085743953732432,weber_holds
9,24,2,left,left,0.9523971437146883,weber_holds
10,24,2,left,left,1.2697416257679852,weber_holds
11,24,3,left,left,1.9022995917527497,weber_holds
12,24,3,left,left,1.2456096497344833,weber_holds
13,24,3,left,left,1.2022313813427608,weber_holds
14,24,3,left,left,1.1328748378893487,weber_holds
15,24,3,left,right,1.9185554998439747,weber_holds
16,24,3,left,left,1.8357116659534856,weber_holds
17,24,3,left,left,1.5548743767172724,weber_holds
18,24,3,left,left,1.525836198242356,weber_holds
19,24,3,left,left,1.3682969692551386,weber_holds
20,24,3,left,left,1.2790886840604043,weber_holds
21,24,4,left,left,2.677908909821432,weber_holds
22,24,4,left,left,2.2704434733656687,weber_holds
23,24,4,left,left,2.4884730558126584,weber_holds
24,24,4,left,left,2.22884022515226,weber_holds
25,24,4,left,right,1.9710918868596434,weber_holds
26,24,4,left,left,1.8264330711425787,weber_holds
27,24,4,left,right,2.3592152897422447,weber_holds
28,24,4,left,right,1.9096886175008827,weber_holds
29,24,4,left,left,2.411287551088612,weber_holds
30,24,4,left,right,2.8582142194044047,weber_holds
31,24,6,left,left,1.8381661585310702,weber_holds
32,24,6,left,left,1.7177584406450521,weber_holds
33,24,6,left,left,2.0085200027423475,weber_holds
34,24,6,left,left,1.8334452037203743,weber_holds
35,24,6,left,left,2.214943144416323,weber_holds
36,24,6,left,left,1.6140666567252322,weber_holds
37,24,6,left,left,2.917441982571603,weber_holds
38,24,6,left,left,2.665095925454111,weber_holds
39,24,6,left,left,2.867955266845053,weber_holds
40,24,6,left,left,2.5149300945513073,weber_holds
41,24,7,left,right,1.867587591063326,weber_holds
42,24,7,left,left,1.4544397572043717,weber_holds
43,24,7,left,left,1.226690132512466,weber_holds
44,24,7,left,left,1.5031115195564986,weber_holds
45,24,7,left,left,1.6847854830415767,weber_holds
46,24,7,left,left,0.8946127184976624,weber_holds
47,24,7,left,left,1.5876410051589493,weber_holds
48,24,7,left,left,1.2884616844800905,weber_holds
49,24,7,left,left,1.5643350476605344,weber_holds
50,24,7,left,left,1.3111284730779238,weber_holds
51,24,8,left,left,1.295469361385313,weber_holds
52,24,8,left,left,0.981585081089509,weber_holds
53,24,8,left,left,0.9318448544965665,weber_holds
54,24,8,left,left,0.9808052683207356,weber_holds
55,24,8,left,left,0.9451597997442371,weber_holds
56,24,8,left,left,1.102950029962071,weber_holds
57,24,8,left,left,0.8193434415981438,weber_holds
58,24,8,left,left,0.8954564473322479,weber_holds
59,24,8,left,left,0.9428764834937788,weber_holds
60,24,8,left,left,1.110959130841299,weber_holds
61,24,2,right,right,1.1129398547491345,weber_holds
62,24,2,right,right,0.7574723196453599,weber_holds
63,24,2,right,right,1.0608680207059367,weber_holds
64,24,2,right,right,1.6989946699491811,weber_holds
65,24,2,right,left,0.9026022194147454,weber_holds
66,24,2,right,right,0.6822782461863739,weber_holds
67,24,2,right,right,1.0709423869275663,weber_holds
68,24,2,right,right,0.8349367738919911,weber_holds
69,24,2,right,right,1.2189013255519758,weber_holds
70,24,2,right,left,1.0592493807447931,weber_holds
71,24,3,right,right,2.195541272736259,weber_holds
72,24,3,right,right,2.8774465488715735,weber_holds
73,24,3,right,right,1.0901546039440824,weber_holds
74,24,3,right,left,1.864802966254724,weber_holds
75,24,3,right,right,1.5874586906196853,weber_holds
76,24,3,right,right,1.5119265424807635,weber_holds
77,24,3,right,right,0.950543279474096,weber_holds
78,24,3,right,right,1.3449659814996948,weber_holds
79,24,3,right,right,1.2757306848671008,weber_holds
80,24,3,right,right,1.0360452259419883,weber_holds
81,24,4,right,left,2.1937991537871158,weber_holds
82,24,4,right,left,1.72791915999025,weber_holds
83,24,4,right,left,2.2754056254716666,weber_holds
84,24,4,right,right,1.933552040520168,weber_holds
85,24,4,right,right,2.369269806884397,weber_holds
86,24,4,right,right,1.8813185058042807,weber_holds
87,24,4,right,right,2.187615173221255,weber_holds
88,24,4,right,right,2.0100850594775905,weber_holds
89,24,4,right,left,1.6622768971295592,weber_holds
90,24,4,right,right,3.6014685967032527,weber_holds
91,24,6,right,left,1.597984400768286,weber_holds
92,24,6,right,left,2.2230914214204516,weber_holds
93,24,6,right,right,2.579712653627701,weber_holds
94,24,6,right,right,1.4890437370492036,weber_holds
95,24,6,right,right,2.154451932634754,weber_holds
96,24,6,right,left,2.3559879619010484,weber_holds
97,24,6,right,right,3.3809376224500034,weber_holds
98,24,6,right,right,2.725340996073609,weber_holds
99,24,6,right,right,3.160824208696315,weber_holds
100,24,6,right,right,1.8701644041568386,weber_holds
101,24,7,right,right,1.147045048536717,weber_holds
102,24,7,right,right,2.245797884880828,weber_holds
103,24,7,right,right,1.502334790948162,weber_holds
104,24,7,right,right,1.689022175295875,weber_holds
105,24,7,right,right,0.988647560764429,weber_holds
106,24,7,right,right,1.21411778575483,weber_holds
107,24,7,right,right,1.1933157273729245,weber_holds
108,24,7,right,right,1.1362168678430205,weber_holds
109,24,7,right,right,1.2968533491637002,weber_holds
110,24,7,right,right,1.6034501064455797,weber_holds
111,24,8,right,right,0.8439531249724668,weber_holds
112,24,8,right,right,1.0307599463678114,weber_holds
113,24,8,right,right,1.0560194385141284,weber_holds
114,24,8,right,right,1.0833908744866583,weber_holds
115,24,8,right,right,0.6188522387508801,weber_holds
116,24,8,right,right,0.8094156310608485,weber_holds
117,24,8,right,right,1.3086042558908062,weber_holds
118,24,8,right,right,0.8188906387065973,weber_holds
119,24,8,right,right,0.8116344033948761,weber_holds
120,24,8,right,right,1.002133337701312,weber_holds
1,25,2,left,left,1.3585984558726967,weber_holds
2,25,2,left,left,1.1133989945090663,weber_holds
3,25,2,left,left,1.0526879735502106,weber_holds
4,25,2,left,left,0.9098190239928157,weber_holds
5,25,2,left,left,0.9168693976463793,weber_holds
6,25,2,left,left,0.8399994104701731,weber_holds
7,25,2,left,left,0.9165779998788415,weber_holds
8,25,2,left,left,0.7724864209125528,weber_holds
9,25,2,left,left,0.7508139940990346,weber_holds
10,25,2,left,left,1.2483849897386212,weber_holds
11,25,3,left,right,1.7569332586107942,weber_holds
12,25,3,left,right,1.5705705882895074,weber_holds
13,25,3,left,left,1.2448080980697052,weber_holds
14,25,3,left,left,1.647103904193762,weber_holds
15,25,3,left,left,0.9589972447063575,weber_holds
16,25,3,left,right,3.032250127015527,weber_holds
17,25,3,left,left,1.423977555136914,weber_holds
18,25,3,left,left,1.2357539637837924,weber_holds
19,25,3,left,left,1.667724575597452,weber_holds
20,25,3,left,left,0.985780113915933,weber_holds
21,25,4,left,right,1.7007310839736145,weber_holds
22,25,4,left,left,3.1526867373350815,weber_holds
23,25,4,left,right,2.9331426034827293,weber_holds
24,25,4,left,left,2.337628559733663,weber_holds
25,25,4,left,left,1.4960246784464735,weber_holds
26,25,4,left,left,2.1249916564701414,weber_holds
27,25,4,left,right,4.265927466582892,weber_holds
28,25,4,left,left,1.9440098352106852,weber_holds
29,25,4,left,left,2.940331148565699,weber_holds
30,25,4,left,left,3.8418521425993677,weber_holds
31,25,6,left,left,2.769109322021461,weber_holds
32,25,6,left,right,1.8870146474641305,weber_holds
33,25,6,left,left,2.989463324174885,weber_holds
34,25,6,left,left,1.6802149291804032,weber_holds
35,25,6,left,right,2.5520632064126025,weber_holds
36,25,6,left,left,2.3114376029502566,weber_holds
37,25,6,left,left,1.864317706927558,weber_holds
38,25,6,left,left,2.614473825735771,weber_holds
39,25,6,left,left,2.099499487317764,weber_holds
40,25,6,left,left,2.480116226115872,weber_holds
41,25,7,left,left,2.011983948660193,weber_holds
42,25,7,left,left,1.1672640440159652,weber_holds
43,25,7,left,left,0.9067554261691619,weber_holds
44,25,7,left,left,1.6698384331792429,weber_holds
45,25,7,left,right,1.776736015943111,weber_holds
46,25,7,left,left,1.2044838466616998,weber_holds
47,25,7,left,left,1.246362747792539,weber_holds
48,25,7,left,left,1.1331509702122242,weber_holds
49,25,7,left,right,1.5145345263214571,weber_holds
50,25,7,left,left,0.9422648465525418,weber_holds
51,25,8,left,left,0.9958721943173376,weber_holds
52,25,8,left,left,0.9970420003576248,weber_holds
53,25,8,left,left,0.9214988409688729,weber_holds
54,25,8,left,right,1.8090035037514678,weber_holds
55,25,8,left,left,0.7516610329232514,weber_holds
56,25,8,left,right,1.8326811290124252,weber_holds
57,25,8,left,left,1.0715391144351567,weber_holds
58,25,8,left,left,0.7559383801336157,weber_holds
59,25,8,left,left,1.0537939681847766,weber_holds
60,25,8,left,left,0.7117060273819769,weber_holds
61,25,2,right,right,1.0585972761134868,weber_holds
62,25,2,right,right,0.9587286531838946,weber_holds
63,25,2,right,left,1.7672081782289246,weber_holds
64,25,2,right,right,0.9321959795935224,weber_holds
65,25,2,right,right,0.8392455666081631,weber_holds
66,25,2,right,right,1.0719605998453026,weber_holds
67,25,2,right,right,0.8212419810950011,weber_holds
68,25,2,right,right,0.9494254662644661,weber_holds
69,25,2,right,right,0.825099309910408,weber_holds
70,25,2,right,right,0.8605256463938564,weber_holds
71,25,3,right,right,1.6884489754787635,weber_holds
72,25,3,right,right,1.210523566017435,weber_holds
73,25,3,right,right,3.0522087922738286,weber_holds
74,25,3,right,left,2.345604960455014,weber_holds
75,25,3,right,right,2.092818994450588,weber_holds
76,25,3,right,right,3.415969214947998,weber_holds
77,25,3,right,right,1.3434109522551496,weber_holds
78,25,3,right,right,1.5927224670214206,weber_holds
79,25,3,right,right,0.8561669018252644,weber_holds
80,25,3,right,right,1.1719039748242004,weber_holds
81,25,4,right,right,1.858153065166111,weber_holds
82,25,4,right,right,3.1871123747284416,weber_holds
83,25,4,right,left,1.8391443409522013,weber_holds
84,25,4,right,right,2.3114531355249617,weber_holds
85,25,4,right,left,2.4160079295904886,weber_holds
86,25,4,right,right,4.5469314257652025,weber_holds
87,25,4,right,right,1.9120160824565327,weber_holds
88,25,4,right,right,2.711808696763149,weber_holds
89,25,4,right,right,2.0998884754514404,weber_holds
90,25,4,right,right,2.0699843524412627,weber_holds
91,25,6,right,right,3.072529141854737,weber_holds
92,25,6,right,right,1.855421171309321,weber_holds
93,25,6,right,right,2.3592420121923627,weber_holds
94,25,6,right,right,2.3373264035435657,weber_holds
95,25,6,right,right,1.5903832684141803,weber_holds
96,25,6,right,right,2.3165391943800326,weber_holds
97,25,6,right,right,2.1588067627295997,weber_holds
98,25,6,right,right,2.0312004653935607,weber_holds
99,25,6,right,right,2.344490879797972,weber_holds
100,25,6,right,right,2.160516895728646,weber_holds
101,25,7,right,left,2.2565436870972793,weber_holds
102,25,7,right,left,1.703524708112719,weber_holds
103,25,7,right,right,1.5894906519677192,weber_holds
104,25,7,right,right,1.065765305433347,weber_holds
105,25,7,right,left,1.3070295915114316,weber_holds
106,25,7,right,right,1.7431739598432539,weber_holds
107,25,7,right,right,1.085568832179516,weber_holds
108,25,7,right,right,1.2286061190231297,weber_holds
109,25,7,right,right,1.7372859035813346,weber_holds
110,25,7,right,right,1.8033783206329124,weber_holds
111,25,8,right,right,1.2537176596829918,weber_holds
112,25,8,right,right,1.0053069425210521,weber_holds
113,25,8,right,right,0.9735214702417441,weber_holds
114,25,8,right,right,0.9725864487294429,weber_holds
115,25,8,right,right,1.5094281271127936,weber_holds
116,25,8,right,right,1.3494867835096203,weber_holds
117,25,8,right,right,1.2358327569836487,weber_holds
118,25,8,right,right,1.2304134208420612,weber_holds
119,25,8,right,right,0.8128841379157008,weber_holds
120,25,8,right,right,1.2550111491547034,weber_holds
1,26,2,left,left,1.0085706705044097,weber_holds
2,26,2,left,left,1.0538769451576078,weber_holds
3,26,2,left,left,1.0237311500045823,weber_holds
4,26,2,left,left,1.0760928491396666,weber_holds
5,26,2,left,left,0.7403555810267484,weber_holds
6,26,2,left,left,1.2016988755417102,weber_holds
7,26,2,left,left,1.3390208482257033,weber_holds
8,26,2,left,left,0.9190850474060435,weber_holds
9,26,2,left,left,0.7567843961560954,weber_holds
10,26,2,left,left,0.9438116085840933,weber_holds
11,26,3,left,left,0.8641123225469549,weber_holds
12,26,3,left,left,1.4683368621445116,weber_holds
13,26,3,left,left,1.5830050349089875,weber_holds
14,26,3,left,left,1.5649901443725731,weber_holds
15,26,3,left,left,1.0386046529132835,weber_holds
16,26,3,left,left,2.1913032222335183,weber_holds
17,26,3,left,left,2.046657763362356,weber_holds
18,26,3,left,left,1.2085245619652738,weber_holds
19,26,3,left,left,1.4075353442499832,weber_holds
20,26,3,left,left,1.0467801772995264,weber_holds
21,26,4,left,left,2.596509980805077,weber_holds
22,26,4,left,right,2.705482940673081,weber_holds
23,26,4,left,left,1.790793642340112,weber_holds
24,26,4,left,left,2.238598798450042,weber_holds
25,26,4,left,left,2.0739042085661654,weber_holds
26,26,4,left,left,1.7652037991482,weber_holds
27,26,4,left,left,2.2458198653348918,weber_holds
28,26,4,left,left,3.023875219903002,weber_holds
29,26,4,left,left,2.2403442249666425,weber_holds
30,26,4,left,left,2.9645437773219725,weber_holds
31,26,6,left,left,1.4601756448113874,weber_holds
32,26,6,left,left,2.207878263936155,weber_holds
33,26,6,left,right,1.722356737455267,weber_holds
34,26,6,left,left,1.7361242296107247,weber_holds
35,26,6,left,left,1.8598083556378613,weber_holds
36,26,6,left,left,2.5002052061773936,weber_holds
37,26,6,left,left,2.5299711790887813,weber_holds
38,26,6,left,left,2.521025212462732,weber_holds
39,26,6,left,right,2.311577143563986,weber_holds
40,26,6,left,left,2.184610858220163,weber_holds
41,26,7,left,left,1.1335055755442165,weber_holds
42,26,7,left,left,1.75652186325679,weber_holds
43,26,7,left,left,1.567673142526657,weber_holds
44,26,7,left,left,1.0651523705191728,weber_holds
45,26,7,left,left,1.6032605124023716,weber_holds
46,26,7,left,right,1.5884238324522004,weber_holds
47,26,7,left,left,1.5055947830934788,weber_holds
48,26,7,left,left,1.5590126445121697,weber_holds
49,26,7,left,left,1.7656052243033822,weber_holds
50,26,7,left,left,1.9873494817002835,weber_holds
51,26,8,left,left,0.8777240287615025,weber_holds
52,26,8,left,left,0.8235069230801784,weber_holds
53,26,8,left,left,0.9531858970067995,weber_holds
54,26,8,left,left,0.9531457037857065,weber_holds
55,26,8,left,left,0.8570393838682002,weber_holds
56,26,8,left,left,1.4279241132847507,weber_holds
57,26,8,left,left,0.919326909174627,weber_holds
58,26,8,left,left,1.1172753908288822,weber_holds
59,26,8,left,left,1.4512846043078969,weber_holds
60,26,8,left,left,0.7852273086389419,weber_holds
61,26,2,right,right,0.8698898285351067,weber_holds
62,26,2,right,right,0.9941236277001027,weber_holds
63,26,2,right,right,1.1657848071729533,weber_holds
64,26,2,right,right,2.228729707500841,weber_holds
65,26,2,right,right,0.8740079900922937,weber_holds
66,26,2,right,right,1.0452564850955388,weber_holds
67,26,2,right,right,1.4286099964200465,weber_holds
68,26,2,right,left,1.4042929626139196,weber_holds
69,26,2,right,right,2.2462906527682556,weber_holds
70,26,2,right,right,0.8875464275820268,weber_holds
71,26,3,right,right,1.081293231233009,weber_holds
72,26,3,right,right,4.678989214704362,weber_holds
73,26,3,right,right,1.994925134514235,weber_holds
74,26,3,right,right,0.8522009918455524,weber_holds
75,26,3,right,right,1.0124450910110556,weber_holds
76,26,3,right,right,1.3631566036061242,weber_holds
77,26,3,right,left,1.6413616544316447,weber_holds
78,26,3,right,right,1.217805782697948,weber_holds
79,26,3,right,left,2.02235824599739,weber_holds
80,26,3,right,right,1.4454060541466678,weber_holds
81,26,4,right,right,2.292480539119108,weber_holds
82,26,4,right,right,2.5596890833330908,weber_holds
83,26,4,right,right,2.1443574996600563,weber_holds
84,26,4,right,right,2.0547116316334475,weber_holds
85,26,4,right,left,2.9490366222933573,weber_holds
86,26,4,right,right,1.6796483964629245,weber_holds
87,26,4,right,right,2.5979946633117894,weber_holds
88,26,4,right,right,2.360359626564979,weber_holds
89,26,4,right,left,2.748484247510058,weber_holds
90,26,4,right,right,2.180395731094058,weber_holds
91,26,6,right,right,1.826328987081081,weber_holds
92,26,6,right,right,2.069688866559768,weber_holds
93,26,6,right,right,1.9860581023771837,weber_holds
94,26,6,right,right,2.0634278697343293,weber_holds
95,26,6,right,left,2.679104765343125,weber_holds
96,26,6,right,right,2.3760013102713757,weber_holds
97,26,6,right,right,2.8214390543377292,weber_holds
98,26,6,right,right,2.3169909301463707,weber_holds
99,26,6,right,left,3.731045767188938,weber_holds
100,26,6,right,left,3.2157473074778857,weber_holds
101,26,7,right,right,1.2876396164173727,weber_holds
102,26,7,right,right,1.4398653732331015,weber_holds
103,26,7,right,right,1.4638919140917022,weber_holds
104,26,7,right,right,1.1285469672687565,weber_holds
105,26,7,right,right,1.5148799187596962,weber_holds
106,26,7,right,right,1.435930228521009,weber_holds
107,26,7,right,right,0.8628437148608119,weber_holds
108,26,7,right,right,1.63567441947969,weber_holds
109,26,7,right,right,0.9966832768467591,weber_holds
110,26,7,right,right,3.4957262325418865,weber_holds
111,26,8,right,right,1.172992830405778,weber_holds
112,26,8,right,right,0.8656233550485213,weber_holds
113,26,8,right,right,0.8506068082384042,weber_holds
114,26,8,right,right,0.8638969201381086,weber_holds
115,26,8,right,right,1.1480428543749046,weber_holds
116,26,8,right,right,0.7499216266515107,weber_holds
117,26,8,right,right,1.027266700749736,weber_holds
118,26,8,right,right,0.6863510599199864,weber_holds
119,26,8,right,right,1.296714133963763,weber_holds
120,26,8,right,right,1.0861641073651047,weber_holds
1,27,2,left,left,0.847767589073178,weber_holds
2,27,2,left,left,1.1278441271119855,weber_holds
3,27,2,left,left,1.054521758148999,weber_holds
4,27,2,left,left,0.9926052452479903,weber_holds
5,27,2,left,left,0.8653877479726626,weber_holds
6,27,2,left,left,2.056747428612317,weber_holds
7,27,2,left,left,1.072358193858967,weber_holds
8,27,2,left,left,0.9744447744540281,weber_holds
9,27,2,left,left,0.8900999693701566,weber_holds
10,27,2,left,left,1.0666094669600992,weber_holds
11,27,3,left,left,2.7919549162202375,weber_holds
12,27,3,left,left,0.8098299717973352,weber_holds
13,27,3,left,left,2.3643741214415708,weber_holds
14,27,3,left,left,1.5207359420554045,weber_holds
15,27,3,left,left,0.9299793503415474,weber_holds
16,27,3,left,left,1.4232565479462618,weber_holds
17,27,3,left,left,1.4638459126496226,weber_holds
18,27,3,left,left,1.4725045535804941,weber_holds
19,27,3,left,left,1.2453416619080064,weber_holds
20,27,3,left,right,1.7825382994068486,weber_holds
21,27,4,left,left,4.019198423636569,weber_holds
22,27,4,left,left,2.296312555397867,weber_holds
23,27,4,left,left,1.3441069210926937,weber_holds
24,27,4,left,left,3.179217837605661,weber_holds
25,27,4,left,left,1.3819339234495422,weber_holds
26,27,4,left,left,1.518968597987045,weber_holds
27,27,4,left,left,2.0494037277415975,weber_holds
28,27,4,left,left,1.8362565021825505,weber_holds
29,27,4,left,left,2.1901172708293024,weber_holds
30,27,4,left,left,2.172388200011368,weber_holds
31,27,6,left,right,1.5612550557097926,weber_holds
32,27,6,left,left,1.7225300570126911,weber_holds
33,27,6,left,left,2.1632827661283813,weber_holds
34,27,6,left,right,2.630024092430251,weber_holds
35,27,6,left,right,1.717642082780642,weber_holds
36,27,6,left,right,1.9684349495421711,weber_holds
37,27,6,left,left,3.7041618910677974,weber_holds
38,27,6,left,right,2.194834654031521,weber_holds
39,27,6,left,left,3.141818544900667,weber_holds
40,27,6,left,left,1.5842174360018106,weber_holds
41,27,7,left,left,1.5413079951943172,weber_holds
42,27,7,left,left,2.410022136659554,weber_holds
43,27,7,left,left,1.3935677949531666,weber_holds
44,27,7,left,left,1.3323692255933035,weber_holds
45,27,7,left,left,1.25822145434985,weber_holds
46,27,7,left,left,1.3514324089812864,weber_holds
47,27,7,left,left,1.9695855531021655,weber_holds
48,27,7,left,left,1.5434214054835793,weber_holds
49,27,7,left,left,1.1446289003252708,weber_holds
50,27,7,left,left,1.2267566072126768,weber_holds
51,27,8,left,left,0.9137200811625272,weber_holds
52,27,8,left,left,1.2019921228383128,weber_holds
53,27,8,left,left,1.295924122216466,weber_holds
54,27,8,left,left,1.3800332968960474,weber_holds
55,27,8,left,left,0.9329183260505918,weber_holds
56,27,8,left,left,1.2846361596539255,weber_holds
57,27,8,left,left,1.348556118739935,weber_holds
58,27,8,left,left,0.9516452004985381,weber_holds
59,27,8,left,left,1.7705223116079758,weber_holds
60,27,8,left,left,2.146861984196706,weber_holds
61,27,2,right,right,1.1139569362547546,weber_holds
62,27,2,right,right,1.2694435971546418,weber_holds
63,27,2,right,right,1.0583683257544738,weber_holds
64,27,2,right,right,0.6982011297874842,weber_holds
65,27,2,right,right,1.5770139563571468,weber_holds
66,27,2,right,right,0.8258656211147439,weber_holds
67,27,2,right,right,0.8939955858768629,weber_holds
68,27,2,right,right,1.0127731283050274,weber_holds
69,27,2,right,right,0.961500546178373,weber_holds
70,27,2,right,right,0.8491474260153029,weber_holds
71,27,3,right,left,1.4589153728388953,weber_holds
72,27,3,right,right,1.7854113830547595,weber_holds
73,27,3,right,right,1.9674840512196075,weber_holds
74,27,3,right,right,1.0122488794689086,weber_holds
75,27,3,right,right,1.0881314417890158,weber_holds
76,27,3,right,right,1.6710938944307927,weber_holds
77,27,3,right,right,1.5420721813795901,weber_holds
78,27,3,right,right,1.6389858992376176,weber_holds
79,27,3,right,right,2.2294451882927024,weber_holds
80,27,3,right,right,1.680597441684902,weber_holds
81,27,4,right,right,2.2370583838055826,weber_holds
82,27,4,right,right,2.0354141868350855,weber_holds
83,27,4,right,left,2.6119373263514327,weber_holds
84,27,4,right,right,1.8420518980986524,weber_holds
85,27,4,right,left,1.8229291718753904,weber_holds
86,27,4,right,left,2.235640674869073,weber_holds
87,27,4,right,right,2.3568404872047206,weber_holds
88,27,4,right,right,2.0274178378021044,weber_holds
89,27,4,right,right,2.020166456725401,weber_holds
90,27,4,right,left,2.6239584146119137,weber_holds
91,27,6,right,left,2.95868875621693,weber_holds
92,27,6,right,right,1.6255004793589254,weber_holds
93,27,6,right,left,3.321677739372396,weber_holds
94,27,6,right,right,2.7120803621061618,weber_holds
95,27,6,right,right,3.0184305389824604,weber_holds
96,27,6,right,left,2.568092734417522,weber_holds
97,27,6,right,right,1.6518988366359613,weber_holds
98,27,6,right,right,2.475742430038433,weber_holds
99,27,6,right,left,1.8176471580583733,weber_holds
100,27,6,right,right,1.7075572125044973,weber_holds
101,27,7,right,right,1.5228823323666048,weber_holds
102,27,7,right,right,1.204847300721573,weber_holds
103,27,7,right,right,1.0082737887076956,weber_holds
104,27,7,right,right,1.95796744942524,weber_holds
105,27,7,right,right,1.3665688583338071,weber_holds
106,27,7,right,right,1.1323602694154276,weber_holds
107,27,7,right,right,1.6048552481590388,weber_holds
108,27,7,right,right,1.2076020280838182,weber_holds
109,27,7,right,right,1.4619275745061482,weber_holds
110,27,7,right,right,1.1169594702546812,weber_holds
111,27,8,right,right,0.6869423652176747,weber_holds
112,27,8,right,right,1.2346483733203295,weber_holds
113,27,8,right,right,0.8306528153520376,weber_holds
114,27,8,right,right,1.1424509362035618,weber_holds
115,27,8,right,right,1.334764539723436,weber_holds
116,27,8,right,right,0.8427176269748424,weber_holds
117,27,8,right,right,1.0366031010061045,weber_holds
118,27,8,right,right,0.9469886456569367,weber_holds
119,27,8,right,right,1.2306650344920185,weber_holds
120,27,8,right,right,1.1304947595603014,weber_holds
1,28,2,left,left,0.7760893810177081,weber_holds
2,28,2,left,left,0.9442080518178897,weber_holds
3,28,2,left,left,1.4260328337670078,weber_holds
4,28,2,left,left,0.8459117449009443,weber_holds
5,28,2,left,left,0.951218735707346,weber_holds
6,28,2,left,left,1.2705789208943299,weber_holds
7,28,2,left,left,0.8643494600118846,weber_holds
8,28,2,left,left,0.7694484510048913,weber_holds
9,28,2,left,left,0.9534194184500264,weber_holds
10,28,2,left,left,0.9242792699886344,weber_holds
11,28,3,left,left,2.071452089238595,weber_holds
12,28,3,left,left,2.105469094979441,weber_holds
13,28,3,left,left,1.0950063650179085,weber_holds
14,28,3,left,left,1.9808934835082712,weber_holds
15,28,3,left,left,1.5913175480035466,weber_holds
16,28,3,left,left,1.4222751579340303,weber_holds
17,28,3,left,left,2.2855333218386376,weber_holds
18,28,3,left,left,1.1320304472897615,weber_holds
19,28,3,left,left,0.9502384411655782,weber_holds
20,28,3,left,left,2.482819671823994,weber_holds
21,28,4,left,left,2.767960728145598,weber_holds
22,28,4,left,left,1.8494979626600434,weber_holds
23,28,4,left,left,1.9679189548016371,weber_holds
24,28,4,left,left,2.4813035677283892,weber_holds
25,28,4,left,left,1.8142351760238429,weber_holds
26,28,4,left,left,2.2666048258999107,weber_holds
27,28,4,left,left,1.786229254218621,weber_holds
28,28,4,left,left,2.7556091445136235,weber_holds
29,28,4,left,right,3.0019141021007227,weber_holds
30,28,4,left,left,2.17848944087848,weber_holds
31,28,6,left,left,2.412768532165899,weber_holds
32,28,6,left,left,1.8647198040232384,weber_holds
33,28,6,left,left,2.656294145350917,weber_holds
34,28,6,left,left,2.184956523206811,weber_holds
35,28,6,left,left,2.470651939906075,weber_holds
36,28,6,left,left,1.8417601808592479,weber_holds
37,28,6,left,right,1.69112899025955,weber_holds
38,28,6,left,left,1.9109598741968428,weber_holds
39,28,6,left,left,1.999873326443655,weber_holds
40,28,6,left,left,1.7710138332215597,weber_holds
41,28,7,left,left,1.202525538688946,weber_holds
42,28,7,left,left,0.9943934326563528,weber_holds
43,28,7,left,left,3.277687705511219,weber_holds
44,28,7,left,left,1.3901350524261735,weber_holds
45,28,7,left,left,1.4028603416906846,weber_holds
46,28,7,left,left,1.0874166939008476,weber_holds
47,28,7,left,left,1.2795215199277004,weber_holds
48,28,7,left,left,1.1945870919615638,weber_holds
49,28,7,left,left,2.0035827272712914,weber_holds
50,28,7,left,left,1.8009677655694767,weber_holds
51,28,8,left,left,1.4597116050582513,weber_holds
52,28,8,left,left,0.7412251220578834,weber_holds
53,28,8,left,left,0.939590395232242,weber_holds
54,28,8,left,left,1.0829360771944152,weber_holds
55,28,8,left,left,1.3881445554723224,weber_holds
56,28,8,left,left,0.7959915245330553,weber_holds
57,28,8,left,left,0.8680570077488834,weber_holds
58,28,8,left,left,1.3531115077970515,weber_holds
59,28,8,left,left,1.1086036329709728,weber_holds
60,28,8,left,left,1.3319981222653172,weber_holds
61,28,2,right,right,0.9112324936374756,weber_holds
62,28,2,right,right,0.9048969884055418,weber_holds
63,28,2,right,right,0.935103308103852,weber_holds
64,28,2,right,right,0.9549011980843201,weber_holds
65,28,2,right,right,0.9186291607335726,weber_holds
66,28,2,right,right,0.7789515438053285,weber_holds
67,28,2,right,right,1.7666633616150484,weber_holds
68,28,2,right,right,1.1754945736611582,weber_holds
69,28,2,right,right,1.0757719590029133,weber_holds
70,28,2,right,right,1.306072259318797,weber_holds
71,28,3,right,right,1.5031376531116574,weber_holds
72,28,3,right,right,1.7520277566263005,weber_holds
73,28,3,right,right,1.1497276757920862,weber_holds
74,28,3,right,right,1.188305678597789,weber_holds
75,28,3,right,right,1.433056380937687,weber_holds
76,28,3,right,right,2.3012608153137184,weber_holds
77,28,3,right,right,1.4922128049915695,weber_holds
78,28,3,right,right,1.8645388265787592,weber_holds
79,28,3,right,right,1.4600623519344091,weber_holds
80,28,3,right,right,1.2281090269364376,weber_holds
81,28,4,right,right,2.2128877260236415,weber_holds
82,28,4,right,left,2.5928137788913803,weber_holds
83,28,4,right,right,3.5233481030552722,weber_holds
84,28,4,right,left,2.707979506461819,weber_holds
85,28,4,right,right,2.584950959872873,weber_holds
86,28,4,right,right,1.7065846131437847,weber_holds
87,28,4,right,right,2.002067129380589,weber_holds
88,28,4,right,right,2.221828565071496,weber_holds
89,28,4,right,right,2.3819020358128253,weber_holds
90,28,4,right,right,2.124620104998828,weber_holds
91,28,6,right,right,1.7530878436331134,weber_holds
92,28,6,right,left,2.416953934517311,weber_holds
93,28,6,right,left,3.1932534772689323,weber_holds
94,28,6,right,left,2.0810471348024624,weber_holds
95,28,6,right,left,2.473826246415214,weber_holds
96,28,6,right,right,2.4975521324778645,weber_holds
97,28,6,right,right,1.833782214532124,weber_holds
98,28,6,right,right,1.7869649482188459,weber_holds
99,28,6,right,left,2.422683463248132,weber_holds
100,28,6,right,right,1.7103230199280164,weber_holds
101,28,7,right,right,1.0196703843432469,weber_holds
102,28,7,right,right,1.910307302409136,weber_holds
103,28,7,right,right,2.0507141049534026,weber_holds
104,28,7,right,right,1.5741959059889525,weber_holds
105,28,7,right,right,1.0688008010869394,weber_holds
106,28,7,right,right,3.4853514176124802,weber_holds
107,28,7,right,right,2.068037169578083,weber_holds
108,28,7,right,right,1.760092315186648,weber_holds
109,28,7,right,right,1.4465075400195424,weber_holds
110,28,7,right,right,1.2818704638420884,weber_holds
111,28,8,right,right,0.7813381571747375,weber_holds
112,28,8,right,right,1.0065753084169835,weber_holds
113,28,8,right,right,1.2282854227985054,weber_holds
114,28,8,right,right,0.9602863055475019,weber_holds
115,28,8,right,right,0.7850207892877155,weber_holds
116,28,8,right,right,0.9621565320284435,weber_holds
117,28,8,right,right,0.7925474598725042,weber_holds
118,28,8,right,right,1.0902315996743288,weber_holds
119,28,8,right,right,0.8400339094571976,weber_holds
120,28,8,right,right,1.2456901118311,weber_holds
1,29,2,left,left,1.1076398594034027,weber_holds
2,29,2,left,left,0.9528356984420552,weber_holds
3,29,2,left,right,1.4747826916095492,weber_holds
4,29,2,left,left,1.2346591173686587,weber_holds
5,29,2,left,left,0.79117926091796,weber_holds
6,29,2,left,left,1.097953566623769,weber_holds
7,29,2,left,left,0.8947253482284467,weber_holds
8,29,2,left,left,1.0844665905516961,weber_holds
9,29,2,left,left,0.9053946988417245,weber_holds
10,29,2,left,left,1.0760809299449907,weber_holds
11,29,3,left,left,1.3855480841968733,weber_holds
12,29,3,left,left,1.31435473174729,weber_holds
13,29,3,left,left,1.5977442415759862,weber_holds
14,29,3,left,left,1.6045632712482583,weber_holds
15,29,3,left,left,1.4158550049635523,weber_holds
16,29,3,left,left,1.871645361259782,weber_holds
17,29,3,left,left,2.008664812058851,weber_holds
18,29,3,left,left,1.181099259377127,weber_holds
19,29,3,left,left,1.4446646587004237,weber_holds
20,29,3,left,left,1.0970520128041261,weber_holds
21,29,4,left,left,1.6740298805059863,weber_holds
22,29,4,left,left,1.6663710183313198,weber_holds
23,29,4,left,left,1.8275818770607541,weber_holds
24,29,4,left,right,1.7482821393429913,weber_holds
25,29,4,left,left,1.4203803165515099,weber_holds
26,29,4,left,left,1.8948014975417389,weber_holds
27,29,4,left,left,3.4554363559382884,weber_holds
28,29,4,left,right,1.7020648059440848,weber_holds
29,29,4,left,right,2.7606747182415567,weber_holds
30,29,4,left,left,3.0159082538963498,weber_holds
31,29,6,left,right,2.067766888591737,weber_holds
32,29,6,left,right,2.7930652739667736,weber_holds
33,29,6,left,left,2.0470765975893026,weber_holds
34,29,6,left,left,1.9673339943848112,weber_holds
35,29,6,left,left,2.1031346422244894,weber_holds
36,29,6,left,right,2.2562059592535504,weber_holds
37,29,6,left,left,2.2909703590751818,weber_holds
38,29,6,left,left,1.5771648144162376,weber_holds
39,29,6,left,left,2.3470761172111825,weber_holds
40,29,6,left,left,1.749260072942914,weber_holds
41,29,7,left,left,1.0711224437933191,weber_holds
42,29,7,left,right,1.714433998664803,weber_holds
43,29,7,left,left,1.2673134250222435,weber_holds
44,29,7,left,left,1.855737269204897,weber_holds
45,29,7,left,right,6.366838548528436,weber_holds
46,29,7,left,left,1.3028886695717437,weber_holds
47,29,7,left,left,1.2212436424102107,weber_holds
48,29,7,left,left,1.5597712115260884,weber_holds
49,29,7,left,left,1.2994178808997647,weber_holds
50,29,7,left,left,2.2897221155183796,weber_holds
51,29,8,left,left,1.4324741206303218,weber_holds
52,29,8,left,left,0.930795871605554,weber_holds
53,29,8,left,left,1.167004133297154,weber_holds
54,29,8,left,left,0.9000665758862727,weber_holds
55,29,8,left,left,1.3470098106117545,weber_holds
56,29,8,left,left,0.9442784245721179,weber_holds
57,29,8,left,left,1.0241885439690315,weber_holds
58,29,8,left,left,0.8989418538721028,weber_holds
59,29,8,left,left,1.157476176058982,weber_holds
60,29,8,left,left,0.9601333421320071,weber_holds
61,29,2,right,right,1.040388687370691,weber_holds
62,29,2,right,right,1.0654557655206194,weber_holds
63,29,2,right,right,0.7833499395160233,weber_holds
64,29,2,right,right,0.6633641508559129,weber_holds
65,29,2,right,right,1.4308465190015964,weber_holds
66,29,2,right,right,0.9090073199439834,weber_holds
67,29,2,right,right,1.1032788220308816,weber_holds
68,29,2,right,right,1.7842146923639046,weber_holds
69,29,2,right,right,1.2715563485329722,weber_holds
70,29,2,right,right,1.3469627355546228,weber_holds
71,29,3,right,right,1.7155722694106148,weber_holds
72,29,3,right,right,2.388064173944402,weber_holds
73,29,3,right,right,1.0375194752192742,weber_holds
74,29,3,right,right,1.1849057069597666,weber_holds
75,29,3,right,right,1.23321208602734,weber_holds
76,29,3,right,right,1.359052421343302,weber_holds
77,29,3,right,right,1.3756164535028788,weber_holds
78,29,3,right,right,0.8416131706643115,weber_holds
79,29,3,right,right,1.3461789290670632,weber_holds
80,29,3,right,left,3.982363977330662,weber_holds
81,29,4,right,right,2.276223761710391,weber_holds
82,29,4,right,right,1.6617875794217891,weber_holds
83,29,4,right,right,1.6631370040802822,weber_holds
84,29,4,right,right,1.6198860734912341,weber_holds
85,29,4,right,right,1.6831921474507687,weber_holds
86,29,4,right,right,2.2013871657995034,weber_holds
87,29,4,right,left,2.7044815208636748,weber_holds
88,29,4,right,right,2.6477556037841263,weber_holds
89,29,4,right,right,2.188459611562804,weber_holds
90,29,4,right,right,1.5948483668847306,weber_holds
91,29,6,right,left,2.5087273440688627,weber_holds
92,29,6,right,right,4.6876073430275,weber_holds
93,29,6,right,right,3.040116274798531,weber_holds
94,29,6,right,right,1.9944301324320124,weber_holds
95,29,6,right,left,5.450249595681614,weber_holds
96,29,6,right,right,2.1013060723619166,weber_holds
97,29,6,right,right,1.7937943171170776,weber_holds
98,29,6,right,left,2.142686680526317,weber_holds
99,29,6,right,right,2.0259915263669335,weber_holds
100,29,6,right,right,2.282908741107777,weber_holds
101,29,7,right,right,1.027941456720632,weber_holds
102,29,7,right,right,2.2759154045759935,weber_holds
103,29,7,right,right,1.4779472938446871,weber_holds
104,29,7,right,right,1.2206707169082829,weber_holds
105,29,7,right,right,1.7161126488680065,weber_holds
106,29,7,right,right,1.7331061319653769,weber_holds
107,29,7,right,right,1.1161053560549008,weber_holds
108,29,7,right,right,1.2901030038965478,weber_holds
109,29,7,right,right,2.1459542502530717,weber_holds
110,29,7,right,right,1.5064054598791077,weber_holds
111,29,8,right,right,0.8844955432416768,weber_holds
112,29,8,right,right,0.7219302299790131,weber_holds
113,29,8,right,right,0.9926390441311614,weber_holds
114,29,8,right,right,1.1427287807770081,weber_holds
115,29,8,right,right,1.0452023940113906,weber_holds
116,29,8,right,right,0.9892876341971302,weber_holds
117,29,8,right,left,1.6308411123014228,weber_holds
118,29,8,right,right,0.9443563686064977,weber_holds
119,29,8,right,right,0.9018084388974292,weber_holds
120,29,8,right,right,0.7152920501155804,weber_holds
1,30,2,left,left,1.2137325436785447,weber_holds
2,30,2,left,left,1.2791979762738737,weber_holds
3,30,2,left,left,0.9772699227145734,weber_holds
4,30,2,left,left,1.0842687280234553,weber_holds
5,30,2,left,right,1.885947441396372,weber_holds
6,30,2,left,left,1.1032581814242726,weber_holds
7,30,2,left,left,0.6657711459970392,weber_holds
8,30,2,left,left,1.1681331871407101,weber_holds
9,30,2,left,right,1.17554305099604,weber_holds
10,30,2,left,left,0.7259774308758524,weber_holds
11,30,3,left,left,1.346506834359429,weber_holds
12,30,3,left,left,1.5754827739212334,weber_holds
13,30,3,left,left,1.1332095575994494,weber_holds
14,30,3,left,left,1.0017033804087152,weber_holds
15,30,3,left,left,1.35350299671279,weber_holds
16,30,3,left,left,1.2202232929015524,weber_holds
17,30,3,left,left,2.1913360528385377,weber_holds
18,30,3,left,left,1.1948775386843085,weber_holds
19,30,3,left,left,1.207540250608827,weber_holds
20,30,3,left,left,1.4044639212145793,weber_holds
21,30,4,left,right,2.0171512238614193,weber_holds
22,30,4,left,left,1.9781173698060996,weber_holds
23,30,4,left,left,2.0177001068062737,weber_holds
24,30,4,left,left,2.4202855167897357,weber_holds
25,30,4,left,left,1.8670327054366904,weber_holds
26,30,4,left,left,1.8868006220352171,weber_holds
27,30,4,left,left,1.552112457600911,weber_holds
28,30,4,left,right,1.3392344875944797,weber_holds
29,30,4,left,left,3.2791376585306793,weber_holds
30,30,4,left,left,2.6228772061338965,weber_holds
31,30,6,left,right,3.4479750017951853,weber_holds
32,30,6,left,left,1.551124939246677,weber_holds
33,30,6,left,left,1.455339476232102,weber_holds
34,30,6,left,left,2.635274941790221,weber_holds
35,30,6,left,left,1.6552352544238413,weber_holds
36,30,6,left,left,2.3408500507885903,weber_holds
37,30,6,left,left,2.979607952133316,weber_holds
38,30,6,left,right,2.6628240828821084,weber_holds
39,30,6,left,left,2.255630443963953,weber_holds
40,30,6,left,right,2.322139720671956,weber_holds
41,30,7,left,left,0.772155721534818,weber_holds
42,30,7,left,left,1.1946393105190665,weber_holds
43,30,7,left,left,1.1832717197083726,weber_holds
44,30,7,left,left,1.632491220651869,weber_holds
45,30,7,left,left,1.1556468679201075,weber_holds
46,30,7,left,left,1.26875399651962,weber_holds
47,30,7,left,left,2.1445281645497896,weber_holds
48,30,7,left,left,1.2118141927983679,weber_holds
49,30,7,left,left,1.5931285215202764,weber_holds
50,30,7,left,left,1.0796745648047232,weber_holds
51,30,8,left,left,1.1018088988448027,weber_holds
52,30,8,left,left,1.3251488491230707,weber_holds
53,30,8,left,left,1.3813630347566326,weber_holds
54,30,8,left,left,0.8248271562674565,weber_holds
55,30,8,left,left,0.9977031510891128,weber_holds
56,30,8,left,left,1.0727345581096068,weber_holds
57,30,8,left,left,0.7254996047878539,weber_holds
58,30,8,left,left,0.984187960721824,weber_holds
59,30,8,left,left,0.8026225102568032,weber_holds
60,30,8,left,left,1.3905162731892275,weber_holds
61,30,2,right,right,0.7295529736932367,weber_holds
62,30,2,right,right,0.9195394214259422,weber_holds
63,30,2,right,right,0.9094888491485156,weber_holds
64,30,2,right,right,1.1237457762499032,weber_holds
65,30,2,right,right,0.7633415002705077,weber_holds
66,30,2,right,right,1.0248590136252254,weber_holds
67,30,2,right,right,0.9660417968328998,weber_holds
68,30,2,right,right,1.2180306487725006,weber_holds
69,30,2,right,right,1.1156662891576892,weber_holds
70,30,2,right,right,0.8847586951135296,weber_holds
71,30,3,right,right,2.193509993120676,weber_holds
72,30,3,right,left,2.716746262037196,weber_holds
73,30,3,right,right,1.0071528631086035,weber_holds
74,30,3,right,right,1.203722403161862,weber_holds
75,30,3,right,right,1.6575564320072298,weber_holds
76,30,3,right,right,1.421447131294531,weber_holds
77,30,3,right,left,1.577361816236132,weber_holds
78,30,3,right,left,1.8939235396426763,weber_holds
79,30,3,right,right,1.4828800997611933,weber_holds
80,30,3,right,right,1.292191645297637,weber_holds
81,30,4,right,right,1.5954911494932582,weber_holds
82,30,4,right,left,1.8479399369231535,weber_holds
83,30,4,right,left,2.6598692696329755,weber_holds
84,30,4,right,right,2.465557215442299,weber_holds
85,30,4,right,right,2.809173380008384,weber_holds
86,30,4,right,right,2.1333574897074006,weber_holds
87,30,4,right,right,2.038491036992255,weber_holds
88,30,4,right,left,2.311155877357671,weber_holds
89,30,4,right,right,2.2743792294133724,weber_holds
90,30,4,right,right,2.3683718232748774,weber_holds
91,30,6,right,right,2.2629364789701762,weber_holds
92,30,6,right,right,1.617431946631966,weber_holds
93,30,6,right,right,1.4228890918088681,weber_holds
94,30,6,right,right,2.659453445622875,weber_holds
95,30,6,right,right,1.7864300800781818,weber_holds
96,30,6,right,right,3.158645225670208,weber_holds
97,30,6,right,left,2.3142444397965454,weber_holds
98,30,6,right,right,2.5083819183579132,weber_holds
99,30,6,right,right,1.792990346308286,weber_holds
100,30,6,right,left,2.288192313587279,weber_holds
101,30,7,right,right,1.159794172795188,weber_holds
102,30,7,right,right,1.6084701581949075,weber_holds
103,30,7,right,left,1.6713055709761433,weber_holds
104,30,7,right,right,1.1739579971370435,weber_holds
105,30,7,right,right,0.965331863542165,weber_holds
106,30,7,right,left,1.4924890511080753,weber_holds
107,30,7,right,right,1.9870925215506012,weber_holds
108,30,7,right,right,1.9839745365198813,weber_holds
109,30,7,right,right,1.5412621618278495,weber_holds
110,30,7,right,right,1.2443356439641131,weber_holds
111,30,8,right,right,1.0364197225149376,weber_holds
112,30,8,right,right,0.7697759855663784,weber_holds
113,30,8,right,right,1.3051809853844192,weber_holds
114,30,8,right,right,0.6822752767696472,weber_holds
115,30,8,right,right,0.9904314841066215,weber_holds
116,30,8,right,right,0.8044350861398726,weber_holds
117,30,8,right,left,1.977540328759101,weber_holds
118,30,8,right,right,1.0875052178863742,weber_holds
119,30,8,right,right,0.9338894360266232,weber_holds
120,30,8,right,right,0.6990036612050059,weber_holds
1,31,2,left,left,1.2229597887152244,weber_holds
2,31,2,left,right,2.6033635262708006,weber_holds
3,31,2,left,left,2.5932907471474467,weber_holds
4,31,2,left,left,1.1501901525659572,weber_holds
5,31,2,left,left,0.9002227075680664,weber_holds
6,31,2,left,left,0.7381501500847079,weber_holds
7,31,2,left,left,0.8510257244766584,weber_holds
8,31,2,left,right,1.3697890307653036,weber_holds
9,31,2,left,left,0.6962496577210742,weber_holds
10,31,2,left,left,1.0782618916112894,weber_holds
11,31,3,left,left,1.208058890433631,weber_holds
12,31,3,left,left,1.2524642456143673,weber_holds
13,31,3,left,left,1.7393094246905196,weber_holds
14,31,3,left,left,1.3447672815317648,weber_holds
15,31,3,left,left,1.0131832417679898,weber_holds
16,31,3,left,left,1.190734776898748,weber_holds
17,31,3,left,left,1.1960969672218391,weber_holds
18,31,3,left,left,0.9326586664272984,weber_holds
19,31,3,left,right,2.0950132071859358,weber_holds
20,31,3,left,left,1.1918142468062665,weber_holds
21,31,4,left,left,2.960910087205275,weber_holds
22,31,4,left,left,1.5609785732559531,weber_holds
23,31,4,left,left,1.9886864477154311,weber_holds
24,31,4,left,left,1.7562146638331892,weber_holds
25,31,4,left,left,2.8845406381416767,weber_holds
26,31,4,left,left,1.7570647786378037,weber_holds
27,31,4,left,left,2.005699303785942,weber_holds
28,31,4,left,left,2.5312194146329605,weber_holds
29,31,4,left,left,2.7546539952358766,weber_holds
30,31,4,left,left,2.1366469329071762,weber_holds
31,31,6,left,left,1.4618538243866102,weber_holds
32,31,6,left,left,1.5400180844916043,weber_holds
33,31,6,left,left,1.9783053950267386,weber_holds
34,31,6,left,right,2.5207799671203657,weber_holds
35,31,6,left,left,2.960152206982981,weber_holds
36,31,6,left,right,2.3843226643670667,weber_holds
37,31,6,left,left,1.646585217990947,weber_holds
38,31,6,left,left,2.5966033435157407,weber_holds
39,31,6,left,right,2.822936211205731,weber_holds
40,31,6,left,left,2.2807322718865364,weber_holds
41,31,7,left,left,1.0632998056997873,weber_holds
42,31,7,left,left,1.074852106631401,weber_holds
43,31,7,left,left,0.8978398929663662,weber_holds
44,31,7,left,left,0.9683533049664441,weber_holds
45,31,7,left,left,0.8723928782537433,weber_holds
46,31,7,left,left,1.7311661640920426,weber_holds
47,31,7,left,left,1.5854538302997514,weber_holds
48,31,7,left,left,1.2258120376665707,weber_holds
49,31,7,left,left,1.0830121224038314,weber_holds
50,31,7,left,left,1.5183864116878794,weber_holds
51,31,8,left,left,0.8843220448556255,weber_holds
52,31,8,left,left,1.1807072802008751,weber_holds
53,31,8,left,left,1.1440495309327725,weber_holds
54,31,8,left,left,0.9067491830626686,weber_holds
55,31,8,left,left,0.8794704903765893,weber_holds
56,31,8,left,left,0.6974185862276275,weber_holds
57,31,8,left,right,2.5418932966086176,weber_holds
58,31,8,left,left,0.8037866581016628,weber_holds
59,31,8,left,left,1.3588647172285202,weber_holds
60,31,8,left,left,1.381028106708657,weber_holds
61,31,2,right,right,1.1488213192272358,weber_holds
62,31,2,right,right,1.1273971803339398,weber_holds
63,31,2,right,right,1.037150405629649,weber_holds
64,31,2,right,right,1.3294146649871952,weber_holds
65,31,2,right,right,1.7529731161723259,weber_holds
66,31,2,right,left,1.028537865667551,weber_holds
67,31,2,right,right,0.878387681074654,weber_holds
68,31,2,right,right,0.783847010283431,weber_holds
69,31,2,right,right,0.9267431548847112,weber_holds
70,31,2,right,right,1.9953130434183677,weber_holds
71,31,3,right,right,2.0129491254760636,weber_holds
72,31,3,right,right,1.1240689767450642,weber_holds
73,31,3,right,right,1.5781791795067075,weber_holds
74,31,3,right,left,1.4381046844948346,weber_holds
75,31,3,right,right,0.9632118834695622,weber_holds
76,31,3,right,right,1.1862204246484616,weber_holds
77,31,3,right,right,1.2846306761745838,weber_holds
78,31,3,right,right,1.5686627068752776,weber_holds
79,31,3,right,right,1.3193106711887912,weber_holds
80,31,3,right,right,2.3827852961609888,weber_holds
81,31,4,right,right,2.879728337052973,weber_holds
82,31,4,right,right,2.310767222492122,weber_holds
83,31,4,right,right,1.6358333754443066,weber_holds
84,31,4,right,right,1.906154676408056,weber_holds
85,31,4,right,right,2.6978429746569725,weber_holds
86,31,4,right,left,2.071535776683204,weber_holds
87,31,4,right,left,3.322368191645169,weber_holds
88,31,4,right,right,2.4874415429432517,weber_holds
89,31,4,right,left,2.0564496323608057,weber_holds
90,31,4,right,right,1.9105895292730615,weber_holds
91,31,6,right,left,2.9095120949454913,weber_holds
92,31,6,right,left,2.5351817779285075,weber_holds
93,31,6,right,right,2.4954846315915704,weber_holds
94,31,6,right,left,3.5946214218623376,weber_holds
95,31,6,right,right,2.530564439605653,weber_holds
96,31,6,right,right,1.8856228015253933,weber_holds
97,31,6,right,left,2.749476800902091,weber_holds
98,31,6,right,right,1.6059518994302944,weber_holds
99,31,6,right,right,2.6846212092323096,weber_holds
100,31,6,right,right,3.1835028065435966,weber_holds
101,31,7,right,right,1.633857264686083,weber_holds
102,31,7,right,left,1.582661814049104,weber_holds
103,31,7,right,right,3.7152435941296797,weber_holds
104,31,7,right,right,1.247815784319264,weber_holds
105,31,7,right,right,0.9878990022936058,weber_holds
106,31,7,right,right,1.0491972139406334,weber_holds
107,31,7,right,right,1.1808616298333394,weber_holds
108,31,7,right,right,2.194696726776994,weber_holds
109,31,7,right,right,1.4600218571735923,weber_holds
110,31,7,right,left,2.7785963783477587,weber_holds
111,31,8,right,right,0.945573082714676,weber_holds
112,31,8,right,right,1.0339402054346492,weber_holds
113,31,8,right,right,0.7491455861286564,weber_holds
114,31,8,right,right,1.1528284294472708,weber_holds
115,31,8,right,right,1.005348002360537,weber_holds
116,31,8,right,right,1.7050275592259403,weber_holds
117,31,8,right,right,0.8071234487584091,weber_holds
118,31,8,right,right,0.9080381879358501,weber_holds
119,31,8,right,right,0.9845918597931209,weber_holds
120,31,8,right,right,1.224066195293918,weber_holds
1,32,2,left,left,0.8649555161838436,weber_holds
2,32,2,left,left,0.8494456907031893,weber_holds
3,32,2,left,left,0.9150946235127551,weber_holds
4,32,2,left,left,1.9288619263237676,weber_holds
5,32,2,left,left,0.9869553285391617,weber_holds
6,32,2,left,left,0.7880801441698537,weber_holds
7,32,2,left,left,1.0020069783606371,weber_holds
8,32,2,left,left,0.9797649822884762,weber_holds
9,32,2,left,left,1.4517851566463793,weber_holds
10,32,2,left,left,1.1341996964635488,weber_holds
11,32,3,left,left,1.7535869713042607,weber_holds
12,32,3,left,left,1.3566557069342093,weber_holds
13,32,3,left,left,0.9614006003041333,weber_holds
14,32,3,left,left,1.5934971790770143,weber_holds
15,32,3,left,left,1.2315529431991585,weber_holds
16,32,3,left,left,1.1645387736508028,weber_holds
17,32,3,left,left,1.427793201096865,weber_holds
18,32,3,left,left,1.5256187571796014,weber_holds
19,32,3,left,left,0.8782377608855856,weber_holds
20,32,3,left,left,1.940671914887182,weber_holds
21,32,4,left,left,2.109283178474432,weber_holds
22,32,4,left,left,2.1077498479665775,weber_holds
23,32,4,left,left,2.0175587829193624,weber_holds
24,32,4,left,left,2.4961801356058744,weber_holds
25,32,4,left,left,1.8552337362600129,weber_holds
26,32,4,left,left,3.1401873074475963,weber_holds
27,32,4,left,left,3.2046532138939026,weber_holds
28,32,4,left,right,2.6196449524999608,weber_holds
29,32,4,left,right,2.8839999110791945,weber_holds
30,32,4,left,left,1.7369761597445612,weber_holds
31,32,6,left,left,1.809316481762555,weber_holds
32,32,6,left,left,4.05658970481225,weber_holds
33,32,6,left,left,2.056269174083063,weber_holds
34,32,6,left,left,1.5620970760681312,weber_holds
35,32,6,left,left,1.4508242493586325,weber_holds
36,32,6,left,left,3.4040610681110133,weber_holds
37,32,6,left,left,1.3857272274870593,weber_holds
38,32,6,left,left,1.9886188617772518,weber_holds
39,32,6,left,left,2.4738424727753903,weber_holds
40,32,6,left,left,2.690451494179056,weber_holds
41,32,7,left,left,1.0531922131496552,weber_holds
42,32,7,left,left,1.012970365298559,weber_holds
43,32,7,left,left,1.5028821867269337,weber_holds
44,32,7,left,right,1.3554326117794566,weber_holds
45,32,7,left,left,1.2401409101199392,weber_holds
46,32,7,left,left,1.398257346406476,weber_holds
47,32,7,left,left,1.126228421880672,weber_holds
48,32,7,left,left,1.3305580292753012,weber_holds
49,32,7,left,left,1.450299245996771,weber_holds
50,32,7,left,left,1.530068540333613,weber_holds
51,32,8,left,left,1.1716077451365423,weber_holds
52,32,8,left,left,0.9681234681858131,weber_holds
53,32,8,left,left,1.311190623759315,weber_holds
54,32,8,left,left,0.8194198921324194,weber_holds
55,32,8,left,left,1.6113281838321958,weber_holds
56,32,8,left,right,1.7495476858550214,weber_holds
57,32,8,left,left,1.4705618596865118,weber_holds
58,32,8,left,left,0.7314282111980233,weber_holds
59,32,8,left,left,0.8468208574761813,weber_holds
60,32,8,left,left,0.8918404995810763,weber_holds
61,32,2,right,right,1.1130524219206868,weber_holds
62,32,2,right,right,0.7796199574251692,weber_holds
63,32,2,right,right,0.7176786101005788,weber_holds
64,32,2,right,right,1.6159979403861306,weber_holds
65,32,2,right,right,0.9672635009131005,weber_holds
66,32,2,right,right,0.7935218941555506,weber_holds
67,32,2,right,right,1.2071034104444558,weber_holds
68,32,2,right,right,2.698376506066811,weber_holds
69,32,2,right,left,1.5657501421053284,weber_holds
70,32,2,right,right,0.9260976648253543,weber_holds
71,32,3,right,right,1.4397285317826671,weber_holds
72,32,3,right,right,1.539499332561568,weber_holds
73,32,3,right,right,2.4608359727406364,weber_holds
74,32,3,right,right,1.3063337265186097,weber_holds
75,32,3,right,right,1.3556862680872304,weber_holds
76,32,3,right,right,1.6099144491511779,weber_holds
77,32,3,right,right,2.011392339754045,weber_holds
78,32,3,right,right,2.2034121175484094,weber_holds
79,32,3,right,right,1.4290805136458848,weber_holds
80,32,3,right,left,1.870905631944196,weber_holds
81,32,4,right,right,2.12267925513352,weber_holds
82,32,4,right,right,2.22081586857715,weber_holds
83,32,4,right,right,2.583326598282697,weber_holds
84,32,4,right,right,1.9440748788476296,weber_holds
85,32,4,right,left,2.602253140789263,weber_holds
86,32,4,right,right,2.1683886051611667,weber_holds
87,32,4,right,right,1.9328490992806364,weber_holds
88,32,4,right,right,1.7690502274382829,weber_holds
89,32,4,right,right,2.3302887257883618,weber_holds
90,32,4,right,left,2.371913990827442,weber_holds
91,32,6,right,right,1.4026795461650678,weber_holds
92,32,6,right,left,2.2739015222504992,weber_holds
93,32,6,right,right,1.6230903950351139,weber_holds
94,32,6,right,right,2.1691775403464546,weber_holds
95,32,6,right,left,1.7587101368648381,weber_holds
96,32,6,right,right,3.2865524104814727,weber_holds
97,32,6,right,right,2.0024281057650004,weber_holds
98,32,6,right,right,2.259314918046094,weber_holds
99,32,6,right,left,1.8398283162849023,weber_holds
100,32,6,right,right,2.1975235864163545,weber_holds
101,32,7,right,right,1.3308656465111797,weber_holds
102,32,7,right,right,1.251840626617889,weber_holds
103,32,7,right,right,2.3911835749272425,weber_holds
104,32,7,right,right,1.0627192836022574,weber_holds
105,32,7,right,right,1.0912062017664657,weber_holds
106,32,7,right,right,1.0325328457681189,weber_holds
107,32,7,right,left,2.538677229730767,weber_holds
108,32,7,right,right,1.115818806303891,weber_holds
109,32,7,right,right,1.3828930167808786,weber_holds
110,32,7,right,right,1.339470227617136,weber_holds
111,32,8,right,right,2.279462478232219,weber_holds
112,32,8,right,right,0.8619782083720107,weber_holds
113,32,8,right,left,1.1729922476773962,weber_holds
114,32,8,right,right,1.239683060016569,weber_holds
115,32,8,right,right,1.1414355001263639,weber_holds
116,32,8,right,left,2.145110924358365,weber_holds
117,32,8,right,left,1.6401971113929803,weber_holds
118,32,8,right,right,0.9243334172384272,weber_holds
119,32,8,right,right,0.8855130033042966,weber_holds
120,32,8,right,right,0.6710081471193403,weber_holds
1,33,2,left,left,1.3653521002023787,weber_holds
2,33,2,left,left,0.7264152928619871,weber_holds
3,33,2,left,left,1.0382626077415322,weber_holds
4,33,2,left,left,2.445178888701404,weber_holds
5,33,2,left,left,2.081169114695905,weber_holds
6,33,2,left,left,1.1216563911644624,weber_holds
7,33,2,left,left,1.1194284156685075,weber_holds
8,33,2,left,left,2.032472269320235,weber_holds
9,33,2,left,left,0.7330280192950396,weber_holds
10,33,2,left,left,0.6545391966927073,weber_holds
11,33,3,left,left,1.1877121539989592,weber_holds
12,33,3,left,left,1.2611969278597877,weber_holds
13,33,3,left,left,1.1695330030694306,weber_holds
14,33,3,left,left,2.296343136587717,weber_holds
15,33,3,left,left,1.4622656020576204,weber_holds
16,33,3,left,right,1.2867927521504963,weber_holds
17,33,3,left,left,1.541518476989234,weber_holds
18,33,3,left,left,1.4971040079410622,weber_holds
19,33,3,left,left,3.323943085564184,weber_holds
20,33,3,left,left,1.5225695444483676,weber_holds
21,33,4,left,left,2.538738816608147,weber_holds
22,33,4,left,left,2.306096400200858,weber_holds
23,33,4,left,right,2.71309364191032,weber_holds
24,33,4,left,right,1.8893637593739188,weber_holds
25,33,4,left,left,2.0601399350607252,weber_holds
26,33,4,left,left,1.8951847768844579,weber_holds
27,33,4,left,right,2.2265911593739576,weber_holds
28,33,4,left,right,5.246412552146753,weber_holds
29,33,4,left,left,1.5317896127129358,weber_holds
30,33,4,left,left,1.8472975010917696,weber_holds
31,33,6,left,left,2.2020141322827973,weber_holds
32,33,6,left,left,6.780440413448539,weber_holds
33,33,6,left,right,1.7317090534483106,weber_holds
34,33,6,left,right,2.5272077330148686,weber_holds
35,33,6,left,left,2.843895207392106,weber_holds
36,33,6,left,left,1.7768074196148202,weber_holds
37,33,6,left,left,1.3804844394746794,weber_holds
38,33,6,left,right,1.7108296917029404,weber_holds
39,33,6,left,left,1.7200954256585377,weber_holds
40,33,6,left,left,1.9157850894866768,weber_holds
41,33,7,left,left,1.346023838883387,weber_holds
42,33,7,left,left,1.1331430678967211,weber_holds
43,33,7,left,left,2.5776605822168475,weber_holds
44,33,7,left,right,2.3041675118848635,weber_holds
45,33,7,left,left,0.8869534645455377,weber_holds
46,33,7,left,left,1.6432498787454346,weber_holds
47,33,7,left,left,1.13809478201022,weber_holds
48,33,7,left,left,1.5494869859026827,weber_holds
49,33,7,left,left,1.940470358132885,weber_holds
50,33,7,left,left,1.2096967000859267,weber_holds
51,33,8,left,left,1.2891693037406713,weber_holds
52,33,8,left,left,0.76935906683374,weber_holds
53,33,8,left,left,0.741175804655462,weber_holds
54,33,8,left,left,0.9215266774419539,weber_holds
55,33,8,left,left,1.2267895923317071,weber_holds
56,33,8,left,left,0.7865813631395604,weber_holds
57,33,8,left,left,1.0709385735494172,weber_holds
58,33,8,left,left,2.645267700616254,weber_holds
59,33,8,left,left,1.4345309712128707,weber_holds
60,33,8,left,left,0.8099490565138785,weber_holds
61,33,2,right,right,0.5681291183747624,weber_holds
62,33,2,right,right,0.8627798658496231,weber_holds
63,33,2,right,right,1.1122812965684323,weber_holds
64,33,2,right,right,0.7467177943041616,weber_holds
65,33,2,right,right,1.0594020994462068,weber_holds
66,33,2,right,right,1.182663280632211,weber_holds
67,33,2,right,right,1.1572227401994815,weber_holds
68,33,2,right,right,1.4011845310704019,weber_holds
69,33,2,right,right,1.225962953298938,weber_holds
70,33,2,right,right,0.8104775933246919,weber_holds
71,33,3,right,right,1.787420366680976,weber_holds
72,33,3,right,left,1.6213512160719457,weber_holds
73,33,3,right,right,1.1723096515850675,weber_holds
74,33,3,right,right,1.0314517407548638,weber_holds
75,33,3,right,right,2.8096622752953415,weber_holds
76,33,3,right,right,1.5418885536650517,weber_holds
77,33,3,right,right,1.1402589836668635,weber_holds
78,33,3,right,right,1.6393196441779427,weber_holds
79,33,3,right,right,0.9572141578039495,weber_holds
80,33,3,right,right,1.26398176093805,weber_holds
81,33,4,right,right,1.686271146537373,weber_holds
82,33,4,right,right,2.6789279146912253,weber_holds
83,33,4,right,right,1.4601755056863857,weber_holds
84,33,4,right,right,2.7033353159203504,weber_holds
85,33,4,right,right,2.01995864008275,weber_holds
86,33,4,right,left,2.0766058581181817,weber_holds
87,33,4,right,right,1.747734004552401,weber_holds
88,33,4,right,right,2.02334295346192,weber_holds
89,33,4,right,right,2.335322212785511,weber_holds
90,33,4,right,left,3.784216833549535,weber_holds
91,33,6,right,right,3.832196160102034,weber_holds
92,33,6,right,right,1.4230340556854473,weber_holds
93,33,6,right,right,1.8436303186474328,weber_holds
94,33,6,right,left,2.2591303575240227,weber_holds
95,33,6,right,right,2.0344551239237103,weber_holds
96,33,6,right,left,2.0549874997772553,weber_holds
97,33,6,right,right,2.089293863433117,weber_holds
98,33,6,right,right,2.639236297458692,weber_holds
99,33,6,right,right,2.0491075815407576,weber_holds
100,33,6,right,right,2.932273467492354,weber_holds
101,33,7,right,right,2.249514152411323,weber_holds
102,33,7,right,right,1.2681623120402863,weber_holds
103,33,7,right,right,1.104780900328373,weber_holds
104,33,7,right,right,1.7509062164094134,weber_holds
105,33,7,right,left,1.6078278468817528,weber_holds
106,33,7,right,right,1.278905972686801,weber_holds
107,33,7,right,right,1.4353460006871306,weber_holds
108,33,7,right,right,1.9528439447033328,weber_holds
109,33,7,right,right,1.456873946876451,weber_holds
110,33,7,right,right,2.1606153274796234,weber_holds
111,33,8,right,right,1.2048651416785419,weber_holds
112,33,8,right,right,0.924890682443924,weber_holds
113,33,8,right,right,1.3985748943525582,weber_holds
114,33,8,right,right,0.8441449667042462,weber_holds
115,33,8,right,right,1.2030660401483757,weber_holds
116,33,8,right,right,1.154405771266854,weber_holds
117,33,8,right,right,1.1572261056924757,weber_holds
118,33,8,right,right,1.1291669589724804,weber_holds
119,33,8,right,right,0.9543383035036888,weber_holds
120,33,8,right,right,0.9152938891896942,weber_holds
1,34,2,left,left,1.1005685164414039,weber_holds
2,34,2,left,left,1.8971805901256706,weber_holds
3,34,2,left,left,1.010657232204167,weber_holds
4,34,2,left,left,1.1134738133063375,weber_holds
5,34,2,left,left,1.098870440144638,weber_holds
6,34,2,left,left,1.0626032696549053,weber_holds
7,34,2,left,left,0.800645713370796,weber_holds
8,34,2,left,left,1.0000024097921085,weber_holds
9,34,2,left,left,1.1617444277126254,weber_holds
10,34,2,left,left,0.7929240105174891,weber_holds
11,34,3,left,left,1.4295078680679763,weber_holds
12,34,3,left,left,1.4385058348546953,weber_holds
13,34,3,left,left,2.909277112764264,weber_holds
14,34,3,left,left,1.3922883886417257,weber_holds
15,34,3,left,left,1.9761379391211291,weber_holds
16,34,3,left,left,1.2769241393753044,weber_holds
17,34,3,left,right,1.8305862364199392,weber_holds
18,34,3,left,left,1.2326816272918362,weber_holds
19,34,3,left,left,1.4786454262438218,weber_holds
20,34,3,left,left,2.13408680930938,weber_holds
21,34,4,left,left,1.8414566289661354,weber_holds
22,34,4,left,left,1.2829220622751374,weber_holds
23,34,4,left,left,2.3807073608302827,weber_holds
24,34,4,left,left,2.3539304129365433,weber_holds
25,34,4,left,right,2.2435393583963714,weber_holds
26,34,4,left,left,1.5188225883359396,weber_holds
27,34,4,left,left,2.226231389178096,weber_holds
28,34,4,left,left,3.0197195950448195,weber_holds
29,34,4,left,left,1.7577038832550755,weber_holds
30,34,4,left,left,1.9711187634508571,weber_holds
31,34,6,left,left,2.537003798905586,weber_holds
32,34,6,left,right,2.11187985856543,weber_holds
33,34,6,left,left,1.6426608466241548,weber_holds
34,34,6,left,left,2.013513549308561,weber_holds
35,34,6,left,right,2.1552831836905484,weber_holds
36,34,6,left,right,2.112030151360321,weber_holds
37,34,6,left,right,2.706960050428124,weber_holds
38,34,6,left,left,1.4173497783240947,weber_holds
39,34,6,left,right,2.45819811219679,weber_holds
40,34,6,left,left,1.3588256680830746,weber_holds
41,34,7,left,left,1.1217627391443032,weber_holds
42,34,7,left,left,1.2707004104479307,weber_holds
43,34,7,left,left,1.108869268298719,weber_holds
44,34,7,left,left,1.3876316597643195,weber_holds
45,34,7,left,left,1.1412030762369625,weber_holds
46,34,7,left,left,1.2504859433153934,weber_holds
47,34,7,left,left,1.2966789650369044,weber_holds
48,34,7,left,left,1.194185017416936,weber_holds
49,34,7,left,left,1.4343543532796716,weber_holds
50,34,7,left,left,1.6377077077740845,weber_holds
51,34,8,left,left,0.8612921362752883,weber_holds
52,34,8,left,left,0.8992236570549721,weber_holds
53,34,8,left,left,0.9465668030273942,weber_holds
54,34,8,left,left,1.2072490547990162,weber_holds
55,34,8,left,left,0.8093945722830875,weber_holds
56,34,8,left,left,0.8993531652565583,weber_holds
57,34,8,left,left,1.2596047927931147,weber_holds
58,34,8,left,left,0.9897175713103721,weber_holds
59,34,8,left,left,0.8343031808346948,weber_holds
60,34,8,left,left,0.9320568436591188,weber_holds
61,34,2,right,right,0.9320931194430804,weber_holds
62,34,2,right,right,1.0995472402824626,weber_holds
63,34,2,right,left,1.1592715357826917,weber_holds
64,34,2,right,right,1.4227991620972282,weber_holds
65,34,2,right,right,0.9483045802941605,weber_holds
66,34,2,right,right,1.394625508840619,weber_holds
67,34,2,right,right,0.7650505063566555,weber_holds
68,34,2,right,right,1.2629216604080962,weber_holds
69,34,2,right,right,1.0971147602013278,weber_holds
70,34,2,right,right,0.9733207996833342,weber_holds
71,34,3,right,right,1.3872185155000685,weber_holds
72,34,3,right,left,2.1988382154651323,weber_holds
73,34,3,right,right,1.1777427526924682,weber_holds
74,34,3,right,right,1.584822223120671,weber_holds
75,34,3,right,right,1.4859942598355933,weber_holds
76,34,3,right,right,1.382986769233623,weber_holds
77,34,3,right,right,1.7859257414270835,weber_holds
78,34,3,right,right,1.2744456080262798,weber_holds
79,34,3,right,left,3.6640336493779637,weber_holds
80,34,3,right,right,1.5240121906506736,weber_holds
81,34,4,right,right,2.1694189234283234,weber_holds
82,34,4,right,left,2.1683838004269953,weber_holds
83,34,4,right,right,2.2895879680647884,weber_holds
84,34,4,right,right,1.5724943607650093,weber_holds
85,34,4,right,right,1.8378020120537197,weber_holds
86,34,4,right,right,2.559701530435898,weber_holds
87,34,4,right,right,3.778747737200674,weber_holds
88,34,4,right,right,2.9146321493068674,weber_holds
89,34,4,right,left,2.1969731501997662,weber_holds
90,34,4,right,right,2.5146694552516715,weber_holds
91,34,6,right,left,2.468727832280897,weber_holds
92,34,6,right,right,3.480084063374623,weber_holds
93,34,6,right,right,2.081605036825669,weber_holds
94,34,6,right,right,2.1469753718820366,weber_holds
95,34,6,right,right,1.4129725974256269,weber_holds
96,34,6,right,left,2.4917031962042904,weber_holds
97,34,6,right,left,2.165900862688287,weber_holds
98,34,6,right,right,1.652172396530523,weber_holds
99,34,6,right,left,2.167320685565965,weber_holds
100,34,6,right,right,1.545576050824389,weber_holds
101,34,7,right,right,2.087633220834153,weber_holds
102,34,7,right,right,1.5659966763147852,weber_holds
103,34,7,right,right,1.2093877711150665,weber_holds
104,34,7,right,right,1.3986209702505694,weber_holds
105,34,7,right,right,2.1954604950450265,weber_holds
106,34,7,right,right,2.345815995176424,weber_holds
107,34,7,right,right,2.7625378071172446,weber_holds
108,34,7,right,right,1.1877179342688138,weber_holds
109,34,7,right,right,1.1568424247058962,weber_holds
110,34,7,right,right,1.473197770233117,weber_holds
111,34,8,right,right,1.0654602959820427,weber_holds
112,34,8,right,right,1.0946675077700248,weber_holds
113,34,8,right,right,0.9934574698786929,weber_holds
114,34,8,right,right,0.9453740468889225,weber_holds
115,34,8,right,right,1.123491764151144,weber_holds
116,34,8,right,right,1.1924698841882195,weber_holds
117,34,8,right,right,1.3656151083356018,weber_holds
118,34,8,right,right,0.7477489492028369,weber_holds
119,34,8,right,right,0.8242292591685587,weber_holds
120,34,8,right,right,0.7885817550941849,weber_holds
1,35,2,left,left,1.1161736330352878,weber_holds
2,35,2,left,left,1.0315639213755783,weber_holds
3,35,2,left,left,0.94313930827411,weber_holds
4,35,2,left,left,1.0817926670467417,weber_holds
5,35,2,left,right,1.483600629723765,weber_holds
6,35,2,left,left,0.7210229844099123,weber_holds
7,35,2,left,left,0.7329435010279521,weber_holds
8,35,2,left,left,1.3402170143079712,weber_holds
9,35,2,left,left,0.8600880344842263,weber_holds
10,35,2,left,left,0.7716119393981042,weber_holds
11,35,3,left,left,1.6811698917627147,weber_holds
12,35,3,left,left,1.5803958567772791,weber_holds
13,35,3,left,left,1.4011422834824545,weber_holds
14,35,3,left,left,1.2143516348922818,weber_holds
15,35,3,left,left,1.0687626045893188,weber_holds
16,35,3,left,left,2.4128016956539975,weber_holds
17,35,3,left,left,1.291706840647589,weber_holds
18,35,3,left,left,1.8089236583206592,weber_holds
19,35,3,left,left,1.4643905865015898,weber_holds
20,35,3,left,left,1.4115856116379748,weber_holds
21,35,4,left,left,2.8366955704904115,weber_holds
22,35,4,left,right,2.034608312118354,weber_holds
23,35,4,left,left,1.9710208829154006,weber_holds
24,35,4,left,left,1.8362647581888396,weber_holds
25,35,4,left,left,2.0306484925276296,weber_holds
26,35,4,left,left,1.9204188374668825,weber_holds
27,35,4,left,left,2.494248293036349,weber_holds
28,35,4,left,right,2.109899125268155,weber_holds
29,35,4,left,left,2.7219380916006295,weber_holds
30,35,4,left,left,2.3352215528893363,weber_holds
31,35,6,left,left,1.8931622801805503,weber_holds
32,35,6,left,left,2.782956192352247,weber_holds
33,35,6,left,left,1.5432907179733175,weber_holds
34,35,6,left,left,1.9935754213722041,weber_holds
35,35,6,left,left,1.5153131931975619,weber_holds
36,35,6,left,left,1.4793038549225648,weber_holds
37,35,6,left,right,2.471178602807571,weber_holds
38,35,6,left,left,2.6026755834387885,weber_holds
39,35,6,left,left,1.9612551949984016,weber_holds
40,35,6,left,left,1.8352502206708863,weber_holds
41,35,7,left,left,1.2963901852824609,weber_holds
42,35,7,left,left,2.6050366037327586,weber_holds
43,35,7,left,left,1.6979353929933052,weber_holds
44,35,7,left,left,0.9937123456928756,weber_holds
45,35,7,left,right,1.902768942862791,weber_holds
46,35,7,left,left,1.2868715309272758,weber_holds
47,35,7,left,left,1.3914716762190003,weber_holds
48,35,7,left,right,1.8805358091361697,weber_holds
49,35,7,left,left,1.174373878657538,weber_holds
50,35,7,left,left,1.6196978641909248,weber_holds
51,35,8,left,left,0.8351906890533383,weber_holds
52,35,8,left,left,0.8888111670583847,weber_holds
53,35,8,left,left,0.802169708469662,weber_holds
54,35,8,left,left,1.1130794351790505,weber_holds
55,35,8,left,left,0.9095404905070572,weber_holds
56,35,8,left,left,0.9946926634283282,weber_holds
57,35,8,left,left,1.2087526036680074,weber_holds
58,35,8,left,left,0.6853470740386154,weber_holds
59,35,8,left,left,0.9047574811665049,weber_holds
60,35,8,left,left,0.909922145309451,weber_holds
61,35,2,right,right,0.9094294414910555,weber_holds
62,35,2,right,right,1.626753523304248,weber_holds
63,35,2,right,right,0.8224827633662284,weber_holds
64,35,2,right,right,0.9242708580189354,weber_holds
65,35,2,right,right,0.8969235013308117,weber_holds
66,35,2,right,right,0.9387941007236342,weber_holds
67,35,2,right,left,0.8412907192630055,weber_holds
68,35,2,right,right,0.7011143613082269,weber_holds
69,35,2,right,right,0.8901588461800656,weber_holds
70,35,2,right,right,1.7159718932359413,weber_holds
71,35,3,right,right,1.45779079338528,weber_holds
72,35,3,right,right,1.8603452944329792,weber_holds
73,35,3,right,left,1.144153881157901,weber_holds
74,35,3,right,right,1.0492523390010737,weber_holds
75,35,3,right,right,1.4866421684296693,weber_holds
76,35,3,right,right,1.297324962353734,weber_holds
77,35,3,right,right,1.1287327146031156,weber_holds
78,35,3,right,right,1.81619611684316,weber_holds
79,35,3,right,right,1.442906412261939,weber_holds
80,35,3,right,left,2.2164817987358876,weber_holds
81,35,4,right,left,2.0241494405043317,weber_holds
82,35,4,right,right,2.0792493442930704,weber_holds
83,35,4,right,right,2.885257937595894,weber_holds
84,35,4,right,right,1.6182285454998964,weber_holds
85,35,4,right,right,2.3739909011132307,weber_holds
86,35,4,right,right,1.7892582970220146,weber_holds
87,35,4,right,left,4.174949356843869,weber_holds
88,35,4,right,left,2.905330318605834,weber_holds
89,35,4,right,left,1.9876750853318754,weber_holds
90,35,4,right,right,1.7662340086954134,weber_holds
91,35,6,right,right,3.3089772925880756,weber_holds
92,35,6,right,left,2.2472201050591414,weber_holds
93,35,6,right,right,1.675473720097217,weber_holds
94,35,6,right,right,3.267218942737184,weber_holds
95,35,6,right,left,1.7294230877945271,weber_holds
96,35,6,right,right,2.733308993185043,weber_holds
97,35,6,right,right,2.2440689937021636,weber_holds
98,35,6,right,left,2.446942125247373,weber_holds
99,35,6,right,right,2.4711792069001794,weber_holds
100,35,6,right,right,1.5731761842236864,weber_holds
101,35,7,right,left,1.6253806041626238,weber_holds
102,35,7,right,right,1.4113364601870724,weber_holds
103,35,7,right,right,1.6363874270968082,weber_holds
104,35,7,right,right,1.7366563355640918,weber_holds
105,35,7,right,right,1.1486626860019,weber_holds
106,35,7,right,left,1.2706630119053561,weber_holds
107,35,7,right,right,1.2266149670449733,weber_holds
108,35,7,right,right,1.6469586362673525,weber_holds
109,35,7,right,right,1.3139660274615204,weber_holds
110,35,7,right,right,1.061732317509599,weber_holds
111,35,8,right,right,1.0865603033727693,weber_holds
112,35,8,right,right,1.364369245177258,weber_holds
113,35,8,right,right,0.9977756451066819,weber_holds
114,35,8,right,right,0.8305850814813815,weber_holds
115,35,8,right,right,1.488090187075924,weber_holds
116,35,8,right,right,1.3735279476004365,weber_holds
117,35,8,right,right,1.2398785773739898,weber_holds
118,35,8,right,right,0.7041011440663167,weber_holds
119,35,8,right,right,1.208893347718639,weber_holds
120,35,8,right,right,1.5427442439464774,weber_holds
1,36,2,left,left,0.9458856664104631,weber_holds
2,36,2,left,left,1.0020984285638048,weber_holds
3,36,2,left,left,0.717336487850438,weber_holds
4,36,2,left,left,1.174140464771398,weber_holds
5,36,2,left,left,1.1517287986951668,weber_holds
6,36,2,left,left,0.8049800502025732,weber_holds
7,36,2,left,left,0.6293758431040075,weber_holds
8,36,2,left,left,1.0081331845962909,weber_holds
9,36,2,left,left,0.8646994363091458,weber_holds
10,36,2,left,left,0.7054211927848029,weber_holds
11,36,3,left,left,1.5284327540124012,weber_holds
12,36,3,left,left,1.9950202706484488,weber_holds
13,36,3,left,left,1.5330291910231708,weber_holds
14,36,3,left,left,1.210765367091354,weber_holds
15,36,3,left,left,1.5347671990610157,weber_holds
16,36,3,left,left,0.7413114343514875,weber_holds
17,36,3,left,left,1.5106314277123465,weber_holds
18,36,3,left,left,1.3400070791677061,weber_holds
19,36,3,left,left,1.4870251545110549,weber_holds
20,36,3,left,left,1.482011332621272,weber_holds
21,36,4,left,left,1.8766355913452777,weber_holds
22,36,4,left,left,2.059105062967355,weber_holds
23,36,4,left,right,3.483381144993934,weber_holds
24,36,4,left,left,1.899831355967612,weber_holds
25,36,4,left,left,2.595957031955659,weber_holds
26,36,4,left,right,3.3359347999940665,weber_holds
27,36,4,left,left,1.5985002623180657,weber_holds
28,36,4,left,right,2.377588507399626,weber_holds
29,36,4,left,left,1.540625673000978,weber_holds
30,36,4,left,right,3.7380510159700977,weber_holds
31,36,6,left,left,1.9468399169945443,weber_holds
32,36,6,left,left,2.292531485944664,weber_holds
33,36,6,left,left,1.6658589518965874,weber_holds
34,36,6,left,right,2.4616854633711407,weber_holds
35,36,6,left,left,2.0358947418258855,weber_holds
36,36,6,left,left,2.103994654558954,weber_holds
37,36,6,left,left,2.4550188011069967,weber_holds
38,36,6,left,left,2.8132942002219035,weber_holds
39,36,6,left,right,2.141320227546528,weber_holds
40,36,6,left,left,2.159789927252732,weber_holds
41,36,7,left,left,1.4302394131985026,weber_holds
42,36,7,left,right,1.4486443669719227,weber_holds
43,36,7,left,left,1.7153165972444762,weber_holds
44,36,7,left,left,1.9517903573094046,weber_holds
45,36,7,left,left,1.2262719185812843,weber_holds
46,36,7,left,left,1.6376632424089457,weber_holds
47,36,7,left,left,1.8918922321680243,weber_holds
48,36,7,left,left,1.5729415157343671,weber_holds
49,36,7,left,left,1.888028594540935,weber_holds
50,36,7,left,left,1.0356763672073215,weber_holds
51,36,8,left,left,0.7453305212063681,weber_holds
52,36,8,left,left,0.8119302350315778,weber_holds
53,36,8,left,left,0.8910016045821767,weber_holds
54,36,8,left,left,0.9369191559627845,weber_holds
55,36,8,left,left,0.7997189865815604,weber_holds
56,36,8,left,left,0.6622518738467501,weber_holds
57,36,8,left,left,1.2446338125874408,weber_holds
58,36,8,left,left,0.7168616572008149,weber_holds
59,36,8,left,left,1.5215567673203128,weber_holds
60,36,8,left,left,0.740723906224114,weber_holds
61,36,2,right,right,1.068299560931246,weber_holds
62,36,2,right,right,1.1834649038376523,weber_holds
63,36,2,right,right,0.7970644150934252,weber_holds
64,36,2,right,right,1.0517659690756767,weber_holds
65,36,2,right,right,1.2360020191105934,weber_holds
66,36,2,right,right,1.0634145344927999,weber_holds
67,36,2,right,left,1.0804536303249166,weber_holds
68,36,2,right,right,0.9836509891046299,weber_holds
69,36,2,right,right,0.9791438103628152,weber_holds
70,36,2,right,right,0.9993051929046324,weber_holds
71,36,3,right,right,0.8386617153517639,weber_holds
72,36,3,right,right,1.022343735522894,weber_holds
73,36,3,right,right,1.117416782905981,weber_holds
74,36,3,right,right,1.50587297215558,weber_holds
75,36,3,right,right,1.4470407794418076,weber_holds
76,36,3,right,right,1.1189199653883197,weber_holds
77,36,3,right,right,1.8758644355972565,weber_holds
78,36,3,right,right,1.1877199362251456,weber_holds
79,36,3,right,right,1.9591843721415005,weber_holds
80,36,3,right,left,1.4161236036486846,weber_holds
81,36,4,right,right,2.236025958996854,weber_holds
82,36,4,right,left,2.9736213569229615,weber_holds
83,36,4,right,left,2.867114801292933,weber_holds
84,36,4,right,right,1.5749171672320086,weber_holds
85,36,4,right,right,1.913135818528695,weber_holds
86,36,4,right,right,2.216965163044065,weber_holds
87,36,4,right,left,2.63754878259789,weber_holds
88,36,4,right,left,2.6198383303704866,weber_holds
89,36,4,right,left,1.8293877180938758,weber_holds
90,36,4,right,left,1.4576222829054992,weber_holds
91,36,6,right,right,1.8324715377009,weber_holds
92,36,6,right,right,1.7070133197026809,weber_holds
93,36,6,right,right,2.4610068313907525,weber_holds
94,36,6,right,right,2.108701730748943,weber_holds
95,36,6,right,right,1.9188574753767933,weber_holds
96,36,6,right,right,1.519352482045898,weber_holds
97,36,6,right,left,2.48370424172553,weber_holds
98,36,6,right,right,2.4833919004038822,weber_holds
99,36,6,right,right,1.5098893668475437,weber_holds
100,36,6,right,right,2.7927864132632365,weber_holds
101,36,7,right,right,1.493881961748962,weber_holds
102,36,7,right,right,0.9498982478743134,weber_holds
103,36,7,right,left,1.5541100547827225,weber_holds
104,36,7,right,right,1.6601534876751465,weber_holds
105,36,7,right,right,2.130937561908375,weber_holds
106,36,7,right,right,1.4145678932988728,weber_holds
107,36,7,right,right,1.022899712566648,weber_holds
108,36,7,right,right,2.120931598562835,weber_holds
109,36,7,right,right,1.3044939153026545,weber_holds
110,36,7,right,right,0.9349966374105532,weber_holds
111,36,8,right,right,0.8493371249639821,weber_holds
112,36,8,right,right,1.4835690865013134,weber_holds
113,36,8,right,right,0.9944322949321793,weber_holds
114,36,8,right,right,0.8440960037579617,weber_holds
115,36,8,right,right,0.6853937411507725,weber_holds
116,36,8,right,right,0.9945681358647167,weber_holds
117,36,8,right,right,0.9696916964062945,weber_holds
118,36,8,right,right,1.1785508242607576,weber_holds
119,36,8,right,right,1.5690649356701165,weber_holds
120,36,8,right,right,1.0175365639472407,weber_holds
1,37,2,left,left,1.0592049286169316,weber_holds
2,37,2,left,left,1.134621641894992,weber_holds
3,37,2,left,left,0.9443028204502919,weber_holds
4,37,2,left,left,0.944625274778176,weber_holds
5,37,2,left,left,0.9035656312171909,weber_holds
6,37,2,left,left,0.770608415334179,weber_holds
7,37,2,left,left,1.1228986512213484,weber_holds
8,37,2,left,left,1.145764330231917,weber_holds
9,37,2,left,left,1.174760516995808,weber_holds
10,37,2,left,left,0.9825345145680322,weber_holds
11,37,3,left,left,0.9856931240746853,weber_holds
12,37,3,left,left,3.283511090627409,weber_holds
13,37,3,left,left,1.3977474196787705,weber_holds
14,37,3,left,right,1.7651402930599447,weber_holds
15,37,3,left,right,1.4609056446634234,weber_holds
16,37,3,left,left,1.144958951983341,weber_holds
17,37,3,left,left,1.6191112793611664,weber_holds
18,37,3,left,left,0.9984213918928966,weber_holds
19,37,3,left,left,1.3042340760011764,weber_holds
20,37,3,left,left,1.0472345701854517,weber_holds
21,37,4,left,left,1.9100685733159541,weber_holds
22,37,4,left,right,3.001982352799606,weber_holds
23,37,4,left,left,1.6762640307755432,weber_holds
24,37,4,left,left,1.6960478314612404,weber_holds
25,37,4,left,left,2.073772031807771,weber_holds
26,37,4,left,right,2.3535045406913584,weber_holds
27,37,4,left,left,1.931661454836054,weber_holds
28,37,4,left,left,2.9290848381877566,weber_holds
29,37,4,left,left,1.8588945774191963,weber_holds
30,37,4,left,left,2.486283669149001,weber_holds
31,37,6,left,left,2.6810944582756266,weber_holds
32,37,6,left,right,5.920801503440136,weber_holds
33,37,6,left,right,2.7816006973301377,weber_holds
34,37,6,left,left,2.662687342655027,weber_holds
35,37,6,left,right,2.9071324412266093,weber_holds
36,37,6,left,left,2.5134535169880854,weber_holds
37,37,6,left,right,3.088753219731936,weber_holds
38,37,6,left,left,2.2270210506554258,weber_holds
39,37,6,left,right,1.9528156951173938,weber_holds
40,37,6,left,right,4.141889801389169,weber_holds
41,37,7,left,left,1.1306395420155937,weber_holds
42,37,7,left,left,0.8400732695699293,weber_holds
43,37,7,left,left,1.6875199028786165,weber_holds
44,37,7,left,left,1.3737529632886059,weber_holds
45,37,7,left,left,1.5669480293975122,weber_holds
46,37,7,left,left,1.0212939837072668,weber_holds
47,37,7,left,left,1.2257445685367618,weber_holds
48,37,7,left,left,1.2247967681833962,weber_holds
49,37,7,left,left,1.798737777118508,weber_holds
50,37,7,left,left,1.3607160465870194,weber_holds
51,37,8,left,left,0.9424242823401405,weber_holds
52,37,8,left,left,0.8873290762852395,weber_holds
53,37,8,left,right,1.205829540025335,weber_holds
54,37,8,left,right,1.5921384805226158,weber_holds
55,37,8,left,left,0.8426434512556782,weber_holds
56,37,8,left,left,1.5535095044353513,weber_holds
57,37,8,left,left,1.5735721396188806,weber_holds
58,37,8,left,left,0.6597861934750472,weber_holds
59,37,8,left,left,0.9669096244851205,weber_holds
60,37,8,left,left,0.7118923131391051,weber_holds
61,37,2,right,left,1.3835882038436835,weber_holds
62,37,2,right,right,1.161560249776503,weber_holds
63,37,2,right,right,0.9780407465750438,weber_holds
64,37,2,right,right,0.788827505762429,weber_holds
65,37,2,right,right,1.2825249793462308,weber_holds
66,37,2,right,right,0.81793276406112,weber_holds
67,37,2,right,right,1.119399124980695,weber_holds
68,37,2,right,left,1.67278504629288,weber_holds
69,37,2,right,right,1.0158249077722896,weber_holds
70,37,2,right,right,1.0651508624074972,weber_holds
71,37,3,right,right,2.0569080328776734,weber_holds
72,37,3,right,right,1.445084978896355,weber_holds
73,37,3,right,right,1.1014660395981577,weber_holds
74,37,3,right,right,1.7074984426269069,weber_holds
75,37,3,right,right,1.5219930860841488,weber_holds
76,37,3,right,right,1.1231062886609873,weber_holds
77,37,3,right,right,1.8212054961063862,weber_holds
78,37,3,right,right,1.6573766124314906,weber_holds
79,37,3,right,right,1.3192311603687596,weber_holds
80,37,3,right,right,1.6358979659801067,weber_holds
81,37,4,right,left,2.1184351131592476,weber_holds
82,37,4,right,right,2.2133860621094765,weber_holds
83,37,4,right,right,2.7397358376343344,weber_holds
84,37,4,right,right,2.653316177001909,weber_holds
85,37,4,right,right,1.802327544258792,weber_holds
86,37,4,right,right,1.4164385404839042,weber_holds
87,37,4,right,left,2.854038931824301,weber_holds
88,37,4,right,right,2.1176334421411442,weber_holds
89,37,4,right,right,2.763838446058381,weber_holds
90,37,4,right,right,2.2898491740187,weber_holds
91,37,6,right,right,1.8114865497307968,weber_holds
92,37,6,right,right,1.50020969894644,weber_holds
93,37,6,right,right,2.169292250963825,weber_holds
94,37,6,right,right,1.8092267907604904,weber_holds
95,37,6,right,right,2.093679989215598,weber_holds
96,37,6,right,right,1.8540462422007669,weber_holds
97,37,6,right,right,1.9100083488549477,weber_holds
98,37,6,right,right,1.9666970978839329,weber_holds
99,37,6,right,left,2.5334441160242607,weber_holds
100,37,6,right,left,2.567688349725778,weber_holds
101,37,7,right,right,1.3267145646746665,weber_holds
102,37,7,right,right,1.6914990460093247,weber_holds
103,37,7,right,right,1.3618323701065747,weber_holds
104,37,7,right,right,1.2628095293114745,weber_holds
105,37,7,right,right,1.4171259500514837,weber_holds
106,37,7,right,right,1.0930880533392011,weber_holds
107,37,7,right,right,1.1680728304641494,weber_holds
108,37,7,right,right,1.9544912151159972,weber_holds
109,37,7,right,right,1.0679643513966572,weber_holds
110,37,7,right,right,1.8789482582407742,weber_holds
111,37,8,right,right,0.8354228341913588,weber_holds
112,37,8,right,right,1.322056011867409,weber_holds
113,37,8,right,right,1.178503416465568,weber_holds
114,37,8,right,right,1.7756621247807662,weber_holds
115,37,8,right,right,0.7599874701755875,weber_holds
116,37,8,right,right,2.059953185978226,weber_holds
117,37,8,right,right,0.6711478780838888,weber_holds
118,37,8,right,right,1.2338199453859353,weber_holds
119,37,8,right,right,0.9229139814460607,weber_holds
120,37,8,right,right,1.1316924775266723,weber_holds
1,38,2,left,left,0.8470429967833033,weber_holds
2,38,2,left,left,1.5516317556119938,weber_holds
3,38,2,left,left,1.0553215882284248,weber_holds
4,38,2,left,left,0.9417223731555893,weber_holds
5,38,2,left,left,0.8118615825100379,weber_holds
6,38,2,left,left,0.8451951400780822,weber_holds
7,38,2,left,right,0.9115239485551216,weber_holds
8,38,2,left,right,1.2220262148446528,weber_holds
9,38,2,left,left,1.001133896436544,weber_holds
10,38,2,left,left,1.0315983982515855,weber_holds
11,38,3,left,left,1.4422218976745238,weber_holds
12,38,3,left,left,1.6551352899431055,weber_holds
13,38,3,left,left,1.2355745760120265,weber_holds
14,38,3,left,left,1.462708112198169,weber_holds
15,38,3,left,left,1.2630041927054023,weber_holds
16,38,3,left,left,1.2247340834288092,weber_holds
17,38,3,left,left,2.3450267757903935,weber_holds
18,38,3,left,left,1.85960760016279,weber_holds
19,38,3,left,left,1.2544388479262962,weber_holds
20,38,3,left,right,1.6260073052747783,weber_holds
21,38,4,left,left,2.8184978772294547,weber_holds
22,38,4,left,left,1.6844657521567263,weber_holds
23,38,4,left,left,2.190465110461595,weber_holds
24,38,4,left,left,1.562151774274626,weber_holds
25,38,4,left,right,1.952609632947354,weber_holds
26,38,4,left,right,2.4741559977210685,weber_holds
27,38,4,left,right,2.3759016846797554,weber_holds
28,38,4,left,left,2.532938416394746,weber_holds
29,38,4,left,left,2.1200986036145415,weber_holds
30,38,4,left,left,2.1542545914119096,weber_holds
31,38,6,left,right,2.652581881164452,weber_holds
32,38,6,left,left,1.5983999892803804,weber_holds
33,38,6,left,left,2.3897784485527738,weber_holds
34,38,6,left,left,3.066067410604644,weber_holds
35,38,6,left,left,2.850843234018673,weber_holds
36,38,6,left,left,1.849591794118378,weber_holds
37,38,6,left,left,1.7961256388018885,weber_holds
38,38,6,left,right,2.6990117096288637,weber_holds
39,38,6,left,left,3.3106654908345354,weber_holds
40,38,6,left,left,2.172810842159299,weber_holds
41,38,7,left,left,0.942023992074789,weber_holds
42,38,7,left,left,2.354528307935504,weber_holds
43,38,7,left,left,1.484251504637978,weber_holds
44,38,7,left,left,0.9714130802408782,weber_holds
45,38,7,left,left,1.1095388383447051,weber_holds
46,38,7,left,left,1.702006496206551,weber_holds
47,38,7,left,left,0.9121115934579505,weber_holds
48,38,7,left,left,1.7599830469744961,weber_holds
49,38,7,left,right,1.899983424416477,weber_holds
50,38,7,left,left,1.0391589000553958,weber_holds
51,38,8,left,left,1.7646621736074002,weber_holds
52,38,8,left,left,1.3974356514832276,weber_holds
53,38,8,left,left,1.0844843316314523,weber_holds
54,38,8,left,left,0.9455538211079153,weber_holds
55,38,8,left,left,1.095985758657197,weber_holds
56,38,8,left,left,0.9747000622274433,weber_holds
57,38,8,left,left,0.7832201432078458,weber_holds
58,38,8,left,right,1.098223495863574,weber_holds
59,38,8,left,left,0.8996338751167174,weber_holds
60,38,8,left,left,0.9373678308133067,weber_holds
61,38,2,right,right,0.914164288052671,weber_holds
62,38,2,right,right,0.648157804837371,weber_holds
63,38,2,right,right,1.1655048140342896,weber_holds
64,38,2,right,left,1.1919630176479614,weber_holds
65,38,2,right,right,1.1222826510180437,weber_holds
66,38,2,right,right,0.9576448215649462,weber_holds
67,38,2,right,right,0.8629377720141691,weber_holds
68,38,2,right,right,1.0979538411278453,weber_holds
69,38,2,right,right,0.7236688191723899,weber_holds
70,38,2,right,right,1.3441971796510612,weber_holds
71,38,3,right,right,1.2897696955228666,weber_holds
72,38,3,right,right,1.9988203628493464,weber_holds
73,38,3,right,right,1.6010974238691342,weber_holds
74,38,3,right,right,1.2045801369840556,weber_holds
75,38,3,right,right,1.9328673239626626,weber_holds
76,38,3,right,right,1.3557034741343956,weber_holds
77,38,3,right,right,1.4164162940264096,weber_holds
78,38,3,right,right,0.9860666483233631,weber_holds
79,38,3,right,right,1.4970026553535754,weber_holds
80,38,3,right,right,1.2667812435041799,weber_holds
81,38,4,right,right,2.4838044516903337,weber_holds
82,38,4,right,right,2.3774665070240077,weber_holds
83,38,4,right,right,2.074479403939826,weber_holds
84,38,4,right,right,2.013055871916903,weber_holds
85,38,4,right,right,2.267914994007763,weber_holds
86,38,4,right,left,1.825644578965238,weber_holds
87,38,4,right,right,2.654805436847594,weber_holds
88,38,4,right,left,1.5997730135547628,weber_holds
89,38,4,right,right,1.3933089911684178,weber_holds
90,38,4,right,right,2.1635681460750456,weber_holds
91,38,6,right,right,2.8427576220074657,weber_holds
92,38,6,right,left,2.6629006868826792,weber_holds
93,38,6,right,right,2.425758034082676,weber_holds
94,38,6,right,right,2.21272847273707,weber_holds
95,38,6,right,left,2.089782776398541,weber_holds
96,38,6,right,right,1.961996596541746,weber_holds
97,38,6,right,right,2.3451755976307207,weber_holds
98,38,6,right,right,3.305500218778688,weber_holds
99,38,6,right,left,2.1599460683955836,weber_holds
100,38,6,right,right,2.075943870357776,weber_holds
101,38,7,right,right,1.3531851962751096,weber_holds
102,38,7,right,right,1.7656407418355458,weber_holds
103,38,7,right,right,1.4985691748929493,weber_holds
104,38,7,right,left,1.9080504965426752,weber_holds
105,38,7,right,right,1.8692801285597251,weber_holds
106,38,7,right,right,1.058373779363032,weber_holds
107,38,7,right,right,1.0271089757974876,weber_holds
108,38,7,right,right,1.6536518863713516,weber_holds
109,38,7,right,right,1.176860358538218,weber_holds
110,38,7,right,right,2.1284701229698424,weber_holds
111,38,8,right,right,1.033691101391807,weber_holds
112,38,8,right,right,1.4339402940763424,weber_holds
113,38,8,right,right,0.6545079519117314,weber_holds
114,38,8,right,right,1.1136583593264346,weber_holds
115,38,8,right,right,0.8120434222234347,weber_holds
116,38,8,right,right,0.7606393784811285,weber_holds
117,38,8,right,right,0.7472930558749042,weber_holds
118,38,8,right,right,1.5453820797372142,weber_holds
119,38,8,right,right,1.5243571228126904,weber_holds
120,38,8,right,right,0.8802116051029227,weber_holds
1,39,2,left,left,1.5122314933668575,weber_holds
2,39,2,left,right,1.3889404479822418,weber_holds
3,39,2,left,left,0.7133361246296936,weber_holds
4,39,2,left,left,1.1020399965238725,weber_holds
5,39,2,left,left,1.0302016330062216,weber_holds
6,39,2,left,left,0.8392684859876915,weber_holds
7,39,2,left,left,0.7558705251076809,weber_holds
8,39,2,left,left,1.0357355540781497,weber_holds
9,39,2,left,left,1.4957741469547903,weber_holds
10,39,2,left,left,0.8501285491615742,weber_holds
11,39,3,left,right,2.625523284910032,weber_holds
12,39,3,left,left,1.4099284137266401,weber_holds
13,39,3,left,left,1.9255506808071807,weber_holds
14,39,3,left,left,0.9153693425596712,weber_holds
15,39,3,left,left,2.382943321673679,weber_holds
16,39,3,left,left,1.5473746805039539,weber_holds
17,39,3,left,left,0.8855111505271474,weber_holds
18,39,3,left,left,1.8466741381659852,weber_holds
19,39,3,left,left,1.348519971026744,weber_holds
20,39,3,left,left,1.5910694780959882,weber_holds
21,39,4,left,left,1.8321482320626743,weber_holds
22,39,4,left,left,3.0074474144477183,weber_holds
23,39,4,left,left,2.02611431744412,weber_holds
24,39,4,left,left,1.9045732726159275,weber_holds
25,39,4,left,left,2.0520373154510767,weber_holds
26,39,4,left,left,2.2738577554026973,weber_holds
27,39,4,left,right,1.7505768697801418,weber_holds
28,39,4,left,left,2.279996443426301,weber_holds
29,39,4,left,right,1.8171800106459628,weber_holds
30,39,4,left,left,1.7517282569967774,weber_holds
31,39,6,left,right,2.0620680137137652,weber_holds
32,39,6,left,right,1.8822001617653346,weber_holds
33,39,6,left,left,2.016928072758973,weber_holds
34,39,6,left,left,2.483347006253312,weber_holds
35,39,6,left,left,2.766104650475742,weber_holds
36,39,6,left,right,2.436792961201059,weber_holds
37,39,6,left,left,2.6466583209467323,weber_holds
38,39,6,left,left,2.81375457716508,weber_holds
39,39,6,left,left,1.964340323398968,weber_holds
40,39,6,left,right,2.5310564524441905,weber_holds
41,39,7,left,left,1.1871055945112896,weber_holds
42,39,7,left,left,3.5499353916347576,weber_holds
43,39,7,left,left,1.2691185612188194,weber_holds
44,39,7,left,left,1.1741262435174202,weber_holds
45,39,7,left,left,1.4834849413365143,weber_holds
46,39,7,left,left,1.4228941045880785,weber_holds
47,39,7,left,left,1.1113047399175342,weber_holds
48,39,7,left,left,2.5821740164236737,weber_holds
49,39,7,left,left,1.3924211954616714,weber_holds
50,39,7,left,right,1.8791779372838222,weber_holds
51,39,8,left,left,0.96655897940162006,weber_holds
52,39,8,left,left,0.9925943765730001,weber_holds
53,39,8,left,left,1.0083291608675635,weber_holds
54,39,8,left,left,0.859373134361954,weber_holds
55,39,8,left,right,1.3104269042978738,weber_holds
56,39,8,left,left,1.0014627831964382,weber_holds
57,39,8,left,left,1.1075823609952744,weber_holds
58,39,8,left,left,1.0010085851271182,weber_holds
59,39,8,left,left,1.0673195782059839,weber_holds
60,39,8,left,left,1.3102056744035306,weber_holds
61,39,2,right,right,0.993907520543144,weber_holds
62,39,2,right,right,0.6634797227750302,weber_holds
63,39,2,right,right,1.9391940821486426,weber_holds
64,39,2,right,right,0.9045976919841587,weber_holds
65,39,2,right,right,1.0249901100451169,weber_holds
66,39,2,right,right,1.0616460459807318,weber_holds
67,39,2,right,right,0.9558028804771348,weber_holds
68,39,2,right,left,1.1098532362219624,weber_holds
69,39,2,right,right,3.7670126046793126,weber_holds
70,39,2,right,right,1.034032863347342,weber_holds
71,39,3,right,right,1.105369548406222,weber_holds
72,39,3,right,right,1.9540421744660943,weber_holds
73,39,3,right,right,1.344955787593944,weber_holds
74,39,3,right,right,1.406283748070678,weber_holds
75,39,3,right,right,2.4274602705934076,weber_holds
76,39,3,right,right,1.5320805136753795,weber_holds
77,39,3,right,right,1.4299029523401372,weber_holds
78,39,3,right,right,1.4620679262146583,weber_holds
79,39,3,right,right,1.1593065498969874,weber_holds
80,39,3,right,right,1.323719222634196,weber_holds
81,39,4,right,left,2.308575174308775,weber_holds
82,39,4,right,right,1.850913961475743,weber_holds
83,39,4,right,right,2.049907195718454,weber_holds
84,39,4,right,right,3.034735404184636,weber_holds
85,39,4,right,right,1.7048787636906886,weber_holds
86,39,4,right,right,1.765901938416872,weber_holds
87,39,4,right,right,1.6835503843442188,weber_holds
88,39,4,right,right,2.0549503914559533,weber_holds
89,39,4,right,left,2.2240197910082085,weber_holds
90,39,4,right,right,1.9415601004224003,weber_holds
91,39,6,right,right,1.271235289565499,weber_holds
92,39,6,right,right,2.062228934791807,weber_holds
93,39,6,right,right,4.01549086198706,weber_holds
94,39,6,right,right,2.224980405753512,weber_holds
95,39,6,right,left,3.7649753776380894,weber_holds
96,39,6,right,right,1.573473103936216,weber_holds
97,39,6,right,left,2.054305462645462,weber_holds
98,39,6,right,right,1.318632556597571,weber_holds
99,39,6,right,right,3.5492273446173894,weber_holds
100,39,6,right,left,1.95131061323933,weber_holds
101,39,7,right,right,1.8660669487077182,weber_holds
102,39,7,right,right,0.9703482704604665,weber_holds
103,39,7,right,right,0.9567057921882434,weber_holds
104,39,7,right,right,1.130940392133692,weber_holds
105,39,7,right,right,1.2243928736166108,weber_holds
106,39,7,right,right,1.2720429141369756,weber_holds
107,39,7,right,right,1.8395178142404076,weber_holds
108,39,7,right,right,1.2045059696770646,weber_holds
109,39,7,right,right,1.5069486581406133,weber_holds
110,39,7,right,right,0.9691370441347864,weber_holds
111,39,8,right,right,1.0218866968270928,weber_holds
112,39,8,right,right,1.3126683266696575,weber_holds
113,39,8,right,right,1.1090359277910586,weber_holds
114,39,8,right,right,0.7312859560108584,weber_holds
115,39,8,right,right,1.7212033505726887,weber_holds
116,39,8,right,right,0.9075126958099273,weber_holds
117,39,8,right,right,1.1283033283630666,weber_holds
118,39,8,right,right,0.6751339232208273,weber_holds
119,39,8,right,right,1.0886262551209183,weber_holds
120,39,8,right,right,1.2405682553573134,weber_holds
1,40,2,left,left,1.1087782912723028,weber_holds
2,40,2,left,right,1.2515964613128212,weber_holds
3,40,2,left,left,1.1180215141212286,weber_holds
4,40,2,left,left,1.0060701256450795,weber_holds
5,40,2,left,left,1.3422451090785037,weber_holds
6,40,2,left,left,1.0953831863126657,weber_holds
7,40,2,left,left,0.8384887376589016,weber_holds
8,40,2,left,left,1.256547629650589,weber_holds
9,40,2,left,left,0.9241112404519289,weber_holds
10,40,2,left,left,1.1580485971935157,weber_holds
11,40,3,left,left,1.7266090250100399,weber_holds
12,40,3,left,left,1.6664142074956034,weber_holds
13,40,3,left,right,2.8657147475090468,weber_holds
14,40,3,left,left,1.3037862061747307,weber_holds
15,40,3,left,right,1.4539920597177995,weber_holds
16,40,3,left,left,1.3131567625581675,weber_holds
17,40,3,left,left,2.547107447067959,weber_holds
18,40,3,left,left,1.671137878687139,weber_holds
19,40,3,left,left,0.8721088031545605,weber_holds
20,40,3,left,left,1.255456111010922,weber_holds
21,40,4,left,left,2.463353169826134,weber_holds
22,40,4,left,right,2.7470806199643847,weber_holds
23,40,4,left,right,2.127219419857281,weber_holds
24,40,4,left,left,2.760905692710256,weber_holds
25,40,4,left,left,2.4958897676823053,weber_holds
26,40,4,left,left,2.2818616712404998,weber_holds
27,40,4,left,right,2.4845883307824956,weber_holds
28,40,4,left,right,2.269661746176732,weber_holds
29,40,4,left,right,2.3154351888305738,weber_holds
30,40,4,left,right,2.3010333659949613,weber_holds
31,40,6,left,right,1.9939494537930549,weber_holds
32,40,6,left,left,1.961212352860379,weber_holds
33,40,6,left,right,1.8299572528509587,weber_holds
34,40,6,left,left,2.0222754804313445,weber_holds
35,40,6,left,left,1.6893104559362537,weber_holds
36,40,6,left,left,2.1251474207359786,weber_holds
37,40,6,left,left,2.0417505646260143,weber_holds
38,40,6,left,right,1.5457782153478312,weber_holds
39,40,6,left,left,1.529624003803165,weber_holds
40,40,6,left,left,2.535692393173429,weber_holds
41,40,7,left,left,1.8003774919101205,weber_holds
42,40,7,left,left,1.394797869244974,weber_holds
43,40,7,left,left,1.8730737992214375,weber_holds
44,40,7,left,left,1.1509458193253486,weber_holds
45,40,7,left,left,1.0895620185817938,weber_holds
46,40,7,left,left,1.222744936406313,weber_holds
47,40,7,left,right,2.2466327967637203,weber_holds
48,40,7,left,left,1.2449225847622025,weber_holds
49,40,7,left,left,1.2542283633034939,weber_holds
50,40,7,left,right,2.079024125450181,weber_holds
51,40,8,left,left,0.8370461282967754,weber_holds
52,40,8,left,left,0.8518880382736629,weber_holds
53,40,8,left,left,0.864079795170507,weber_holds
54,40,8,left,left,0.795795456507383,weber_holds
55,40,8,left,left,0.9913323346024374,weber_holds
56,40,8,left,left,0.8231202323614326,weber_holds
57,40,8,left,left,1.0162261774836252,weber_holds
58,40,8,left,left,0.9339205799853971,weber_holds
59,40,8,left,left,1.1724987682009098,weber_holds
60,40,8,left,left,1.0142922041087463,weber_holds
61,40,2,right,right,0.8914852911336884,weber_holds
62,40,2,right,right,0.9543472683176839,weber_holds
63,40,2,right,right,1.6545606481534987,weber_holds
64,40,2,right,left,0.859030160780802,weber_holds
65,40,2,right,right,0.7131502519543724,weber_holds
66,40,2,right,right,0.8922261847976398,weber_holds
67,40,2,right,right,0.9037570333219898,weber_holds
68,40,2,right,right,1.0914506121216696,weber_holds
69,40,2,right,right,1.171877283346572,weber_holds
70,40,2,right,right,1.064786837053645,weber_holds
71,40,3,right,right,1.7355276286778523,weber_holds
72,40,3,right,right,1.7525015967846396,weber_holds
73,40,3,right,right,2.2256308697548337,weber_holds
74,40,3,right,right,0.9907112139027143,weber_holds
75,40,3,right,right,1.3213823821185968,weber_holds
76,40,3,right,right,1.2714655956193848,weber_holds
77,40,3,right,right,1.8217092186740087,weber_holds
78,40,3,right,right,0.8900044093664776,weber_holds
79,40,3,right,right,1.490087255309485,weber_holds
80,40,3,right,right,1.2626639371180988,weber_holds
81,40,4,right,right,1.7175871518818542,weber_holds
82,40,4,right,right,2.2357877170640146,weber_holds
83,40,4,right,right,1.8673380487536373,weber_holds
84,40,4,right,right,2.5926050863224828,weber_holds
85,40,4,right,left,3.4302314579298256,weber_holds
86,40,4,right,right,1.9284213784852817,weber_holds
87,40,4,right,right,1.7253955109116164,weber_holds
88,40,4,right,right,1.7249961021275748,weber_holds
89,40,4,right,right,2.409296133978427,weber_holds
90,40,4,right,right,3.203710483118053,weber_holds
91,40,6,right,right,2.2748802493245415,weber_holds
92,40,6,right,right,1.5952663538453045,weber_holds
93,40,6,right,right,3.4708614261009925,weber_holds
94,40,6,right,left,2.1039202455979398,weber_holds
95,40,6,right,right,2.068885816256384,weber_holds
96,40,6,right,left,1.9992265322788922,weber_holds
97,40,6,right,right,1.8625271138458601,weber_holds
98,40,6,right,right,2.1956234710032185,weber_holds
99,40,6,right,left,2.1832365692363296,weber_holds
100,40,6,right,right,2.2817514015826643,weber_holds
101,40,7,right,right,0.8789143474750514,weber_holds
102,40,7,right,left,3.7198162383626703,weber_holds
103,40,7,right,right,1.8649786528887844,weber_holds
104,40,7,right,right,1.4729282304313218,weber_holds
105,40,7,right,right,0.894153504571394,weber_holds
106,40,7,right,right,1.3654776820672891,weber_holds
107,40,7,right,left,2.3143315815548484,weber_holds
108,40,7,right,right,1.964433817520223,weber_holds
109,40,7,right,right,1.900911861485453,weber_holds
110,40,7,right,right,1.349991969489331,weber_holds
111,40,8,right,right,1.0566688281470253,weber_holds
112,40,8,right,right,1.1217101145574524,weber_holds
113,40,8,right,right,0.7032519408607838,weber_holds
114,40,8,right,right,0.88724534467746,weber_holds
115,40,8,right,left,1.3502648126989543,weber_holds
116,40,8,right,right,1.0008073308991847,weber_holds
117,40,8,right,right,1.2690187109826112,weber_holds
118,40,8,right,left,1.4813134524713032,weber_holds
119,40,8,right,right,1.148273872770018,weber_holds
120,40,8,right,right,2.1112323711430183,weber_holds
1,41,2,left,left,1.1187514591186785,weber_holds
2,41,2,left,left,0.7646844707876292,weber_holds
3,41,2,left,left,0.8637908410098905,weber_holds
4,41,2,left,left,0.969940242771778,weber_holds
5,41,2,left,right,1.263993894271009,weber_holds
6,41,2,left,left,1.1599762271097671,weber_holds
7,41,2,left,left,0.8773453171072723,weber_holds
8,41,2,left,left,0.6597537695929443,weber_holds
9,41,2,left,left,1.020772863656119,weber_holds
10,41,2,left,left,0.772046297399247,weber_holds
11,41,3,left,left,1.1110141692375772,weber_holds
12,41,3,left,left,1.4324081217734461,weber_holds
13,41,3,left,right,1.7975985640010763,weber_holds
14,41,3,left,left,1.1364135642705178,weber_holds
15,41,3,left,right,2.8893700993106117,weber_holds
16,41,3,left,left,0.8909765598629464,weber_holds
17,41,3,left,left,1.1212928893569551,weber_holds
18,41,3,left,left,1.193639468753116,weber_holds
19,41,3,left,left,1.4619047410098327,weber_holds
20,41,3,left,left,1.1370800497580131,weber_holds
21,41,4,left,left,1.78711549898045,weber_holds
22,41,4,left,left,1.5418005688778786,weber_holds
23,41,4,left,left,1.9238347903405777,weber_holds
24,41,4,left,right,2.280947723233083,weber_holds
25,41,4,left,left,2.3328631056805262,weber_holds
26,41,4,left,right,3.164170882987622,weber_holds
27,41,4,left,left,1.490717530528346,weber_holds
28,41,4,left,left,2.173047098768424,weber_holds
29,41,4,left,left,2.656527213364748,weber_holds
30,41,4,left,left,2.154168230570877,weber_holds
31,41,6,left,left,3.378572806170514,weber_holds
32,41,6,left,left,2.3006874438600047,weber_holds
33,41,6,left,left,1.682296671196596,weber_holds
34,41,6,left,right,2.663672808131183,weber_holds
35,41,6,left,left,2.917689990958671,weber_holds
36,41,6,left,left,2.494881708276683,weber_holds
37,41,6,left,left,2.0900927754184697,weber_holds
38,41,6,left,left,2.244192928083758,weber_holds
39,41,6,left,left,3.2669977767744496,weber_holds
40,41,6,left,left,3.2131062105584216,weber_holds
41,41,7,left,left,1.920009775694209,weber_holds
42,41,7,left,left,2.0213240238015944,weber_holds
43,41,7,left,left,1.339455740328542,weber_holds
44,41,7,left,left,1.4868798313788536,weber_holds
45,41,7,left,left,1.1816264868282738,weber_holds
46,41,7,left,left,1.650356718117707,weber_holds
47,41,7,left,left,2.09742916339533,weber_holds
48,41,7,left,left,1.6314034235385104,weber_holds
49,41,7,left,left,1.3017173304701715,weber_holds
50,41,7,left,left,1.4586773774370452,weber_holds
51,41,8,left,left,1.003326358639581,weber_holds
52,41,8,left,left,0.9834170660980646,weber_holds
53,41,8,left,left,0.8422824819221477,weber_holds
54,41,8,left,left,0.98108073474956,weber_holds
55,41,8,left,left,2.1453300572397946,weber_holds
56,41,8,left,left,1.3238710539999616,weber_holds
57,41,8,left,left,0.9000332075610993,weber_holds
58,41,8,left,left,1.1885768409224722,weber_holds
59,41,8,left,left,0.9292662374433269,weber_holds
60,41,8,left,left,1.12465084529519,weber_holds
61,41,2,right,right,0.8644041515828851,weber_holds
62,41,2,right,right,1.1215139200474933,weber_holds
63,41,2,right,left,0.9966778127953544,weber_holds
64,41,2,right,right,1.1296971908146303,weber_holds
65,41,2,right,right,0.9168621926549301,weber_holds
66,41,2,right,right,0.7685332051017952,weber_holds
67,41,2,right,right,0.8806607158407003,weber_holds
68,41,2,right,right,0.9116180702608696,weber_holds
69,41,2,right,right,0.7114966813823529,weber_holds
70,41,2,right,right,0.9867779549277553,weber_holds
71,41,3,right,right,1.422135250858316,weber_holds
72,41,3,right,right,1.3155563798867491,weber_holds
73,41,3,right,right,1.4340024343765467,weber_holds
74,41,3,right,right,2.1266512542560063,weber_holds
75,41,3,right,right,1.2229626982519253,weber_holds
76,41,3,right,right,0.9535113868928939,weber_holds
77,41,3,right,right,1.1541941030505438,weber_holds
78,41,3,right,left,1.9037356236578176,weber_holds
79,41,3,right,right,2.268637677057597,weber_holds
80,41,3,right,right,1.1335584728300558,weber_holds
81,41,4,right,right,4.539650666068829,weber_holds
82,41,4,right,left,2.1290851908065993,weber_holds
83,41,4,right,right,2.12788393523186,weber_holds
84,41,4,right,right,3.928532329472887,weber_holds
85,41,4,right,left,2.615226524758369,weber_holds
86,41,4,right,right,2.287593190315181,weber_holds
87,41,4,right,right,2.2318139860092394,weber_holds
88,41,4,right,right,1.4846984947353674,weber_holds
89,41,4,right,left,3.064681641357587,weber_holds
90,41,4,right,left,2.6086747928647074,weber_holds
91,41,6,right,right,2.02977859595849,weber_holds
92,41,6,right,right,3.781889888897764,weber_holds
93,41,6,right,right,1.6991635722815042,weber_holds
94,41,6,right,left,1.930912952530575,weber_holds
95,41,6,right,right,2.1178352536244516,weber_holds
96,41,6,right,left,2.619788286993867,weber_holds
97,41,6,right,left,2.334489062094243,weber_holds
98,41,6,right,right,2.0593858161579623,weber_holds
99,41,6,right,right,3.567476421720884,weber_holds
100,41,6,right,right,1.7592078742184547,weber_holds
101,41,7,right,left,1.2592324843800604,weber_holds
102,41,7,right,right,1.525547633489255,weber_holds
103,41,7,right,right,2.0554904268052834,weber_holds
104,41,7,right,right,1.5743583975680044,weber_holds
105,41,7,right,right,1.1079211737229258,weber_holds
106,41,7,right,left,2.3314481285711817,weber_holds
107,41,7,right,right,4.2700589963805395,weber_holds
108,41,7,right,right,1.2125647882305304,weber_holds
109,41,7,right,right,1.2356706312826802,weber_holds
110,41,7,right,right,1.2078663622495158,weber_holds
111,41,8,right,right,0.8861560459683122,weber_holds
112,41,8,right,right,0.8348961875989085,weber_holds
113,41,8,right,right,1.2083435472066093,weber_holds
114,41,8,right,right,0.9861638103591441,weber_holds
115,41,8,right,right,1.550506454766292,weber_holds
116,41,8,right,right,0.8038838612253487,weber_holds
117,41,8,right,right,1.0277332083584196,weber_holds
118,41,8,right,right,1.00464659793535,weber_holds
119,41,8,right,right,1.1760194892828284,weber_holds
120,41,8,right,right,0.8912234162869803,weber_holds
1,42,2,left,left,0.8538284613437905,weber_holds
2,42,2,left,left,1.095300674659726,weber_holds
3,42,2,left,left,1.6435856831691382,weber_holds
4,42,2,left,left,1.0311405665794304,weber_holds
5,42,2,left,left,1.8024008165281236,weber_holds
6,42,2,left,left,1.1376651521221592,weber_holds
7,42,2,left,left,1.128254507560191,weber_holds
8,42,2,left,right,1.4065707523947368,weber_holds
9,42,2,left,left,0.639291446930821,weber_holds
10,42,2,left,left,1.0866138684385989,weber_holds
11,42,3,left,left,0.9772366635757728,weber_holds
12,42,3,left,left,1.8942511734090661,weber_holds
13,42,3,left,left,0.928858792949681,weber_holds
14,42,3,left,left,1.4652297945964883,weber_holds
15,42,3,left,left,1.6630986947530693,weber_holds
16,42,3,left,left,1.279816954324222,weber_holds
17,42,3,left,left,1.3172852247425741,weber_holds
18,42,3,left,left,1.151877233269661,weber_holds
19,42,3,left,left,1.3118551267100318,weber_holds
20,42,3,left,left,1.7570818570842917,weber_holds
21,42,4,left,right,1.6943342310068188,weber_holds
22,42,4,left,left,1.4908957791329012,weber_holds
23,42,4,left,left,2.379876447499182,weber_holds
24,42,4,left,right,1.4554557800826793,weber_holds
25,42,4,left,left,1.6912752968432838,weber_holds
26,42,4,left,left,1.5489429807764246,weber_holds
27,42,4,left,left,1.7512033030939909,weber_holds
28,42,4,left,left,1.9133508056445216,weber_holds
29,42,4,left,right,4.081775009257556,weber_holds
30,42,4,left,left,1.9908368387397266,weber_holds
31,42,6,left,left,2.086783205332857,weber_holds
32,42,6,left,left,2.437815027144654,weber_holds
33,42,6,left,left,2.930421090279675,weber_holds
34,42,6,left,left,3.1586932276978383,weber_holds
35,42,6,left,right,1.5408798075860324,weber_holds
36,42,6,left,left,1.8184654192912226,weber_holds
37,42,6,left,left,2.810357233484578,weber_holds
38,42,6,left,left,2.973724736586676,weber_holds
39,42,6,left,left,2.101014652384019,weber_holds
40,42,6,left,left,3.267448019285413,weber_holds
41,42,7,left,left,1.0344742301934968,weber_holds
42,42,7,left,left,1.3675089802780518,weber_holds
43,42,7,left,left,1.6632943922697832,weber_holds
44,42,7,left,left,1.042971058793866,weber_holds
45,42,7,left,left,1.3385874166906138,weber_holds
46,42,7,left,left,1.6863562554753926,weber_holds
47,42,7,left,left,1.4290504254416372,weber_holds
48,42,7,left,right,1.8491801564253432,weber_holds
49,42,7,left,left,1.2306669331859117,weber_holds
50,42,7,left,left,1.5709054749507687,weber_holds
51,42,8,left,left,1.1098305790146812,weber_holds
52,42,8,left,left,1.7032537321233907,weber_holds
53,42,8,left,left,0.9075572881260707,weber_holds
54,42,8,left,left,0.8169516354279136,weber_holds
55,42,8,left,left,1.0261065185694709,weber_holds
56,42,8,left,left,1.0840645004754423,weber_holds
57,42,8,left,left,0.9732333200483707,weber_holds
58,42,8,left,left,0.8720910462889719,weber_holds
59,42,8,left,left,1.8849270884634846,weber_holds
60,42,8,left,left,1.0348982473711985,weber_holds
61,42,2,right,right,0.9350607706694056,weber_holds
62,42,2,right,right,0.9514741274675227,weber_holds
63,42,2,right,right,0.9481223532844367,weber_holds
64,42,2,right,left,1.3092049016127874,weber_holds
65,42,2,right,right,0.7620900828740289,weber_holds
66,42,2,right,right,0.9137497835807571,weber_holds
67,42,2,right,right,1.1537523922761102,weber_holds
68,42,2,right,right,1.1817426972704623,weber_holds
69,42,2,right,right,2.4487851633988336,weber_holds
70,42,2,right,right,0.9084920071038034,weber_holds
71,42,3,right,right,1.1315216288465915,weber_holds
72,42,3,right,right,2.1633800767437896,weber_holds
73,42,3,right,right,1.6225708411697677,weber_holds
74,42,3,right,right,1.5319653226678234,weber_holds
75,42,3,right,right,1.31399307384224,weber_holds
76,42,3,right,right,1.690236114873013,weber_holds
77,42,3,right,left,1.4813905795781925,weber_holds
78,42,3,right,right,1.1024438624167732,weber_holds
79,42,3,right,right,1.4032374356765005,weber_holds
80,42,3,right,right,1.3134285566089432,weber_holds
81,42,4,right,left,2.1985891060606937,weber_holds
82,42,4,right,right,1.995756727132626,weber_holds
83,42,4,right,right,2.5718364854227334,weber_holds
84,42,4,right,right,1.267147492405466,weber_holds
85,42,4,right,right,2.6192282674238134,weber_holds
86,42,4,right,right,2.6044900026106124,weber_holds
87,42,4,right,right,1.7002185654453417,weber_holds
88,42,4,right,right,1.388231683027386,weber_holds
89,42,4,right,left,2.5167582756749964,weber_holds
90,42,4,right,left,3.532006276329253,weber_holds
91,42,6,right,right,1.9342439411067107,weber_holds
92,42,6,right,right,1.9589852601071918,weber_holds
93,42,6,right,left,3.353691095294355,weber_holds
94,42,6,right,right,2.5425258797076826,weber_holds
95,42,6,right,right,1.7746472580751553,weber_holds
96,42,6,right,right,1.4243757289399497,weber_holds
97,42,6,right,right,2.081091736988129,weber_holds
98,42,6,right,right,2.3108594244305247,weber_holds
99,42,6,right,right,2.507244941258255,weber_holds
100,42,6,right,right,1.8196885021837161,weber_holds
101,42,7,right,right,1.6530187522780728,weber_holds
102,42,7,right,right,1.2845482711361018,weber_holds
103,42,7,right,right,1.0748780627337842,weber_holds
104,42,7,right,right,1.5565035077755958,weber_holds
105,42,7,right,right,1.581987503500316,weber_holds
106,42,7,right,right,1.1011613528362303,weber_holds
107,42,7,right,right,0.9699872638616953,weber_holds
108,42,7,right,right,1.023679284359179,weber_holds
109,42,7,right,left,2.509452907006389,weber_holds
110,42,7,right,right,1.2039249284004474,weber_holds
111,42,8,right,right,1.1305803922002686,weber_holds
112,42,8,right,right,0.8575618838163945,weber_holds
113,42,8,right,right,0.780173415454021,weber_holds
114,42,8,right,right,0.8456035473322641,weber_holds
115,42,8,right,right,1.4644343675610632,weber_holds
116,42,8,right,right,0.7789064346230588,weber_holds
117,42,8,right,right,0.7781979120267544,weber_holds
118,42,8,right,right,0.9120346258260608,weber_holds
119,42,8,right,right,1.110016666838468,weber_holds
120,42,8,right,right,1.2670828011847914,weber_holds
1,43,2,left,left,1.1173617982116097,weber_holds
2,43,2,left,left,0.9650360388085131,weber_holds
3,43,2,left,left,1.2082663693015534,weber_holds
4,43,2,left,left,0.985920832387106,weber_holds
5,43,2,left,left,1.0608229928194761,weber_holds
6,43,2,left,left,1.4337869226967772,weber_holds
7,43,2,left,left,1.1015781584151871,weber_holds
8,43,2,left,left,0.6578352126706946,weber_holds
9,43,2,left,left,0.7465273850993075,weber_holds
10,43,2,left,left,0.8210225107547118,weber_holds
11,43,3,left,left,1.8122748980251762,weber_holds
12,43,3,left,left,1.4210416185734505,weber_holds
13,43,3,left,left,2.1488852384373307,weber_holds
14,43,3,left,left,0.8215906050126556,weber_holds
15,43,3,left,left,1.2942676041462247,weber_holds
16,43,3,left,left,1.6489217402542553,weber_holds
17,43,3,left,left,0.9648506699777164,weber_holds
18,43,3,left,left,1.2882159399326443,weber_holds
19,43,3,left,left,0.9735461294573602,weber_holds
20,43,3,left,right,0.9732693785219548,weber_holds
21,43,4,left,left,1.6670537092374056,weber_holds
22,43,4,left,left,1.4377492013340865,weber_holds
23,43,4,left,right,2.1352990935266205,weber_holds
24,43,4,left,left,1.6018471708030944,weber_holds
25,43,4,left,right,2.3708296221651874,weber_holds
26,43,4,left,left,2.3952266268949467,weber_holds
27,43,4,left,left,2.1170372568340983,weber_holds
28,43,4,left,left,1.2129456743747213,weber_holds
29,43,4,left,left,2.097198320280665,weber_holds
30,43,4,left,left,2.055886811850689,weber_holds
31,43,6,left,left,2.04413287043672,weber_holds
32,43,6,left,left,3.4739085320974006,weber_holds
33,43,6,left,left,2.021135960036401,weber_holds
34,43,6,left,left,2.067191250003811,weber_holds
35,43,6,left,left,2.2469930619629594,weber_holds
36,43,6,left,right,2.1744765919046394,weber_holds
37,43,6,left,left,1.779316442797094,weber_holds
38,43,6,left,left,1.6209412477157965,weber_holds
39,43,6,left,left,1.736719645432216,weber_holds
40,43,6,left,left,1.5963412351836046,weber_holds
41,43,7,left,left,2.027342127748086,weber_holds
42,43,7,left,left,1.4653255717301625,weber_holds
43,43,7,left,left,1.507938422956513,weber_holds
44,43,7,left,left,1.394205306317742,weber_holds
45,43,7,left,left,1.2278208567405462,weber_holds
46,43,7,left,left,1.1227733438509526,weber_holds
47,43,7,left,left,1.0194102891280996,weber_holds
48,43,7,left,left,0.9805402018724578,weber_holds
49,43,7,left,left,1.5633684791946934,weber_holds
50,43,7,left,left,1.5761279658790972,weber_holds
51,43,8,left,left,0.7728535792098692,weber_holds
52,43,8,left,left,0.8546273022569744,weber_holds
53,43,8,left,left,0.997155500412872,weber_holds
54,43,8,left,left,0.9851394635341642,weber_holds
55,43,8,left,left,0.738123125597044,weber_holds
56,43,8,left,left,0.863167952900459,weber_holds
57,43,8,left,left,0.8599160181471024,weber_holds
58,43,8,left,left,0.8786883440076911,weber_holds
59,43,8,left,left,1.0468760310396203,weber_holds
60,43,8,left,left,1.0618003158942522,weber_holds
61,43,2,right,right,0.7698467384739494,weber_holds
62,43,2,right,right,1.0250108216825515,weber_holds
63,43,2,right,right,1.3721569013828623,weber_holds
64,43,2,right,right,0.9745117521578599,weber_holds
65,43,2,right,right,1.31354101404463,weber_holds
66,43,2,right,right,0.9989722432256851,weber_holds
67,43,2,right,right,1.5436754401429968,weber_holds
68,43,2,right,right,0.9770248676459556,weber_holds
69,43,2,right,right,1.214969719366596,weber_holds
70,43,2,right,right,1.1189526623047588,weber_holds
71,43,3,right,left,1.867656729736298,weber_holds
72,43,3,right,right,1.459121822658165,weber_holds
73,43,3,right,right,1.187053367875823,weber_holds
74,43,3,right,left,1.9484345166038433,weber_holds
75,43,3,right,right,2.131918659548074,weber_holds
76,43,3,right,right,1.2312480616024306,weber_holds
77,43,3,right,right,1.3347257560646686,weber_holds
78,43,3,right,right,1.0116362286225322,weber_holds
79,43,3,right,right,1.164978183699951,weber_holds
80,43,3,right,right,0.9347004266502699,weber_holds
81,43,4,right,right,2.6095380825843604,weber_holds
82,43,4,right,right,1.959474390645797,weber_holds
83,43,4,right,right,2.181456593433296,weber_holds
84,43,4,right,right,2.342861305227113,weber_holds
85,43,4,right,right,1.7849488761130499,weber_holds
86,43,4,right,right,1.6532829278768661,weber_holds
87,43,4,right,right,1.9837222958138276,weber_holds
88,43,4,right,right,1.6420601359019613,weber_holds
89,43,4,right,right,1.6709157512658808,weber_holds
90,43,4,right,right,2.189767242981536,weber_holds
91,43,6,right,right,2.172296972484274,weber_holds
92,43,6,right,right,2.3929834834889303,weber_holds
93,43,6,right,right,2.6723855817758495,weber_holds
94,43,6,right,left,2.0630360325863553,weber_holds
95,43,6,right,right,1.8491218033767025,weber_holds
96,43,6,right,right,2.904527412078929,weber_holds
97,43,6,right,left,2.7153940312222145,weber_holds
98,43,6,right,right,2.38317306987155,weber_holds
99,43,6,right,right,2.1609119346632024,weber_holds
100,43,6,right,left,2.2827561603772972,weber_holds
101,43,7,right,right,1.3134750302122145,weber_holds
102,43,7,right,right,2.419349214887496,weber_holds
103,43,7,right,right,1.3454046633620176,weber_holds
104,43,7,right,right,1.4285678440341096,weber_holds
105,43,7,right,right,2.4529620286616733,weber_holds
106,43,7,right,right,1.5427491235443067,weber_holds
107,43,7,right,right,1.342428444375777,weber_holds
108,43,7,right,right,1.3896240947156393,weber_holds
109,43,7,right,right,1.3560331663391096,weber_holds
110,43,7,right,right,1.4965549206799331,weber_holds
111,43,8,right,right,0.7138223723421009,weber_holds
112,43,8,right,right,2.1706268541287086,weber_holds
113,43,8,right,right,1.0583983700166002,weber_holds
114,43,8,right,right,0.8571302989958991,weber_holds
115,43,8,right,right,0.736142119904132,weber_holds
116,43,8,right,right,0.8833080529767594,weber_holds
117,43,8,right,right,1.040744171125885,weber_holds
118,43,8,right,right,0.7962567918941592,weber_holds
119,43,8,right,right,1.1708491140317348,weber_holds
120,43,8,right,right,0.9178961396266065,weber_holds
1,44,2,left,left,0.9481704122248957,weber_holds
2,44,2,left,left,0.8488905573818861,weber_holds
3,44,2,left,left,1.0503128874897623,weber_holds
4,44,2,left,left,0.8682056362909278,weber_holds
5,44,2,left,left,0.7408690680986978,weber_holds
6,44,2,left,left,0.8921815716722221,weber_holds
7,44,2,left,left,0.8982060005957799,weber_holds
8,44,2,left,left,1.006498244409754,weber_holds
9,44,2,left,left,0.811227537715759,weber_holds
10,44,2,left,left,0.6038876958079537,weber_holds
11,44,3,left,left,3.426264968231181,weber_holds
12,44,3,left,left,1.3938476061915162,weber_holds
13,44,3,left,left,1.132337926447163,weber_holds
14,44,3,left,left,1.2796231867229395,weber_holds
15,44,3,left,left,1.457392623267354,weber_holds
16,44,3,left,left,1.6970146838193925,weber_holds
17,44,3,left,left,1.8285431485391512,weber_holds
18,44,3,left,left,1.355327534211309,weber_holds
19,44,3,left,left,1.325304405255892,weber_holds
20,44,3,left,left,2.08083492864175,weber_holds
21,44,4,left,left,2.576394522193927,weber_holds
22,44,4,left,left,3.387589151005024,weber_holds
23,44,4,left,left,1.6788079371720692,weber_holds
24,44,4,left,left,1.8759655766467598,weber_holds
25,44,4,left,right,2.074865796865699,weber_holds
26,44,4,left,left,2.2359204150667105,weber_holds
27,44,4,left,left,2.2368140326585677,weber_holds
28,44,4,left,left,1.3941735434729305,weber_holds
29,44,4,left,left,2.18383446983537,weber_holds
30,44,4,left,right,2.620990182344286,weber_holds
31,44,6,left,right,2.2066511123679264,weber_holds
32,44,6,left,left,3.085134193909503,weber_holds
33,44,6,left,left,2.3196569894751518,weber_holds
34,44,6,left,left,3.6194130939827636,weber_holds
35,44,6,left,right,4.079547000159772,weber_holds
36,44,6,left,right,3.924120163972985,weber_holds
37,44,6,left,left,1.77192075791286,weber_holds
38,44,6,left,right,1.5808617142818595,weber_holds
39,44,6,left,left,1.9516341881463837,weber_holds
40,44,6,left,right,1.7294247280801915,weber_holds
41,44,7,left,left,1.2924337119939313,weber_holds
42,44,7,left,left,1.8406201101390751,weber_holds
43,44,7,left,left,1.5378271978124518,weber_holds
44,44,7,left,left,1.2750697082371647,weber_holds
45,44,7,left,left,1.0960524092182162,weber_holds
46,44,7,left,left,1.3673724935895313,weber_holds
47,44,7,left,left,1.2428813253475857,weber_holds
48,44,7,left,left,2.110237594723525,weber_holds
49,44,7,left,left,1.658182405094858,weber_holds
50,44,7,left,left,1.7058360587220678,weber_holds
51,44,8,left,left,0.6877199067085411,weber_holds
52,44,8,left,left,1.2382373050572208,weber_holds
53,44,8,left,right,1.9353800918818609,weber_holds
54,44,8,left,left,0.9121822248652007,weber_holds
55,44,8,left,left,0.9697985075073063,weber_holds
56,44,8,left,left,0.9522295805001568,weber_holds
57,44,8,left,left,1.0075786848446755,weber_holds
58,44,8,left,left,1.9235765017694744,weber_holds
59,44,8,left,left,0.8095539479086347,weber_holds
60,44,8,left,right,1.3258429701878915,weber_holds
61,44,2,right,right,1.141354963476865,weber_holds
62,44,2,right,right,1.0874844539594966,weber_holds
63,44,2,right,left,1.2484369735249705,weber_holds
64,44,2,right,right,0.9852742019232914,weber_holds
65,44,2,right,right,0.7659019349643907,weber_holds
66,44,2,right,right,0.6598949558572267,weber_holds
67,44,2,right,right,0.7952080121348011,weber_holds
68,44,2,right,right,0.9785793807191911,weber_holds
69,44,2,right,right,0.8180489255007841,weber_holds
70,44,2,right,right,0.8812718040564123,weber_holds
71,44,3,right,right,0.9800094864469266,weber_holds
72,44,3,right,right,0.9703522305194152,weber_holds
73,44,3,right,right,1.9682270864724758,weber_holds
74,44,3,right,right,1.9309246547477914,weber_holds
75,44,3,right,right,1.144262089453719,weber_holds
76,44,3,right,right,0.9866861743040418,weber_holds
77,44,3,right,right,1.5643069977530737,weber_holds
78,44,3,right,right,1.153696916106239,weber_holds
79,44,3,right,right,2.0753686837758876,weber_holds
80,44,3,right,right,2.2159465437792467,weber_holds
81,44,4,right,right,1.6749471204227646,weber_holds
82,44,4,right,right,1.2732735509440125,weber_holds
83,44,4,right,left,2.3858540970368405,weber_holds
84,44,4,right,right,2.1580457304595604,weber_holds
85,44,4,right,right,2.3720777978719396,weber_holds
86,44,4,right,left,2.4676583250073074,weber_holds
87,44,4,right,left,2.556297232880626,weber_holds
88,44,4,right,right,2.169459606154434,weber_holds
89,44,4,right,right,2.109007029560481,weber_holds
90,44,4,right,right,1.6164500102126704,weber_holds
91,44,6,right,right,1.6665668906871252,weber_holds
92,44,6,right,right,2.0362457274070596,weber_holds
93,44,6,right,right,2.2018068973886553,weber_holds
94,44,6,right,right,2.475471931815654,weber_holds
95,44,6,right,right,2.5483012593945418,weber_holds
96,44,6,right,left,1.8439891326324522,weber_holds
97,44,6,right,right,2.20898833709793,weber_holds
98,44,6,right,right,1.7207670304951872,weber_holds
99,44,6,right,right,2.735431408535303,weber_holds
100,44,6,right,right,2.1072107425289106,weber_holds
101,44,7,right,right,1.5864516169800438,weber_holds
102,44,7,right,right,0.9159208887957606,weber_holds
103,44,7,right,left,2.329814143916673,weber_holds
104,44,7,right,right,1.2464269982615643,weber_holds
105,44,7,right,right,1.4636382689527536,weber_holds
106,44,7,right,right,1.149258314225601,weber_holds
107,44,7,right,right,1.6873099060757784,weber_holds
108,44,7,right,right,0.9181051239628366,weber_holds
109,44,7,right,left,1.45795305367309,weber_holds
110,44,7,right,left,1.3319606400931678,weber_holds
111,44,8,right,right,1.4095020987352418,weber_holds
112,44,8,right,right,0.9346353395822427,weber_holds
113,44,8,right,right,1.0333335599599027,weber_holds
114,44,8,right,right,1.259865490433272,weber_holds
115,44,8,right,right,1.2966828357778868,weber_holds
116,44,8,right,left,2.55239133299068,weber_holds
117,44,8,right,right,0.6706000837500732,weber_holds
118,44,8,right,right,1.416586467708413,weber_holds
119,44,8,right,right,0.983455430178745,weber_holds
120,44,8,right,right,1.1552631403071794,weber_holds
1,45,2,left,left,1.1861580578373832,weber_holds
2,45,2,left,left,1.1529427062239725,weber_holds
3,45,2,left,left,1.4037481318807055,weber_holds
4,45,2,left,left,1.1475061174096646,weber_holds
5,45,2,left,left,0.9516581952291361,weber_holds
6,45,2,left,left,0.8088640442699293,weber_holds
7,45,2,left,left,1.346760786427982,weber_holds
8,45,2,left,left,1.0328528678019313,weber_holds
9,45,2,left,left,0.9015722643104755,weber_holds
10,45,2,left,left,0.9002647696507611,weber_holds
11,45,3,left,left,1.1528263219091615,weber_holds
12,45,3,left,left,1.5243893200757541,weber_holds
13,45,3,left,left,1.7634139970805776,weber_holds
14,45,3,left,left,1.0269651484276843,weber_holds
15,45,3,left,left,0.9047676128107718,weber_holds
16,45,3,left,left,1.9332019260525208,weber_holds
17,45,3,left,left,1.3899377208162866,weber_holds
18,45,3,left,left,2.246341542292367,weber_holds
19,45,3,left,left,1.5031083087067059,weber_holds
20,45,3,left,left,3.5768000423014366,weber_holds
21,45,4,left,left,1.5778453130513235,weber_holds
22,45,4,left,right,1.9780570651183227,weber_holds
23,45,4,left,left,1.8789480974133115,weber_holds
24,45,4,left,right,1.864525835522659,weber_holds
25,45,4,left,left,2.587157743751663,weber_holds
26,45,4,left,left,1.5617618462623828,weber_holds
27,45,4,left,left,2.3093447491468626,weber_holds
28,45,4,left,left,2.031261781047996,weber_holds
29,45,4,left,right,1.670171134665155,weber_holds
30,45,4,left,right,1.417317364645444,weber_holds
31,45,6,left,left,3.0664286813459083,weber_holds
32,45,6,left,left,2.1493901294035025,weber_holds
33,45,6,left,right,1.8882929703769584,weber_holds
34,45,6,left,left,1.7626566908492958,weber_holds
35,45,6,left,left,2.1619774287287554,weber_holds
36,45,6,left,left,2.369777668399236,weber_holds
37,45,6,left,left,1.5979706947457486,weber_holds
38,45,6,left,right,2.434533353604912,weber_holds
39,45,6,left,left,2.5498917017451572,weber_holds
40,45,6,left,right,2.2240521879430277,weber_holds
41,45,7,left,left,1.6864740902485067,weber_holds
42,45,7,left,left,2.2776701621296422,weber_holds
43,45,7,left,left,2.8663423716341674,weber_holds
44,45,7,left,right,1.5333365904066423,weber_holds
45,45,7,left,left,1.417685412737537,weber_holds
46,45,7,left,left,1.330798706793459,weber_holds
47,45,7,left,left,2.1368449385574477,weber_holds
48,45,7,left,left,2.159372626211411,weber_holds
49,45,7,left,left,1.1885055819710808,weber_holds
50,45,7,left,left,1.4543226192304854,weber_holds
51,45,8,left,right,1.2574628851811378,weber_holds
52,45,8,left,left,1.087674909830682,weber_holds
53,45,8,left,left,0.9969126255311191,weber_holds
54,45,8,left,left,0.9647729867727244,weber_holds
55,45,8,left,left,1.0652745523109686,weber_holds
56,45,8,left,left,1.5389059541186316,weber_holds
57,45,8,left,left,0.9244467987032163,weber_holds
58,45,8,left,left,0.9979565058985671,weber_holds
59,45,8,left,left,1.0256543453304088,weber_holds
60,45,8,left,left,1.4096418999740172,weber_holds
61,45,2,right,right,1.4928082087264942,weber_holds
62,45,2,right,right,0.6737189495035242,weber_holds
63,45,2,right,right,0.8797129011437883,weber_holds
64,45,2,right,right,0.7408669149961027,weber_holds
65,45,2,right,right,1.143378718970327,weber_holds
66,45,2,right,right,1.0041029960552006,weber_holds
67,45,2,right,right,0.905012009549909,weber_holds
68,45,2,right,right,0.7492886031351298,weber_holds
69,45,2,right,right,1.929582146811027,weber_holds
70,45,2,right,right,0.7530413086782368,weber_holds
71,45,3,right,left,1.6311946919687719,weber_holds
72,45,3,right,right,1.3849053305344077,weber_holds
73,45,3,right,right,1.9634900571279092,weber_holds
74,45,3,right,right,1.5155992435210606,weber_holds
75,45,3,right,right,1.916814873140631,weber_holds
76,45,3,right,right,1.4212326803278361,weber_holds
77,45,3,right,right,1.0793673339168688,weber_holds
78,45,3,right,right,1.8484124045737806,weber_holds
79,45,3,right,right,1.349013423270725,weber_holds
80,45,3,right,right,1.2381511766558577,weber_holds
81,45,4,right,right,2.307760867087945,weber_holds
82,45,4,right,right,2.727777450414262,weber_holds
83,45,4,right,right,1.314682040938061,weber_holds
84,45,4,right,right,2.221954056573058,weber_holds
85,45,4,right,right,2.871874900533649,weber_holds
86,45,4,right,right,1.7992515961076936,weber_holds
87,45,4,right,right,1.6364885573930648,weber_holds
88,45,4,right,right,3.7052455981292285,weber_holds
89,45,4,right,right,2.6194822421577215,weber_holds
90,45,4,right,right,2.568703633820818,weber_holds
91,45,6,right,right,4.474997967180625,weber_holds
92,45,6,right,right,1.5682600780186324,weber_holds
93,45,6,right,left,3.1024483353625003,weber_holds
94,45,6,right,left,2.2939439315152983,weber_holds
95,45,6,right,right,2.2961552526746374,weber_holds
96,45,6,right,left,2.178073238278998,weber_holds
97,45,6,right,left,2.9014934823966128,weber_holds
98,45,6,right,right,1.8156181061263106,weber_holds
99,45,6,right,left,2.4334260612388494,weber_holds
100,45,6,right,right,2.271153320829513,weber_holds
101,45,7,right,right,1.5884906389679105,weber_holds
102,45,7,right,right,2.58894485866009,weber_holds
103,45,7,right,right,1.5889294254807358,weber_holds
104,45,7,right,left,1.2244190529775787,weber_holds
105,45,7,right,right,1.559066703297629,weber_holds
106,45,7,right,right,1.0905349469208732,weber_holds
107,45,7,right,right,1.7031329989558208,weber_holds
108,45,7,right,right,1.3828803766502558,weber_holds
109,45,7,right,right,1.1078830859682622,weber_holds
110,45,7,right,right,0.9878085846593094,weber_holds
111,45,8,right,right,0.8091746918177734,weber_holds
112,45,8,right,left,2.4658856764809314,weber_holds
113,45,8,right,right,1.4597006328454827,weber_holds
114,45,8,right,right,1.0994886354516349,weber_holds
115,45,8,right,right,0.9059242693823173,weber_holds
116,45,8,right,right,1.0869832933747068,weber_holds
117,45,8,right,right,1.0437409158924897,weber_holds
118,45,8,right,right,0.99166127722945685,weber_holds
119,45,8,right,right,1.2352721133501392,weber_holds
120,45,8,right,right,0.7830417908930323,weber_holds
1,46,2,left,left,2.0327779578248384,weber_holds
2,46,2,left,left,0.8557491339090688,weber_holds
3,46,2,left,left,2.021686493106981,weber_holds
4,46,2,left,left,1.1188558123386507,weber_holds
5,46,2,left,left,0.7315064629339085,weber_holds
6,46,2,left,right,1.3919091875554634,weber_holds
7,46,2,left,left,1.0966715801200453,weber_holds
8,46,2,left,left,1.116940575755357,weber_holds
9,46,2,left,left,1.0854183784136526,weber_holds
10,46,2,left,left,1.8087021674772552,weber_holds
11,46,3,left,left,1.8035102263838265,weber_holds
12,46,3,left,left,1.217673976981887,weber_holds
13,46,3,left,left,1.0206549213839538,weber_holds
14,46,3,left,left,1.3779598975427256,weber_holds
15,46,3,left,left,1.3913503161423029,weber_holds
16,46,3,left,left,1.520339402790033,weber_holds
17,46,3,left,left,1.3472726890550504,weber_holds
18,46,3,left,right,1.1907343316891066,weber_holds
19,46,3,left,left,1.6490214870783593,weber_holds
20,46,3,left,left,1.9994421213535873,weber_holds
21,46,4,left,left,2.178686449197874,weber_holds
22,46,4,left,right,2.556611421536278,weber_holds
23,46,4,left,left,3.320925724179857,weber_holds
24,46,4,left,left,2.403195167178286,weber_holds
25,46,4,left,left,2.2848626025326917,weber_holds
26,46,4,left,right,2.81484406724406,weber_holds
27,46,4,left,right,4.6827224903141715,weber_holds
28,46,4,left,left,1.8223716348992258,weber_holds
29,46,4,left,left,1.8756595474015816,weber_holds
30,46,4,left,left,1.8164378406376973,weber_holds
31,46,6,left,left,1.7299453271395422,weber_holds
32,46,6,left,left,1.7526888804805432,weber_holds
33,46,6,left,right,1.4583942851439684,weber_holds
34,46,6,left,left,2.0913671149225075,weber_holds
35,46,6,left,left,1.2211672167027106,weber_holds
36,46,6,left,left,2.582705586637859,weber_holds
37,46,6,left,left,3.474919191521213,weber_holds
38,46,6,left,left,2.3916290617610882,weber_holds
39,46,6,left,left,2.193563941155387,weber_holds
40,46,6,left,left,3.0724628120459765,weber_holds
41,46,7,left,left,1.591849547734465,weber_holds
42,46,7,left,left,1.6526348052146518,weber_holds
43,46,7,left,left,1.183616179254663,weber_holds
44,46,7,left,left,1.5025162295319516,weber_holds
45,46,7,left,left,1.5153330754512335,weber_holds
46,46,7,left,left,2.1280883971460436,weber_holds
47,46,7,left,left,2.2760223910588033,weber_holds
48,46,7,left,left,1.9248399696650589,weber_holds
49,46,7,left,left,1.1857530449678522,weber_holds
50,46,7,left,left,1.4925561370488842,weber_holds
51,46,8,left,left,1.6739188885031804,weber_holds
52,46,8,left,left,0.9150493613191786,weber_holds
53,46,8,left,left,2.024767856150124,weber_holds
54,46,8,left,left,0.9499251999323484,weber_holds
55,46,8,left,left,0.8806667185700854,weber_holds
56,46,8,left,left,1.5575553458358617,weber_holds
57,46,8,left,right,0.9901562379743565,weber_holds
58,46,8,left,left,1.5004868961893936,weber_holds
59,46,8,left,right,1.3165405984995453,weber_holds
60,46,8,left,left,1.3228855930694423,weber_holds
61,46,2,right,right,1.2420905516833287,weber_holds
62,46,2,right,right,0.7594738544592117,weber_holds
63,46,2,right,right,0.928367219841489,weber_holds
64,46,2,right,right,0.8001476658993014,weber_holds
65,46,2,right,right,0.9300858877710692,weber_holds
66,46,2,right,right,0.8891533700456673,weber_holds
67,46,2,right,right,0.6278586323955145,weber_holds
68,46,2,right,right,0.9347141346392125,weber_holds
69,46,2,right,right,1.4331073809193764,weber_holds
70,46,2,right,right,0.892722280515249,weber_holds
71,46,3,right,right,1.3580290866184044,weber_holds
72,46,3,right,right,1.2692865362927155,weber_holds
73,46,3,right,right,1.655160471797086,weber_holds
74,46,3,right,right,0.9143404466441332,weber_holds
75,46,3,right,left,1.3794020180622086,weber_holds
76,46,3,right,right,1.2081439082605454,weber_holds
77,46,3,right,right,1.1220829941381483,weber_holds
78,46,3,right,right,1.0997453504246846,weber_holds
79,46,3,right,right,1.787935664652901,weber_holds
80,46,3,right,right,1.899690166305335,weber_holds
81,46,4,right,left,2.6210393264747083,weber_holds
82,46,4,right,right,1.8486906848639706,weber_holds
83,46,4,right,right,2.2440446719370826,weber_holds
84,46,4,right,left,1.4057897241171255,weber_holds
85,46,4,right,left,3.9368800167833164,weber_holds
86,46,4,right,right,2.3612098087705897,weber_holds
87,46,4,right,right,2.4992907998031444,weber_holds
88,46,4,right,right,1.628055948545705,weber_holds
89,46,4,right,right,1.6616188728207435,weber_holds
90,46,4,right,right,1.7471334835822578,weber_holds
91,46,6,right,right,1.4719355265972929,weber_holds
92,46,6,right,right,2.1110524474002013,weber_holds
93,46,6,right,left,2.2915676701708727,weber_holds
94,46,6,right,right,2.12705857026284,weber_holds
95,46,6,right,right,1.8174757424888746,weber_holds
96,46,6,right,right,1.6405088034024595,weber_holds
97,46,6,right,right,1.7233601645954895,weber_holds
98,46,6,right,left,2.242902047046453,weber_holds
99,46,6,right,right,1.4686038616026083,weber_holds
100,46,6,right,left,1.976495589294104,weber_holds
101,46,7,right,right,1.4432127317928745,weber_holds
102,46,7,right,right,1.0864146673881883,weber_holds
103,46,7,right,right,1.0334781959634503,weber_holds
104,46,7,right,right,1.0999978176659937,weber_holds
105,46,7,right,right,1.0553946907633482,weber_holds
106,46,7,right,right,1.8683138694188333,weber_holds
107,46,7,right,right,1.3782285392397087,weber_holds
108,46,7,right,right,1.8424089062174518,weber_holds
109,46,7,right,right,1.298898415440171,weber_holds
110,46,7,right,right,1.2583372914608701,weber_holds
111,46,8,right,right,0.9609774516718204,weber_holds
112,46,8,right,right,1.5280941064670757,weber_holds
113,46,8,right,right,0.8758381181574695,weber_holds
114,46,8,right,right,2.2167469362551064,weber_holds
115,46,8,right,right,1.021903898473077,weber_holds
116,46,8,right,right,1.2820522750272318,weber_holds
117,46,8,right,right,1.150528111036128,weber_holds
118,46,8,right,right,0.7282409009836661,weber_holds
119,46,8,right,right,0.5933239543614266,weber_holds
120,46,8,right,right,1.5775070458954812,weber_holds
1,47,2,left,left,0.6980422788639362,weber_holds
2,47,2,left,left,0.7443672694889385,weber_holds
3,47,2,left,left,0.791430067080146,weber_holds
4,47,2,left,left,1.0121288926171867,weber_holds
5,47,2,left,right,2.009724761019058,weber_holds
6,47,2,left,left,1.0497369748153784,weber_holds
7,47,2,left,left,1.3211442333251748,weber_holds
8,47,2,left,left,1.0693002897553296,weber_holds
9,47,2,left,right,0.9390183898882933,weber_holds
10,47,2,left,left,1.192269756975762,weber_holds
11,47,3,left,left,1.429426422239962,weber_holds
12,47,3,left,left,2.0137241577606653,weber_holds
13,47,3,left,left,0.9859055433195236,weber_holds
14,47,3,left,left,1.9106794176618414,weber_holds
15,47,3,left,left,1.509860217499435,weber_holds
16,47,3,left,right,2.61354277827867,weber_holds
17,47,3,left,left,1.560588885964627,weber_holds
18,47,3,left,left,2.041028623068956,weber_holds
19,47,3,left,left,1.5479223954452606,weber_holds
20,47,3,left,left,1.4430921498306946,weber_holds
21,47,4,left,left,2.056763063278513,weber_holds
22,47,4,left,left,2.2415663139791957,weber_holds
23,47,4,left,left,1.5076504190352276,weber_holds
24,47,4,left,left,1.8923554174228172,weber_holds
25,47,4,left,left,2.2951980929497426,weber_holds
26,47,4,left,right,3.6192760561905306,weber_holds
27,47,4,left,left,1.9928781589030347,weber_holds
28,47,4,left,left,1.5062705459562773,weber_holds
29,47,4,left,right,1.6749916184227338,weber_holds
30,47,4,left,left,1.792454142991204,weber_holds
31,47,6,left,left,1.2148759193017507,weber_holds
32,47,6,left,left,1.4509308360623296,weber_holds
33,47,6,left,left,1.6244314403007523,weber_holds
34,47,6,left,left,1.81904491553676,weber_holds
35,47,6,left,left,1.8497225411586933,weber_holds
36,47,6,left,left,2.1617359837763725,weber_holds
37,47,6,left,left,2.319554127095854,weber_holds
38,47,6,left,left,2.2267429726818433,weber_holds
39,47,6,left,left,4.308426067168441,weber_holds
40,47,6,left,left,5.573788460306591,weber_holds
41,47,7,left,left,1.3714129376763773,weber_holds
42,47,7,left,left,1.3537754209592558,weber_holds
43,47,7,left,right,1.4641043072385655,weber_holds
44,47,7,left,right,1.1318299820113533,weber_holds
45,47,7,left,left,1.6454735952158797,weber_holds
46,47,7,left,left,1.2083490857666883,weber_holds
47,47,7,left,left,1.0469879702975455,weber_holds
48,47,7,left,left,1.064560232290563,weber_holds
49,47,7,left,left,1.661962758528306,weber_holds
50,47,7,left,left,1.6935856853462166,weber_holds
51,47,8,left,left,1.1389193797143056,weber_holds
52,47,8,left,right,1.4228309761377576,weber_holds
53,47,8,left,left,1.254744592312766,weber_holds
54,47,8,left,left,1.4451745924823494,weber_holds
55,47,8,left,left,0.8943863714986389,weber_holds
56,47,8,left,left,0.6784422301872415,weber_holds
57,47,8,left,left,0.7809625726750875,weber_holds
58,47,8,left,left,0.8622234275260259,weber_holds
59,47,8,left,left,0.5921075760550921,weber_holds
60,47,8,left,left,1.1657633143176682,weber_holds
61,47,2,right,right,0.7541550222923048,weber_holds
62,47,2,right,right,1.0760965584220574,weber_holds
63,47,2,right,right,1.0391978528727317,weber_holds
64,47,2,right,right,0.9482421899788913,weber_holds
65,47,2,right,right,0.8003865844843947,weber_holds
66,47,2,right,right,0.8686319144147658,weber_holds
67,47,2,right,right,0.8694651468954699,weber_holds
68,47,2,right,right,0.8385839336969709,weber_holds
69,47,2,right,right,1.0296113000580016,weber_holds
70,47,2,right,right,0.7945617058758334,weber_holds
71,47,3,right,right,1.310689984326898,weber_holds
72,47,3,right,right,1.5794699437264765,weber_holds
73,47,3,right,right,1.4237587007025663,weber_holds
74,47,3,right,right,2.637904488214713,weber_holds
75,47,3,right,right,1.0157241957849625,weber_holds
76,47,3,right,right,1.0543180175443911,weber_holds
77,47,3,right,left,2.3957125325106454,weber_holds
78,47,3,right,right,1.4605450031158163,weber_holds
79,47,3,right,right,1.0639155578492503,weber_holds
80,47,3,right,right,1.3048318579226874,weber_holds
81,47,4,right,right,2.4640539014099607,weber_holds
82,47,4,right,right,2.144619707213681,weber_holds
83,47,4,right,right,2.16678104886879,weber_holds
84,47,4,right,left,1.7935456872950617,weber_holds
85,47,4,right,right,2.2715218500757683,weber_holds
86,47,4,right,left,3.620907358792086,weber_holds
87,47,4,right,right,2.9600069850444375,weber_holds
88,47,4,right,left,1.807989087844556,weber_holds
89,47,4,right,right,1.7222487429828996,weber_holds
90,47,4,right,right,2.386320863216066,weber_holds
91,47,6,right,left,1.7143263054844113,weber_holds
92,47,6,right,left,1.9383755267092977,weber_holds
93,47,6,right,right,2.250984285295321,weber_holds
94,47,6,right,right,1.9093205393076143,weber_holds
95,47,6,right,right,3.8138332249145996,weber_holds
96,47,6,right,left,5.027876511699571,weber_holds
97,47,6,right,right,1.5855257857632536,weber_holds
98,47,6,right,right,2.2090436995818354,weber_holds
99,47,6,right,left,2.388962773490349,weber_holds
100,47,6,right,right,2.3928554241377324,weber_holds
101,47,7,right,left,1.330410547490788,weber_holds
102,47,7,right,right,1.5997507965117006,weber_holds
103,47,7,right,right,1.288972858156329,weber_holds
104,47,7,right,right,0.9442732412261636,weber_holds
105,47,7,right,right,1.300265593615735,weber_holds
106,47,7,right,left,1.4410845445374703,weber_holds
107,47,7,right,right,1.6252725679453888,weber_holds
108,47,7,right,right,1.1998054997301233,weber_holds
109,47,7,right,right,1.9186600482585368,weber_holds
110,47,7,right,right,2.0634558424492937,weber_holds
111,47,8,right,right,0.9185244789249938,weber_holds
112,47,8,right,right,0.9085325420858836,weber_holds
113,47,8,right,right,0.8552312362938401,weber_holds
114,47,8,right,right,0.8258334313813915,weber_holds
115,47,8,right,right,0.8918454924158112,weber_holds
116,47,8,right,right,0.9489915819785548,weber_holds
117,47,8,right,right,0.979880278059502,weber_holds
118,47,8,right,left,1.1500604791096156,weber_holds
119,47,8,right,right,1.3839654248693884,weber_holds
120,47,8,right,right,0.9216196285140275,weber_holds
1,48,2,left,left,0.6498751736129159,weber_holds
2,48,2,left,left,0.9177979278479511,weber_holds
3,48,2,left,left,0.7194605095831217,weber_holds
4,48,2,left,left,1.3293742674407545,weber_holds
5,48,2,left,left,1.249402260945974,weber_holds
6,48,2,left,left,1.8772979387063184,weber_holds
7,48,2,left,left,1.2460215436473367,weber_holds
8,48,2,left,left,1.4924202487020568,weber_holds
9,48,2,left,left,0.6256438634148523,weber_holds
10,48,2,left,left,1.048551643463688,weber_holds
11,48,3,left,left,1.1506452355761345,weber_holds
12,48,3,left,left,1.318310026051052,weber_holds
13,48,3,left,left,0.9035137320065785,weber_holds
14,48,3,left,left,1.5141485269357053,weber_holds
15,48,3,left,left,1.6416105479094214,weber_holds
16,48,3,left,left,1.5293169153578121,weber_holds
17,48,3,left,left,2.492103584593708,weber_holds
18,48,3,left,left,1.5012690431555251,weber_holds
19,48,3,left,right,1.834557634891781,weber_holds
20,48,3,left,left,1.255821570614841,weber_holds
21,48,4,left,right,2.11337341176765,weber_holds
22,48,4,left,left,1.6432685446825837,weber_holds
23,48,4,left,left,2.7317438290487774,weber_holds
24,48,4,left,left,2.239381336034492,weber_holds
25,48,4,left,left,2.441082204151142,weber_holds
26,48,4,left,left,2.9255994963057055,weber_holds
27,48,4,left,left,2.749915641668799,weber_holds
28,48,4,left,left,1.8863213129229566,weber_holds
29,48,4,left,left,1.609154288750299,weber_holds
30,48,4,left,left,1.9750839831743194,weber_holds
31,48,6,left,left,1.8919648901253583,weber_holds
32,48,6,left,left,2.006333945289301,weber_holds
33,48,6,left,right,2.6157701410565664,weber_holds
34,48,6,left,left,2.139523444548246,weber_holds
35,48,6,left,left,1.6846472739240308,weber_holds
36,48,6,left,right,2.3869525730912757,weber_holds
37,48,6,left,left,1.872616049490558,weber_holds
38,48,6,left,left,1.9489787787324346,weber_holds
39,48,6,left,left,1.9441900991588226,weber_holds
40,48,6,left,left,2.05489586566081,weber_holds
41,48,7,left,left,1.1471750265879526,weber_holds
42,48,7,left,left,0.9422780352555902,weber_holds
43,48,7,left,left,1.432838339711266,weber_holds
44,48,7,left,left,1.093870628490928,weber_holds
45,48,7,left,left,0.9372620355012642,weber_holds
46,48,7,left,left,1.4083705517863028,weber_holds
47,48,7,left,left,1.1699285351585391,weber_holds
48,48,7,left,right,0.9183366157025017,weber_holds
49,48,7,left,right,2.7194611246133285,weber_holds
50,48,7,left,left,1.725701097523313,weber_holds
51,48,8,left,left,1.17261335580094,weber_holds
52,48,8,left,left,0.7926681000350471,weber_holds
53,48,8,left,left,1.062231258874487,weber_holds
54,48,8,left,left,1.2053337994015028,weber_holds
55,48,8,left,left,1.1952840191214902,weber_holds
56,48,8,left,left,0.7030059377261664,weber_holds
57,48,8,left,left,3.40968811134795,weber_holds
58,48,8,left,left,0.9097378720949862,weber_holds
59,48,8,left,left,1.6039188662234698,weber_holds
60,48,8,left,left,0.8147528646981921,weber_holds
61,48,2,right,right,0.9587312187081762,weber_holds
62,48,2,right,right,0.6649760443281606,weber_holds
63,48,2,right,right,0.8108174349671764,weber_holds
64,48,2,right,right,0.8047171000227165,weber_holds
65,48,2,right,right,1.3347388376759997,weber_holds
66,48,2,right,right,0.7839510538086734,weber_holds
67,48,2,right,right,1.0281229175039943,weber_holds
68,48,2,right,right,1.2922213384787096,weber_holds
69,48,2,right,right,0.6836297062897068,weber_holds
70,48,2,right,right,0.8732057368923727,weber_holds
71,48,3,right,right,2.072316527248251,weber_holds
72,48,3,right,left,1.8652153869750812,weber_holds
73,48,3,right,right,1.289202066367433,weber_holds
74,48,3,right,right,2.0660249816305756,weber_holds
75,48,3,right,right,1.6135109750923127,weber_holds
76,48,3,right,left,1.4934312739492657,weber_holds
77,48,3,right,left,3.643140603368107,weber_holds
78,48,3,right,right,1.738005896643275,weber_holds
79,48,3,right,right,1.1508786331303766,weber_holds
80,48,3,right,right,1.7649644643241682,weber_holds
81,48,4,right,right,2.413366768614707,weber_holds
82,48,4,right,right,2.4393182779399716,weber_holds
83,48,4,right,right,2.6274998278683905,weber_holds
84,48,4,right,right,1.8820830052226192,weber_holds
85,48,4,right,right,2.051096595734358,weber_holds
86,48,4,right,right,1.6881846094964992,weber_holds
87,48,4,right,right,2.846563874005569,weber_holds
88,48,4,right,right,1.7695022613094369,weber_holds
89,48,4,right,right,1.3022586576218578,weber_holds
90,48,4,right,right,1.7248051065018573,weber_holds
91,48,6,right,right,2.10098406001898,weber_holds
92,48,6,right,right,2.6634208882499175,weber_holds
93,48,6,right,left,4.199045963431109,weber_holds
94,48,6,right,right,3.2346613748714823,weber_holds
95,48,6,right,right,2.242536198681331,weber_holds
96,48,6,right,right,2.6902473145869594,weber_holds
97,48,6,right,right,3.0424518862435543,weber_holds
98,48,6,right,left,2.2842098452415067,weber_holds
99,48,6,right,right,2.614269280427186,weber_holds
100,48,6,right,right,1.828534315451637,weber_holds
101,48,7,right,right,1.6847452923721205,weber_holds
102,48,7,right,right,1.236213660214156,weber_holds
103,48,7,right,right,1.4860042926267707,weber_holds
104,48,7,right,right,1.124895570242353,weber_holds
105,48,7,right,right,1.6997230045548863,weber_holds
106,48,7,right,right,1.1310215153566483,weber_holds
107,48,7,right,right,1.1426114277812593,weber_holds
108,48,7,right,right,1.330558102680366,weber_holds
109,48,7,right,right,1.4859418550481214,weber_holds
110,48,7,right,right,1.5095899414247236,weber_holds
111,48,8,right,right,0.9130985834663325,weber_holds
112,48,8,right,right,1.763603222161119,weber_holds
113,48,8,right,right,1.179332449969311,weber_holds
114,48,8,right,right,0.8729861526105904,weber_holds
115,48,8,right,right,1.038482564979966,weber_holds
116,48,8,right,right,1.261326210941207,weber_holds
117,48,8,right,right,0.8781257485086429,weber_holds
118,48,8,right,right,1.4027210049122865,weber_holds
119,48,8,right,right,0.9101558526999827,weber_holds
120,48,8,right,right,0.895852004358827,weber_holds
1,49,2,left,left,0.9862999045113898,weber_holds
2,49,2,left,left,0.7633753782931454,weber_holds
3,49,2,left,left,1.1947671270875317,weber_holds
4,49,2,left,left,0.9030285025735358,weber_holds
5,49,2,left,left,0.9933995603739401,weber_holds
6,49,2,left,left,1.1340543061664452,weber_holds
7,49,2,left,left,0.7771632682547205,weber_holds
8,49,2,left,left,1.5038942949123715,weber_holds
9,49,2,left,left,0.7330078694552444,weber_holds
10,49,2,left,left,0.9513645083782178,weber_holds
11,49,3,left,left,0.9953471036384423,weber_holds
12,49,3,left,left,1.8498802741667784,weber_holds
13,49,3,left,left,1.4187220123998785,weber_holds
14,49,3,left,left,1.0180214830799286,weber_holds
15,49,3,left,left,0.9937574738370714,weber_holds
16,49,3,left,left,1.4677448574381555,weber_holds
17,49,3,left,left,1.132879151998673,weber_holds
18,49,3,left,left,1.515114323154903,weber_holds
19,49,3,left,left,1.8336376694439116,weber_holds
20,49,3,left,left,0.9007513161232705,weber_holds
21,49,4,left,right,2.335009947359621,weber_holds
22,49,4,left,left,1.591505264927659,weber_holds
23,49,4,left,left,1.664341316692054,weber_holds
24,49,4,left,left,1.499991781869443,weber_holds
25,49,4,left,left,2.5169853743810995,weber_holds
26,49,4,left,right,1.807451054585709,weber_holds
27,49,4,left,left,2.0127993372230217,weber_holds
28,49,4,left,left,2.543783750666529,weber_holds
29,49,4,left,left,2.2965458079572674,weber_holds
30,49,4,left,right,2.361382183935676,weber_holds
31,49,6,left,left,1.787102561781126,weber_holds
32,49,6,left,right,3.4804501234209644,weber_holds
33,49,6,left,left,3.346828964995618,weber_holds
34,49,6,left,right,1.900284739716191,weber_holds
35,49,6,left,left,4.640856062188038,weber_holds
36,49,6,left,left,3.1859082539824395,weber_holds
37,49,6,left,left,1.737515021904622,weber_holds
38,49,6,left,left,2.887563422008409,weber_holds
39,49,6,left,right,3.0906647762944792,weber_holds
40,49,6,left,left,1.7024845305742111,weber_holds
41,49,7,left,left,1.0238293612280278,weber_holds
42,49,7,left,right,2.2507767551464863,weber_holds
43,49,7,left,left,1.536037604306765,weber_holds
44,49,7,left,left,2.078257571177787,weber_holds
45,49,7,left,left,1.692457063916522,weber_holds
46,49,7,left,left,1.9815321362041152,weber_holds
47,49,7,left,left,1.4627527502053936,weber_holds
48,49,7,left,left,1.2215067570304456,weber_holds
49,49,7,left,left,1.352688645316498,weber_holds
50,49,7,left,left,1.2813032580126777,weber_holds
51,49,8,left,left,1.0669124235811973,weber_holds
52,49,8,left,left,0.9276092975481787,weber_holds
53,49,8,left,left,1.156634120821156,weber_holds
54,49,8,left,left,0.8035838943901579,weber_holds
55,49,8,left,left,1.0424440673801927,weber_holds
56,49,8,left,left,0.8789008021456357,weber_holds
57,49,8,left,left,1.0919447995694043,weber_holds
58,49,8,left,left,0.8561118595799788,weber_holds
59,49,8,left,left,1.2854086572032142,weber_holds
60,49,8,left,left,0.941145595955901,weber_holds
61,49,2,right,right,1.8269280784135273,weber_holds
62,49,2,right,right,1.2374940123766187,weber_holds
63,49,2,right,right,0.8578791736902489,weber_holds
64,49,2,right,right,1.1523293400181278,weber_holds
65,49,2,right,right,0.7679410960516815,weber_holds
66,49,2,right,left,0.7710008374011688,weber_holds
67,49,2,right,right,1.232832878435943,weber_holds
68,49,2,right,right,0.9403625747760043,weber_holds
69,49,2,right,right,0.8576274389472212,weber_holds
70,49,2,right,right,1.0654832921643844,weber_holds
71,49,3,right,right,2.2559457264349616,weber_holds
72,49,3,right,left,1.179190131562144,weber_holds
73,49,3,right,left,2.336784587571374,weber_holds
74,49,3,right,right,1.4772369019793998,weber_holds
75,49,3,right,left,2.553463708955618,weber_holds
76,49,3,right,right,1.1202553731208658,weber_holds
77,49,3,right,right,1.2407930793683368,weber_holds
78,49,3,right,right,1.5736861004277214,weber_holds
79,49,3,right,right,1.8129329090275907,weber_holds
80,49,3,right,right,1.6146188159136101,weber_holds
81,49,4,right,right,1.8310175846936565,weber_holds
82,49,4,right,left,1.6266136324110634,weber_holds
83,49,4,right,right,2.1939014066480897,weber_holds
84,49,4,right,right,2.894521870547906,weber_holds
85,49,4,right,right,1.9401693638105082,weber_holds
86,49,4,right,right,3.358293945418931,weber_holds
87,49,4,right,left,3.2307072736094677,weber_holds
88,49,4,right,left,1.4613762269747468,weber_holds
89,49,4,right,right,1.9638389419946598,weber_holds
90,49,4,right,right,1.64076767035288,weber_holds
91,49,6,right,left,2.056284195566388,weber_holds
92,49,6,right,left,1.7332711827144007,weber_holds
93,49,6,right,right,2.709007203141704,weber_holds
94,49,6,right,left,1.7443694226937474,weber_holds
95,49,6,right,right,2.450730194343734,weber_holds
96,49,6,right,right,1.814378811189383,weber_holds
97,49,6,right,right,2.3661417131628224,weber_holds
98,49,6,right,right,3.590712397392354,weber_holds
99,49,6,right,left,3.207079577227688,weber_holds
100,49,6,right,right,2.144624061677339,weber_holds
101,49,7,right,left,1.8692506355768523,weber_holds
102,49,7,right,right,1.5701891430090966,weber_holds
103,49,7,right,right,1.9480704643012443,weber_holds
104,49,7,right,right,2.1198249104764564,weber_holds
105,49,7,right,right,1.1191669506645687,weber_holds
106,49,7,right,right,1.4325286533754436,weber_holds
107,49,7,right,right,2.428906752245629,weber_holds
108,49,7,right,right,1.2662391656407679,weber_holds
109,49,7,right,right,1.116151170442212,weber_holds
110,49,7,right,right,1.4376279144334603,weber_holds
111,49,8,right,right,1.829267522191542,weber_holds
112,49,8,right,left,1.8217403157332464,weber_holds
113,49,8,right,right,1.245989147036608,weber_holds
114,49,8,right,right,0.9991303858448992,weber_holds
115,49,8,right,right,0.6661645521940796,weber_holds
116,49,8,right,right,1.161333135320997,weber_holds
117,49,8,right,right,0.8879817444787221,weber_holds
118,49,8,right,right,1.1163036372909219,weber_holds
119,49,8,right,right,1.4349535147631967,weber_holds
120,49,8,right,right,1.5633289117681834,weber_holds
1,50,2,left,left,0.9793536989039751,weber_holds
2,50,2,left,left,0.7891589582923624,weber_holds
3,50,2,left,right,2.8269844123458934,weber_holds
4,50,2,left,left,0.9860550450019985,weber_holds
5,50,2,left,right,1.1874420479507288,weber_holds
6,50,2,left,left,0.9313772502333519,weber_holds
7,50,2,left,left,0.7876406752790812,weber_holds
8,50,2,left,left,0.9876762973304622,weber_holds
9,50,2,left,left,1.4738540904708661,weber_holds
10,50,2,left,left,1.5760511021807548,weber_holds
11,50,3,left,left,1.293288002684583,weber_holds
12,50,3,left,right,2.3561869570514173,weber_holds
13,50,3,left,right,2.2828601153800845,weber_holds
14,50,3,left,left,1.3412489706134567,weber_holds
15,50,3,left,left,2.0899573830718743,weber_holds
16,50,3,left,left,1.5015941950832328,weber_holds
17,50,3,left,left,2.056889748227692,weber_holds
18,50,3,left,left,1.1945537308171288,weber_holds
19,50,3,left,right,1.9438543769813943,weber_holds
20,50,3,left,left,1.201654616480476,weber_holds
21,50,4,left,left,2.8538608851298597,weber_holds
22,50,4,left,left,3.037101564999988,weber_holds
23,50,4,left,left,2.0760157734414926,weber_holds
24,50,4,left,right,2.144124747912028,weber_holds
25,50,4,left,left,2.4386738309366347,weber_holds
26,50,4,left,left,1.6985781558678004,weber_holds
27,50,4,left,left,2.771102485294967,weber_holds
28,50,4,left,left,1.93306495421981,weber_holds
29,50,4,left,right,3.4419801608661387,weber_holds
30,50,4,left,left,2.3583664293526407,weber_holds
31,50,6,left,left,1.8218406118039443,weber_holds
32,50,6,left,left,2.3020706662387083,weber_holds
33,50,6,left,left,2.1499291435297647,weber_holds
34,50,6,left,left,2.7994806157945815,weber_holds
35,50,6,left,right,2.275425902877812,weber_holds
36,50,6,left,left,1.5396243108104863,weber_holds
37,50,6,left,right,2.166208059228152,weber_holds
38,50,6,left,left,1.9966897252232956,weber_holds
39,50,6,left,left,1.6316476045383634,weber_holds
40,50,6,left,right,1.95764220730126,weber_holds
41,50,7,left,left,1.2183958700436075,weber_holds
42,50,7,left,left,1.4448249574531247,weber_holds
43,50,7,left,left,1.1112203735972879,weber_holds
44,50,7,left,left,1.0019695833411644,weber_holds
45,50,7,left,left,1.5304766496670457,weber_holds
46,50,7,left,right,1.5170282820106766,weber_holds
47,50,7,left,left,1.5837326805754262,weber_holds
48,50,7,left,left,1.4959863413401204,weber_holds
49,50,7,left,left,2.2107947933608143,weber_holds
50,50,7,left,left,1.673145847515712,weber_holds
51,50,8,left,left,0.9248235678107537,weber_holds
52,50,8,left,left,1.45010587318305,weber_holds
53,50,8,left,left,1.0955223114512995,weber_holds
54,50,8,left,left,0.7464108166470647,weber_holds
55,50,8,left,left,1.2416867714747826,weber_holds
56,50,8,left,left,1.5141293038215466,weber_holds
57,50,8,left,left,0.6417138029320855,weber_holds
58,50,8,left,left,1.223947761908255,weber_holds
59,50,8,left,left,1.1511200335186837,weber_holds
60,50,8,left,left,1.0101880910780128,weber_holds
61,50,2,right,right,0.9115546510842245,weber_holds
62,50,2,right,right,1.3395539607746145,weber_holds
63,50,2,right,right,0.7539707850140547,weber_holds
64,50,2,right,right,1.4287855189118783,weber_holds
65,50,2,right,right,1.6763426940416832,weber_holds
66,50,2,right,left,1.468177635720555,weber_holds
67,50,2,right,left,1.4832765248450073,weber_holds
68,50,2,right,right,1.0684243819476487,weber_holds
69,50,2,right,left,1.2902743232930973,weber_holds
70,50,2,right,right,0.8840522798806545,weber_holds
71,50,3,right,left,1.6410945885190686,weber_holds
72,50,3,right,right,1.3621347468477236,weber_holds
73,50,3,right,left,2.1917521714292483,weber_holds
74,50,3,right,right,1.2678462871853697,weber_holds
75,50,3,right,right,1.2420392086949574,weber_holds
76,50,3,right,right,0.9550231767572535,weber_holds
77,50,3,right,right,1.758561716808711,weber_holds
78,50,3,right,right,1.7151637500668087,weber_holds
79,50,3,right,left,3.1535601286667854,weber_holds
80,50,3,right,right,1.3072581805168475,weber_holds
81,50,4,right,right,2.2302278151371118,weber_holds
82,50,4,right,right,2.1926413376908376,weber_holds
83,50,4,right,right,2.3624511242266117,weber_holds
84,50,4,right,right,2.007843888926054,weber_holds
85,50,4,right,right,1.3432655896495858,weber_holds
86,50,4,right,right,2.6726215673062033,weber_holds
87,50,4,right,left,1.6274344497043958,weber_holds
88,50,4,right,right,2.3444258407927583,weber_holds
89,50,4,right,right,1.7313751882849495,weber_holds
90,50,4,right,left,2.053305662973748,weber_holds
91,50,6,right,right,2.070975750227775,weber_holds
92,50,6,right,left,1.9696877150679402,weber_holds
93,50,6,right,right,1.7779108001550172,weber_holds
94,50,6,right,left,2.4888647286885033,weber_holds
95,50,6,right,right,2.015635471120773,weber_holds
96,50,6,right,left,3.9452493946087626,weber_holds
97,50,6,right,right,2.3904455293727493,weber_holds
98,50,6,right,right,2.082948613298947,weber_holds
99,50,6,right,right,1.55583231104765,weber_holds
100,50,6,right,right,1.8275063964387648,weber_holds
101,50,7,right,right,1.1095131244792844,weber_holds
102,50,7,right,right,1.1857125695727986,weber_holds
103,50,7,right,right,1.3158609546487412,weber_holds
104,50,7,right,right,1.3899100280536136,weber_holds
105,50,7,right,right,1.0728009356138104,weber_holds
106,50,7,right,left,1.4836906110053987,weber_holds
107,50,7,right,right,1.788415895197401,weber_holds
108,50,7,right,right,1.2531382665438677,weber_holds
109,50,7,right,right,1.6727783450453129,weber_holds
110,50,7,right,left,1.6525468133011736,weber_holds
111,50,8,right,right,1.0397601460981154,weber_holds
112,50,8,right,right,0.9152424655852149,weber_holds
113,50,8,right,right,1.056983692935636,weber_holds
114,50,8,right,right,0.7181257451055287,weber_holds
115,50,8,right,right,0.9836215156800721,weber_holds
116,50,8,right,right,0.9094844535164184,weber_holds
117,50,8,right,right,0.9033081614034038,weber_holds
118,50,8,right,right,1.215810160821161,weber_holds
119,50,8,right,right,0.8859666841909464,weber_holds
120,50,8,right,right,0.9405753378848869,weber_holds
1,51,2,left,right,1.0788353211169064,weber_holds
2,51,2,left,left,1.1476519458360708,weber_holds
3,51,2,left,left,0.9536331680741534,weber_holds
4,51,2,left,left,1.2145266982280654,weber_holds
5,51,2,left,left,1.1157032630104968,weber_holds
6,51,2,left,left,0.9083905694756238,weber_holds
7,51,2,left,left,0.754174255923064,weber_holds
8,51,2,left,left,0.931060300559162,weber_holds
9,51,2,left,left,1.022597453958653,weber_holds
10,51,2,left,left,0.9698662061860595,weber_holds
11,51,3,left,left,1.301903319644121,weber_holds
12,51,3,left,left,1.211127547111987,weber_holds
13,51,3,left,left,1.3087534996659136,weber_holds
14,51,3,left,right,1.3642255364292142,weber_holds
15,51,3,left,left,2.5431326289973346,weber_holds
16,51,3,left,left,0.9641091292150079,weber_holds
17,51,3,left,left,1.4533675189520425,weber_holds
18,51,3,left,left,1.1817991572126205,weber_holds
19,51,3,left,left,2.8465152006615777,weber_holds
20,51,3,left,left,1.3518134948704683,weber_holds
21,51,4,left,left,2.1223947087249906,weber_holds
22,51,4,left,left,1.9879713994020491,weber_holds
23,51,4,left,left,2.204271850199508,weber_holds
24,51,4,left,left,3.6278057293821355,weber_holds
25,51,4,left,right,2.5997278339753476,weber_holds
26,51,4,left,left,2.034656583512767,weber_holds
27,51,4,left,right,2.2695187055137156,weber_holds
28,51,4,left,left,2.443180459156473,weber_holds
29,51,4,left,left,2.8082158899400094,weber_holds
30,51,4,left,left,1.4853850509255553,weber_holds
31,51,6,left,left,1.409863402898852,weber_holds
32,51,6,left,right,1.8046221939844538,weber_holds
33,51,6,left,left,2.542371875426946,weber_holds
34,51,6,left,right,2.533844984251652,weber_holds
35,51,6,left,left,1.8685007237075586,weber_holds
36,51,6,left,left,1.677967597461295,weber_holds
37,51,6,left,right,1.6675381755401006,weber_holds
38,51,6,left,left,2.7337246681323286,weber_holds
39,51,6,left,right,2.790428952644304,weber_holds
40,51,6,left,left,1.965818428233942,weber_holds
41,51,7,left,left,1.1074885524028901,weber_holds
42,51,7,left,left,1.0076843514961762,weber_holds
43,51,7,left,left,1.2490096051418456,weber_holds
44,51,7,left,left,2.2756164435010584,weber_holds
45,51,7,left,left,1.7360806118503327,weber_holds
46,51,7,left,left,2.107009869475321,weber_holds
47,51,7,left,left,1.259634193705074,weber_holds
48,51,7,left,left,1.2849995900011115,weber_holds
49,51,7,left,left,1.6046465418522728,weber_holds
50,51,7,left,left,1.4949435290863635,weber_holds
51,51,8,left,left,1.2632705649994425,weber_holds
52,51,8,left,left,1.4022423903690848,weber_holds
53,51,8,left,left,0.6668048286466235,weber_holds
54,51,8,left,left,0.8349607744911656,weber_holds
55,51,8,left,left,0.8900927443094893,weber_holds
56,51,8,left,left,0.9837126711883759,weber_holds
57,51,8,left,left,0.9059635881840868,weber_holds
58,51,8,left,left,0.7758937266072843,weber_holds
59,51,8,left,left,0.976205361053992,weber_holds
60,51,8,left,left,0.7204335832589261,weber_holds
61,51,2,right,right,0.6610359579585259,weber_holds
62,51,2,right,right,1.2744541778326455,weber_holds
63,51,2,right,right,1.1468874516307481,weber_holds
64,51,2,right,right,0.7811449518971334,weber_holds
65,51,2,right,right,0.8255910965117612,weber_holds
66,51,2,right,right,1.203210970689808,weber_holds
67,51,2,right,right,1.4236000428302447,weber_holds
68,51,2,right,right,0.7845897949658822,weber_holds
69,51,2,right,right,1.6584624522490232,weber_holds
70,51,2,right,right,1.0919718376282055,weber_holds
71,51,3,right,right,1.5667342602800354,weber_holds
72,51,3,right,right,1.252415380106028,weber_holds
73,51,3,right,right,1.8930108037838644,weber_holds
74,51,3,right,right,1.0727132302837983,weber_holds
75,51,3,right,right,1.2045864367697912,weber_holds
76,51,3,right,right,1.7798547531495654,weber_holds
77,51,3,right,right,0.9303225361626406,weber_holds
78,51,3,right,right,1.9002764878150606,weber_holds
79,51,3,right,right,1.4961561580664189,weber_holds
80,51,3,right,right,1.2854386198258048,weber_holds
81,51,4,right,right,2.38361545581162,weber_holds
82,51,4,right,left,2.0067597263629655,weber_holds
83,51,4,right,right,1.9812100901360534,weber_holds
84,51,4,right,right,2.9679850985855025,weber_holds
85,51,4,right,right,1.6493916454254471,weber_holds
86,51,4,right,right,2.4738347270372434,weber_holds
87,51,4,right,right,2.23103790857071,weber_holds
88,51,4,right,right,2.1654294442049142,weber_holds
89,51,4,right,right,2.462424530496289,weber_holds
90,51,4,right,right,1.4708536781752277,weber_holds
91,51,6,right,right,2.6546512234507884,weber_holds
92,51,6,right,right,4.5334485591461195,weber_holds
93,51,6,right,right,1.6754929071550366,weber_holds
94,51,6,right,left,2.512967973872011,weber_holds
95,51,6,right,left,3.6057387142027912,weber_holds
96,51,6,right,left,1.8984698530885349,weber_holds
97,51,6,right,right,2.0590471414130906,weber_holds
98,51,6,right,right,2.67610816736013,weber_holds
99,51,6,right,right,1.5803627429742446,weber_holds
100,51,6,right,right,4.4097940895341,weber_holds
101,51,7,right,right,1.5284800557423226,weber_holds
102,51,7,right,right,2.2700997943227668,weber_holds
103,51,7,right,left,1.261206155370998,weber_holds
104,51,7,right,right,1.4503866207304692,weber_holds
105,51,7,right,right,1.5469120175228532,weber_holds
106,51,7,right,right,1.5019766276387956,weber_holds
107,51,7,right,right,1.1625883310927485,weber_holds
108,51,7,right,right,1.5530402554404663,weber_holds
109,51,7,right,right,1.054999943401789,weber_holds
110,51,7,right,right,1.4320580347547363,weber_holds
111,51,8,right,right,0.6261801390836781,weber_holds
112,51,8,right,right,0.6869775733047121,weber_holds
113,51,8,right,right,1.0398175340653892,weber_holds
114,51,8,right,right,1.4656340585622774,weber_holds
115,51,8,right,right,0.8400859255130086,weber_holds
116,51,8,right,right,1.1965964133925555,weber_holds
117,51,8,right,right,1.1304604150793833,weber_holds
118,51,8,right,right,1.012782654494724,weber_holds
119,51,8,right,right,1.0947578011957426,weber_holds
120,51,8,right,left,1.1615402414597438,weber_holds
1,52,2,left,left,1.6143261960612032,weber_holds
2,52,2,left,left,1.1170932933155187,weber_holds
3,52,2,left,left,1.1099117479891878,weber_holds
4,52,2,left,left,1.2904105187075012,weber_holds
5,52,2,left,left,0.8709703325792151,weber_holds
6,52,2,left,left,0.7115835207422625,weber_holds
7,52,2,left,left,0.9687887065334573,weber_holds
8,52,2,left,left,1.33843524912587,weber_holds
9,52,2,left,left,1.0096374547665878,weber_holds
10,52,2,left,left,0.9269838553953578,weber_holds
11,52,3,left,left,1.3125971342940002,weber_holds
12,52,3,left,left,1.7239359154747258,weber_holds
13,52,3,left,left,2.1437309189123077,weber_holds
14,52,3,left,left,1.078421282323234,weber_holds
15,52,3,left,left,1.0917336321094653,weber_holds
16,52,3,left,left,1.255034844680281,weber_holds
17,52,3,left,left,1.164346298010231,weber_holds
18,52,3,left,left,1.1723499113646367,weber_holds
19,52,3,left,left,1.3655340452396236,weber_holds
20,52,3,left,left,1.8143597960489506,weber_holds
21,52,4,left,right,2.5328375819759086,weber_holds
22,52,4,left,right,1.937388747674094,weber_holds
23,52,4,left,left,1.7382783185487338,weber_holds
24,52,4,left,right,3.948050994717994,weber_holds
25,52,4,left,left,2.342738461808456,weber_holds
26,52,4,left,left,1.7371753531055047,weber_holds
27,52,4,left,left,2.2519097932936063,weber_holds
28,52,4,left,left,1.991682774154595,weber_holds
29,52,4,left,left,1.4324066795787969,weber_holds
30,52,4,left,left,2.9298597088165286,weber_holds
31,52,6,left,left,2.620034964434237,weber_holds
32,52,6,left,left,2.4160094573890154,weber_holds
33,52,6,left,right,1.9584640286454342,weber_holds
34,52,6,left,left,2.185075310518536,weber_holds
35,52,6,left,right,2.155960323282224,weber_holds
36,52,6,left,left,2.9781918595981764,weber_holds
37,52,6,left,left,2.152049971748308,weber_holds
38,52,6,left,left,1.2251930007770677,weber_holds
39,52,6,left,left,1.7162670469987789,weber_holds
40,52,6,left,left,1.7933610586923485,weber_holds
41,52,7,left,left,4.431713849349533,weber_holds
42,52,7,left,left,1.1025404314113267,weber_holds
43,52,7,left,left,1.0495416049799902,weber_holds
44,52,7,left,left,1.7931196813326364,weber_holds
45,52,7,left,right,2.0671168466252774,weber_holds
46,52,7,left,left,0.933167777699409,weber_holds
47,52,7,left,left,1.5204527057391035,weber_holds
48,52,7,left,left,1.1561585188440016,weber_holds
49,52,7,left,left,1.1195170866275725,weber_holds
50,52,7,left,left,1.1764756727765657,weber_holds
51,52,8,left,left,0.9422716833148439,weber_holds
52,52,8,left,left,1.6704544746528827,weber_holds
53,52,8,left,left,1.1192992221705755,weber_holds
54,52,8,left,left,0.749968132774741,weber_holds
55,52,8,left,left,0.8593595224905657,weber_holds
56,52,8,left,left,1.0967599992158468,weber_holds
57,52,8,left,right,1.1675594397009819,weber_holds
58,52,8,left,left,1.095845954172276,weber_holds
59,52,8,left,left,0.7217477536218802,weber_holds
60,52,8,left,left,3.109844864915444,weber_holds
61,52,2,right,left,1.5409200892275072,weber_holds
62,52,2,right,right,1.1221697547398455,weber_holds
63,52,2,right,right,0.8108731713650281,weber_holds
64,52,2,right,right,0.7059229991596458,weber_holds
65,52,2,right,right,0.7772276544956069,weber_holds
66,52,2,right,right,1.3185130776774612,weber_holds
67,52,2,right,right,0.7847836432462605,weber_holds
68,52,2,right,right,0.7892049277736497,weber_holds
69,52,2,right,right,0.8261194993362397,weber_holds
70,52,2,right,right,0.8874295429432117,weber_holds
71,52,3,right,right,1.9953249908442698,weber_holds
72,52,3,right,right,1.0218464996029504,weber_holds
73,52,3,right,right,1.4543671961444942,weber_holds
74,52,3,right,right,1.1970059994084161,weber_holds
75,52,3,right,right,1.0784798644855502,weber_holds
76,52,3,right,right,1.9416737602166658,weber_holds
77,52,3,right,right,1.3818112685186594,weber_holds
78,52,3,right,right,1.4842709625840689,weber_holds
79,52,3,right,right,1.1231968758852648,weber_holds
80,52,3,right,right,1.3851510886809213,weber_holds
81,52,4,right,right,1.8704938960247675,weber_holds
82,52,4,right,left,1.6628615016236292,weber_holds
83,52,4,right,right,1.7183437372876829,weber_holds
84,52,4,right,left,2.0494704655805607,weber_holds
85,52,4,right,left,1.8287979239903607,weber_holds
86,52,4,right,right,1.9025822554383602,weber_holds
87,52,4,right,right,1.9910725549162795,weber_holds
88,52,4,right,right,1.6570162924219456,weber_holds
89,52,4,right,right,2.47191623937487,weber_holds
90,52,4,right,right,2.4259389648473193,weber_holds
91,52,6,right,right,2.3987689703414636,weber_holds
92,52,6,right,right,2.1896173797190404,weber_holds
93,52,6,right,left,1.7121860440863108,weber_holds
94,52,6,right,right,2.2062120871684927,weber_holds
95,52,6,right,right,1.9263946814362027,weber_holds
96,52,6,right,left,3.38741026049836,weber_holds
97,52,6,right,right,1.7761914344293017,weber_holds
98,52,6,right,right,1.9470267829117611,weber_holds
99,52,6,right,left,1.9339480722308888,weber_holds
100,52,6,right,right,2.292173938667317,weber_holds
101,52,7,right,right,1.3615281258056997,weber_holds
102,52,7,right,right,1.7304619763099744,weber_holds
103,52,7,right,right,1.243016951978007,weber_holds
104,52,7,right,right,1.4584146878588249,weber_holds
105,52,7,right,right,1.8305540652734114,weber_holds
106,52,7,right,right,2.1105180991333605,weber_holds
107,52,7,right,right,1.1659742708829262,weber_holds
108,52,7,right,right,2.279261857820334,weber_holds
109,52,7,right,right,1.8245115359883979,weber_holds
110,52,7,right,right,1.0978768975937874,weber_holds
111,52,8,right,left,0.9564800020524455,weber_holds
112,52,8,right,right,1.219907310901291,weber_holds
113,52,8,right,right,0.9362804279047039,weber_holds
114,52,8,right,right,1.0941623289728044,weber_holds
115,52,8,right,right,0.7993523955189132,weber_holds
116,52,8,right,right,1.3149884036072057,weber_holds
117,52,8,right,right,1.1234635236875767,weber_holds
118,52,8,right,right,0.9384308672892554,weber_holds
119,52,8,right,right,0.7545603830340544,weber_holds
120,52,8,right,left,1.3000676452018096,weber_holds
1,53,2,left,left,1.0881158458447544,weber_holds
2,53,2,left,left,0.8763132918783694,weber_holds
3,53,2,left,left,1.693957499108361,weber_holds
4,53,2,left,left,0.912967758868823,weber_holds
5,53,2,left,left,1.274257465548172,weber_holds
6,53,2,left,left,1.5662534811930993,weber_holds
7,53,2,left,left,2.081378868708583,weber_holds
8,53,2,left,left,1.075732519986431,weber_holds
9,53,2,left,left,1.441596831975417,weber_holds
10,53,2,left,left,0.6921174492546569,weber_holds
11,53,3,left,left,1.2849352793922946,weber_holds
12,53,3,left,left,1.1901167455301631,weber_holds
13,53,3,left,right,1.344072521216674,weber_holds
14,53,3,left,left,1.8548999462577638,weber_holds
15,53,3,left,left,2.3630469248407953,weber_holds
16,53,3,left,left,2.342160335380306,weber_holds
17,53,3,left,left,1.2658695749244824,weber_holds
18,53,3,left,left,1.6241058830513235,weber_holds
19,53,3,left,left,1.7050041233858075,weber_holds
20,53,3,left,left,3.405358405151206,weber_holds
21,53,4,left,left,2.117031843416607,weber_holds
22,53,4,left,right,2.7482171882553073,weber_holds
23,53,4,left,right,3.0576965320915073,weber_holds
24,53,4,left,right,2.4454376526784327,weber_holds
25,53,4,left,right,1.969018537569771,weber_holds
26,53,4,left,left,1.8431533069761263,weber_holds
27,53,4,left,left,1.8208856246648455,weber_holds
28,53,4,left,left,1.5694366851433978,weber_holds
29,53,4,left,left,2.215827322642751,weber_holds
30,53,4,left,right,2.876529627748233,weber_holds
31,53,6,left,right,3.3991174248226783,weber_holds
32,53,6,left,left,3.0567250304722915,weber_holds
33,53,6,left,left,2.185008289988354,weber_holds
34,53,6,left,left,2.29889273768035,weber_holds
35,53,6,left,left,1.7716168988398866,weber_holds
36,53,6,left,right,2.938225574209951,weber_holds
37,53,6,left,left,1.9589008849888077,weber_holds
38,53,6,left,right,2.057428531568476,weber_holds
39,53,6,left,left,2.5568558286029948,weber_holds
40,53,6,left,right,2.1224618153483616,weber_holds
41,53,7,left,left,1.720220394712732,weber_holds
42,53,7,left,left,1.1925126213448562,weber_holds
43,53,7,left,left,1.8226465855701401,weber_holds
44,53,7,left,left,1.0906656258547252,weber_holds
45,53,7,left,left,1.1174798652923872,weber_holds
46,53,7,left,right,1.2982182963208033,weber_holds
47,53,7,left,left,1.2139264756587682,weber_holds
48,53,7,left,left,1.4812771574682357,weber_holds
49,53,7,left,left,1.654077064817272,weber_holds
50,53,7,left,left,1.2777643839702346,weber_holds
51,53,8,left,left,0.9242459300908599,weber_holds
52,53,8,left,left,0.7838846734817266,weber_holds
53,53,8,left,left,0.8896772637204995,weber_holds
54,53,8,left,left,1.6683614186289053,weber_holds
55,53,8,left,left,0.8071886685838163,weber_holds
56,53,8,left,right,1.9245124185252913,weber_holds
57,53,8,left,left,0.7673060355828714,weber_holds
58,53,8,left,left,0.6658522689243555,weber_holds
59,53,8,left,left,0.8622709192553484,weber_holds
60,53,8,left,left,1.2884512999836253,weber_holds
61,53,2,right,right,0.8457539282459816,weber_holds
62,53,2,right,right,0.9965367388228328,weber_holds
63,53,2,right,right,1.0261222486333226,weber_holds
64,53,2,right,right,1.266607054760673,weber_holds
65,53,2,right,right,1.3105582722840117,weber_holds
66,53,2,right,right,1.067339442548532,weber_holds
67,53,2,right,right,1.2282331926244006,weber_holds
68,53,2,right,right,1.142269544502811,weber_holds
69,53,2,right,right,0.749349047783362,weber_holds
70,53,2,right,right,1.2070563317522307,weber_holds
71,53,3,right,right,1.3243124512404858,weber_holds
72,53,3,right,right,1.1071195182218823,weber_holds
73,53,3,right,right,1.1736320004952232,weber_holds
74,53,3,right,right,1.8354780588198714,weber_holds
75,53,3,right,right,1.1607303171146925,weber_holds
76,53,3,right,right,1.9516985945652665,weber_holds
77,53,3,right,right,1.1504328021642847,weber_holds
78,53,3,right,right,1.1261724597705647,weber_holds
79,53,3,right,right,1.194532227458701,weber_holds
80,53,3,right,right,1.2070793797148796,weber_holds
81,53,4,right,right,2.0647283911495133,weber_holds
82,53,4,right,left,1.5954839527497715,weber_holds
83,53,4,right,left,3.998101158174016,weber_holds
84,53,4,right,right,2.07582527062616,weber_holds
85,53,4,right,right,2.6649959631405955,weber_holds
86,53,4,right,left,2.677876520659495,weber_holds
87,53,4,right,right,2.463250140238827,weber_holds
88,53,4,right,right,2.0283436223691518,weber_holds
89,53,4,right,left,2.20256600030106,weber_holds
90,53,4,right,right,2.8777444741550022,weber_holds
91,53,6,right,right,2.4856733757747795,weber_holds
92,53,6,right,right,2.205778531902174,weber_holds
93,53,6,right,right,1.7532394783341338,weber_holds
94,53,6,right,right,2.1488265377643727,weber_holds
95,53,6,right,right,3.087944321285006,weber_holds
96,53,6,right,right,1.852082942276493,weber_holds
97,53,6,right,right,1.5152198219105144,weber_holds
98,53,6,right,right,1.9510646101294147,weber_holds
99,53,6,right,right,1.7737081874444451,weber_holds
100,53,6,right,right,2.1880349797681844,weber_holds
101,53,7,right,right,1.3081160183417369,weber_holds
102,53,7,right,right,1.0446892082333659,weber_holds
103,53,7,right,left,1.5432119424367243,weber_holds
104,53,7,right,right,1.6799167568316606,weber_holds
105,53,7,right,right,1.8240342151386382,weber_holds
106,53,7,right,right,1.5770100936937017,weber_holds
107,53,7,right,right,2.0829459859651633,weber_holds
108,53,7,right,right,1.1402778073451052,weber_holds
109,53,7,right,right,1.5534907798092747,weber_holds
110,53,7,right,right,2.1707443307411203,weber_holds
111,53,8,right,right,0.9498277916269147,weber_holds
112,53,8,right,right,0.7236894936919793,weber_holds
113,53,8,right,right,1.0758660262923843,weber_holds
114,53,8,right,right,0.8076460050889303,weber_holds
115,53,8,right,right,0.7836149389105445,weber_holds
116,53,8,right,right,0.9707606246029707,weber_holds
117,53,8,right,right,0.9460153112323559,weber_holds
118,53,8,right,right,1.2648512642609495,weber_holds
119,53,8,right,right,0.9880992005766323,weber_holds
120,53,8,right,right,1.0648014920500497,weber_holds
1,54,2,left,right,1.2247264640233633,weber_holds
2,54,2,left,left,1.0573712572147125,weber_holds
3,54,2,left,left,0.8925163309788844,weber_holds
4,54,2,left,left,0.9094562125112451,weber_holds
5,54,2,left,right,0.9008183350104899,weber_holds
6,54,2,left,left,1.112518157967324,weber_holds
7,54,2,left,left,0.7652284356497971,weber_holds
8,54,2,left,right,1.5686881364232805,weber_holds
9,54,2,left,left,0.9701559824798547,weber_holds
10,54,2,left,left,0.8185929666675624,weber_holds
11,54,3,left,left,1.547275347472176,weber_holds
12,54,3,left,left,1.0794617745075927,weber_holds
13,54,3,left,right,1.5474535005294041,weber_holds
14,54,3,left,left,1.3756241510325231,weber_holds
15,54,3,left,left,1.1384673892820647,weber_holds
16,54,3,left,left,1.3592064507976331,weber_holds
17,54,3,left,left,1.5285422244888869,weber_holds
18,54,3,left,left,1.4524256769557466,weber_holds
19,54,3,left,right,1.1850153932255014,weber_holds
20,54,3,left,left,1.8150507717551867,weber_holds
21,54,4,left,left,2.0562629335981923,weber_holds
22,54,4,left,left,1.7231448137963714,weber_holds
23,54,4,left,left,3.345019354106479,weber_holds
24,54,4,left,left,2.950975027985521,weber_holds
25,54,4,left,right,2.0085709651924173,weber_holds
26,54,4,left,left,1.7088843165154137,weber_holds
27,54,4,left,left,3.928066230449457,weber_holds
28,54,4,left,right,3.7936514631463556,weber_holds
29,54,4,left,left,3.6084528361744472,weber_holds
30,54,4,left,left,3.1904641172192947,weber_holds
31,54,6,left,left,2.7402941089855375,weber_holds
32,54,6,left,left,1.4539463851703562,weber_holds
33,54,6,left,left,1.9495434234431506,weber_holds
34,54,6,left,left,1.7790328957827652,weber_holds
35,54,6,left,right,2.1150820394035783,weber_holds
36,54,6,left,left,2.544713783800746,weber_holds
37,54,6,left,right,2.8369079439481455,weber_holds
38,54,6,left,left,2.055296029283211,weber_holds
39,54,6,left,left,1.7983365116457575,weber_holds
40,54,6,left,left,1.5384871643806488,weber_holds
41,54,7,left,left,1.351532463051857,weber_holds
42,54,7,left,right,2.017996293726646,weber_holds
43,54,7,left,left,1.1970864186788597,weber_holds
44,54,7,left,left,1.0664576638996388,weber_holds
45,54,7,left,left,1.1075726083093078,weber_holds
46,54,7,left,left,1.0854613009404686,weber_holds
47,54,7,left,left,1.0300223753149826,weber_holds
48,54,7,left,left,1.3334780504345276,weber_holds
49,54,7,left,left,1.4354809153516854,weber_holds
50,54,7,left,left,0.9981731756374443,weber_holds
51,54,8,left,left,2.5829924644770204,weber_holds
52,54,8,left,left,1.0333755017297979,weber_holds
53,54,8,left,left,0.9148431312070247,weber_holds
54,54,8,left,left,0.7295431856837311,weber_holds
55,54,8,left,left,1.6513595435553496,weber_holds
56,54,8,left,left,1.003610498183677,weber_holds
57,54,8,left,left,1.1504993976683224,weber_holds
58,54,8,left,left,2.0509192498264643,weber_holds
59,54,8,left,left,0.8310193467919063,weber_holds
60,54,8,left,left,1.1352834563522747,weber_holds
61,54,2,right,right,0.7412504619685067,weber_holds
62,54,2,right,right,1.2414448755734098,weber_holds
63,54,2,right,right,1.2582458270347852,weber_holds
64,54,2,right,right,1.066178037715338,weber_holds
65,54,2,right,right,1.8719027013795984,weber_holds
66,54,2,right,right,0.9414481261653433,weber_holds
67,54,2,right,right,0.804749560271308,weber_holds
68,54,2,right,right,1.0103823470128095,weber_holds
69,54,2,right,right,1.2034717123252043,weber_holds
70,54,2,right,right,0.9231888829527937,weber_holds
71,54,3,right,right,4.467475250301073,weber_holds
72,54,3,right,right,1.5073027282293434,weber_holds
73,54,3,right,right,1.0171340498279555,weber_holds
74,54,3,right,right,1.0451813170273505,weber_holds
75,54,3,right,right,1.1107366051154022,weber_holds
76,54,3,right,right,1.7778963894232798,weber_holds
77,54,3,right,right,1.0892752327395858,weber_holds
78,54,3,right,right,1.1496441349756565,weber_holds
79,54,3,right,right,1.364956784054057,weber_holds
80,54,3,right,right,1.9049886898362853,weber_holds
81,54,4,right,right,2.6585021110842857,weber_holds
82,54,4,right,right,2.01823169278131,weber_holds
83,54,4,right,right,2.5832833013245904,weber_holds
84,54,4,right,left,1.6235000428863164,weber_holds
85,54,4,right,right,2.272492741171624,weber_holds
86,54,4,right,left,1.7677129974023982,weber_holds
87,54,4,right,right,4.748960189554161,weber_holds
88,54,4,right,left,2.7686315454485615,weber_holds
89,54,4,right,right,1.8405040932282628,weber_holds
90,54,4,right,right,1.5439143156054522,weber_holds
91,54,6,right,left,2.311565637633685,weber_holds
92,54,6,right,right,2.3769316157038123,weber_holds
93,54,6,right,left,1.9893735614944168,weber_holds
94,54,6,right,right,2.2195609675757346,weber_holds
95,54,6,right,right,1.6512505899384486,weber_holds
96,54,6,right,left,1.9983238975704956,weber_holds
97,54,6,right,right,2.003891636725447,weber_holds
98,54,6,right,left,2.4210161940710937,weber_holds
99,54,6,right,left,2.1575022063996583,weber_holds
100,54,6,right,left,6.034304271438726,weber_holds
101,54,7,right,right,1.4997048217385358,weber_holds
102,54,7,right,left,1.4408128214967308,weber_holds
103,54,7,right,right,1.1314186361625396,weber_holds
104,54,7,right,right,1.0135406585111708,weber_holds
105,54,7,right,right,1.2192733678395984,weber_holds
106,54,7,right,right,1.1761514743125485,weber_holds
107,54,7,right,right,1.5629618974128694,weber_holds
108,54,7,right,right,1.6335668994838062,weber_holds
109,54,7,right,right,1.2963649394667414,weber_holds
110,54,7,right,right,1.001285383751631,weber_holds
111,54,8,right,right,0.8144237408662358,weber_holds
112,54,8,right,right,0.9286479290274221,weber_holds
113,54,8,right,right,0.7900446840016546,weber_holds
114,54,8,right,right,1.0095263970023107,weber_holds
115,54,8,right,left,1.1247358311537912,weber_holds
116,54,8,right,right,0.9029738867989678,weber_holds
117,54,8,right,right,0.8523040474586625,weber_holds
118,54,8,right,right,0.8812522873651425,weber_holds
119,54,8,right,right,0.750087929574133,weber_holds
120,54,8,right,right,1.2236353523868095,weber_holds
1,55,2,left,left,0.8281631670090641,weber_holds
2,55,2,left,left,1.275232309109743,weber_holds
3,55,2,left,left,0.9599923685143077,weber_holds
4,55,2,left,left,1.0973194604417986,weber_holds
5,55,2,left,left,3.12551723652795,weber_holds
6,55,2,left,left,1.2341823901161526,weber_holds
7,55,2,left,left,0.7015402217365452,weber_holds
8,55,2,left,left,1.024297968301413,weber_holds
9,55,2,left,left,1.2120010832488786,weber_holds
10,55,2,left,left,1.2019813109248962,weber_holds
11,55,3,left,left,1.27202093896273,weber_holds
12,55,3,left,left,1.6225193333238155,weber_holds
13,55,3,left,left,1.2397259727888532,weber_holds
14,55,3,left,right,3.5402711530946127,weber_holds
15,55,3,left,left,1.3229836544888296,weber_holds
16,55,3,left,left,1.1007030320582996,weber_holds
17,55,3,left,left,1.2506142456795115,weber_holds
18,55,3,left,left,1.3191411934099107,weber_holds
19,55,3,left,left,1.2162099834707092,weber_holds
20,55,3,left,left,1.2523147331932243,weber_holds
21,55,4,left,left,2.275055579204243,weber_holds
22,55,4,left,right,2.89400009498017,weber_holds
23,55,4,left,right,2.5652292973137705,weber_holds
24,55,4,left,right,1.9695624511303629,weber_holds
25,55,4,left,left,3.9586636330285843,weber_holds
26,55,4,left,left,1.7909853692226831,weber_holds
27,55,4,left,left,1.9985955881131743,weber_holds
28,55,4,left,left,1.3258528342913107,weber_holds
29,55,4,left,left,3.014044552474359,weber_holds
30,55,4,left,left,1.4123503164607742,weber_holds
31,55,6,left,left,1.3702972734254164,weber_holds
32,55,6,left,left,1.8426785891200423,weber_holds
33,55,6,left,left,1.8132097518505155,weber_holds
34,55,6,left,left,3.1090594765087394,weber_holds
35,55,6,left,left,2.586387039233102,weber_holds
36,55,6,left,right,1.9333890982002333,weber_holds
37,55,6,left,left,1.8047430999129943,weber_holds
38,55,6,left,left,2.47478591327926,weber_holds
39,55,6,left,right,2.2260177742283407,weber_holds
40,55,6,left,left,1.7252563992330778,weber_holds
41,55,7,left,left,1.444268026224108,weber_holds
42,55,7,left,left,1.34900663999221,weber_holds
43,55,7,left,right,1.7688447006553867,weber_holds
44,55,7,left,left,1.4194708860787313,weber_holds
45,55,7,left,left,1.3618683828612987,weber_holds
46,55,7,left,left,1.3363888836687439,weber_holds
47,55,7,left,left,2.106557872559991,weber_holds
48,55,7,left,left,1.6661753497846858,weber_holds
49,55,7,left,left,1.2856201814415014,weber_holds
50,55,7,left,left,1.4145361173756068,weber_holds
51,55,8,left,left,0.8939820670347767,weber_holds
52,55,8,left,left,1.0023425284353105,weber_holds
53,55,8,left,left,1.5122843653822715,weber_holds
54,55,8,left,left,1.078643629619844,weber_holds
55,55,8,left,left,1.1722248456465854,weber_holds
56,55,8,left,left,0.8236956399866706,weber_holds
57,55,8,left,left,1.0108997559833377,weber_holds
58,55,8,left,left,0.9757995136247808,weber_holds
59,55,8,left,left,1.1029188005622006,weber_holds
60,55,8,left,left,0.7150633125164116,weber_holds
61,55,2,right,right,0.9176013471521298,weber_holds
62,55,2,right,right,1.1253426894488274,weber_holds
63,55,2,right,right,0.7723334202932539,weber_holds
64,55,2,right,right,0.8457719121149423,weber_holds
65,55,2,right,right,0.8464955521376143,weber_holds
66,55,2,right,right,0.8326874052483149,weber_holds
67,55,2,right,right,0.93305102023139,weber_holds
68,55,2,right,left,1.1958955901104316,weber_holds
69,55,2,right,right,1.1737714278954319,weber_holds
70,55,2,right,right,1.2370245452396111,weber_holds
71,55,3,right,left,1.2170174171976647,weber_holds
72,55,3,right,right,1.2372255053219972,weber_holds
73,55,3,right,right,1.7726505495051033,weber_holds
74,55,3,right,right,1.0431840566035946,weber_holds
75,55,3,right,right,1.291942214730759,weber_holds
76,55,3,right,left,2.2865821943471105,weber_holds
77,55,3,right,right,1.1236658909277337,weber_holds
78,55,3,right,right,1.1126882843416686,weber_holds
79,55,3,right,right,1.1162641755055156,weber_holds
80,55,3,right,right,1.2697265028907814,weber_holds
81,55,4,right,right,4.753392320063459,weber_holds
82,55,4,right,right,3.02699358514026,weber_holds
83,55,4,right,right,2.89687637309145,weber_holds
84,55,4,right,right,2.2904645994464627,weber_holds
85,55,4,right,right,2.1720816253369994,weber_holds
86,55,4,right,right,2.3692367889545394,weber_holds
87,55,4,right,right,2.0949673900055545,weber_holds
88,55,4,right,right,1.9347168505036354,weber_holds
89,55,4,right,right,1.8835579844029835,weber_holds
90,55,4,right,right,2.292597213677713,weber_holds
91,55,6,right,right,3.0414612564022345,weber_holds
92,55,6,right,right,2.5215384019423466,weber_holds
93,55,6,right,right,2.5934389280784202,weber_holds
94,55,6,right,right,2.0478617602127986,weber_holds
95,55,6,right,right,1.5876193351425762,weber_holds
96,55,6,right,right,3.341103942035229,weber_holds
97,55,6,right,right,3.298834960529878,weber_holds
98,55,6,right,left,14.859795235672433,weber_holds
99,55,6,right,right,2.2048359085626146,weber_holds
100,55,6,right,right,2.6125642813853553,weber_holds
101,55,7,right,right,1.294479946755807,weber_holds
102,55,7,right,right,1.317105588345468,weber_holds
103,55,7,right,left,1.492862854977201,weber_holds
104,55,7,right,right,1.3909218781317136,weber_holds
105,55,7,right,right,1.3208079675217939,weber_holds
106,55,7,right,right,1.4210233982973195,weber_holds
107,55,7,right,right,1.0562637278860607,weber_holds
108,55,7,right,right,1.5033869479986985,weber_holds
109,55,7,right,right,1.2334359943831343,weber_holds
110,55,7,right,right,1.1779932488988871,weber_holds
111,55,8,right,left,1.3823126008256867,weber_holds
112,55,8,right,right,0.8010364451055907,weber_holds
113,55,8,right,right,1.1572102875058083,weber_holds
114,55,8,right,right,0.8938043611178561,weber_holds
115,55,8,right,right,1.489109933692765,weber_holds
116,55,8,right,right,1.0810687848159344,weber_holds
117,55,8,right,right,0.8696282627336704,weber_holds
118,55,8,right,right,0.7079216278842224,weber_holds
119,55,8,right,right,0.8477594253490575,weber_holds
120,55,8,right,right,0.9012318090220905,weber_holds
1,56,2,left,left,1.0207423160769098,weber_holds
2,56,2,left,left,0.8942689266368216,weber_holds
3,56,2,left,left,0.889612220764701,weber_holds
4,56,2,left,left,1.5777189760915957,weber_holds
5,56,2,left,left,1.3202261264449435,weber_holds
6,56,2,left,left,0.8762728100834227,weber_holds
7,56,2,left,left,0.7956469630007634,weber_holds
8,56,2,left,left,0.9581132814960673,weber_holds
9,56,2,left,left,0.9880234015033562,weber_holds
10,56,2,left,left,0.8794685761785899,weber_holds
11,56,3,left,left,1.822041663385159,weber_holds
12,56,3,left,left,0.9669739457807074,weber_holds
13,56,3,left,left,1.3822787261651373,weber_holds
14,56,3,left,right,1.4343322541003989,weber_holds
15,56,3,left,left,1.523520458671888,weber_holds
16,56,3,left,right,1.8446962175546107,weber_holds
17,56,3,left,left,1.2150907691468142,weber_holds
18,56,3,left,left,2.4538970035273175,weber_holds
19,56,3,left,left,1.1936432084697193,weber_holds
20,56,3,left,left,1.253031125087301,weber_holds
21,56,4,left,left,1.3504933538458426,weber_holds
22,56,4,left,left,2.3870551696869677,weber_holds
23,56,4,left,left,2.1953813129453406,weber_holds
24,56,4,left,left,2.010768253510531,weber_holds
25,56,4,left,right,3.171350199156865,weber_holds
26,56,4,left,left,1.8123765083160435,weber_holds
27,56,4,left,left,2.05853424514683,weber_holds
28,56,4,left,left,1.5709985074589266,weber_holds
29,56,4,left,left,2.459758194006746,weber_holds
30,56,4,left,right,2.2842854425905137,weber_holds
31,56,6,left,left,1.6708483020725393,weber_holds
32,56,6,left,left,2.1771753404856313,weber_holds
33,56,6,left,left,3.501623294587808,weber_holds
34,56,6,left,left,1.7499821254872403,weber_holds
35,56,6,left,right,2.418302413323295,weber_holds
36,56,6,left,left,1.6643072625106914,weber_holds
37,56,6,left,left,1.653568779029861,weber_holds
38,56,6,left,right,2.353899509465494,weber_holds
39,56,6,left,left,2.097509138136968,weber_holds
40,56,6,left,left,1.9897695332151646,weber_holds
41,56,7,left,left,1.3950770714332856,weber_holds
42,56,7,left,left,1.269930834358059,weber_holds
43,56,7,left,left,1.726826567857831,weber_holds
44,56,7,left,left,1.3716783515364923,weber_holds
45,56,7,left,left,1.4311030564626608,weber_holds
46,56,7,left,left,1.1104435295516877,weber_holds
47,56,7,left,left,1.182804382610029,weber_holds
48,56,7,left,left,1.4074257977307907,weber_holds
49,56,7,left,left,1.3102235813210903,weber_holds
50,56,7,left,left,1.749626129807422,weber_holds
51,56,8,left,left,0.9716713371282499,weber_holds
52,56,8,left,left,0.933887121305158,weber_holds
53,56,8,left,left,0.8518512956828628,weber_holds
54,56,8,left,left,0.9740307906488195,weber_holds
55,56,8,left,left,1.2177117731134448,weber_holds
56,56,8,left,left,0.8319018703902494,weber_holds
57,56,8,left,right,1.510378723877406,weber_holds
58,56,8,left,left,0.9372797540572757,weber_holds
59,56,8,left,left,1.1163752108598255,weber_holds
60,56,8,left,left,1.2925272769688259,weber_holds
61,56,2,right,right,1.2320290018916378,weber_holds
62,56,2,right,right,1.04775163491976,weber_holds
63,56,2,right,right,1.2913975674484515,weber_holds
64,56,2,right,right,0.9850101912143026,weber_holds
65,56,2,right,right,0.774640941788558,weber_holds
66,56,2,right,right,0.7218813941567279,weber_holds
67,56,2,right,right,0.8643930619694487,weber_holds
68,56,2,right,right,1.189185953101203,weber_holds
69,56,2,right,right,1.0559884705891487,weber_holds
70,56,2,right,right,1.2583578866384082,weber_holds
71,56,3,right,right,1.16222850514756,weber_holds
72,56,3,right,right,1.4059630108571939,weber_holds
73,56,3,right,right,2.321900812292989,weber_holds
74,56,3,right,right,1.1991691313173665,weber_holds
75,56,3,right,right,1.437368141463969,weber_holds
76,56,3,right,right,1.2575311007271706,weber_holds
77,56,3,right,right,1.5773453827802315,weber_holds
78,56,3,right,right,1.7807134364762731,weber_holds
79,56,3,right,right,1.5047096112042055,weber_holds
80,56,3,right,right,1.5021819932765417,weber_holds
81,56,4,right,left,2.025739767981609,weber_holds
82,56,4,right,left,1.8478444662116142,weber_holds
83,56,4,right,right,2.2121052340102385,weber_holds
84,56,4,right,left,3.3495907739611095,weber_holds
85,56,4,right,right,1.8397004658551155,weber_holds
86,56,4,right,right,2.127883762487745,weber_holds
87,56,4,right,right,2.244293619056015,weber_holds
88,56,4,right,right,1.1791778211049533,weber_holds
89,56,4,right,left,2.066907744735496,weber_holds
90,56,4,right,right,2.679607626711659,weber_holds
91,56,6,right,right,1.6186847300793616,weber_holds
92,56,6,right,right,1.9912615114663874,weber_holds
93,56,6,right,right,2.143842212996823,weber_holds
94,56,6,right,right,1.7447169380203333,weber_holds
95,56,6,right,right,7.075561418857092,weber_holds
96,56,6,right,left,2.0994025739071427,weber_holds
97,56,6,right,right,1.7487688305881621,weber_holds
98,56,6,right,right,2.2111544272525725,weber_holds
99,56,6,right,right,3.010627237782994,weber_holds
100,56,6,right,right,2.3933954664785664,weber_holds
101,56,7,right,right,1.6578071947675128,weber_holds
102,56,7,right,right,0.9567649540740621,weber_holds
103,56,7,right,left,2.8380914261735866,weber_holds
104,56,7,right,right,1.0804027984671187,weber_holds
105,56,7,right,right,2.0389442488272227,weber_holds
106,56,7,right,right,1.5312418646469876,weber_holds
107,56,7,right,right,1.5391401896767645,weber_holds
108,56,7,right,right,1.1414741405176072,weber_holds
109,56,7,right,left,1.734570776273358,weber_holds
110,56,7,right,right,1.3126214353560854,weber_holds
111,56,8,right,right,0.8560587054785722,weber_holds
112,56,8,right,right,0.9139318357414452,weber_holds
113,56,8,right,right,1.2470140362241617,weber_holds
114,56,8,right,right,0.6589577863070952,weber_holds
115,56,8,right,right,1.1859809563729409,weber_holds
116,56,8,right,left,1.3988031245473154,weber_holds
117,56,8,right,right,1.0591002500257887,weber_holds
118,56,8,right,right,1.1583058092964253,weber_holds
119,56,8,right,right,1.12256896511655,weber_holds
120,56,8,right,right,0.9312297263096636,weber_holds
1,57,2,left,left,1.1944425973491726,weber_holds
2,57,2,left,left,1.1156712585943658,weber_holds
3,57,2,left,left,0.8775112694038665,weber_holds
4,57,2,left,left,0.788090571333437,weber_holds
5,57,2,left,left,1.129644776472477,weber_holds
6,57,2,left,left,1.0307891386710564,weber_holds
7,57,2,left,left,1.0789336763474993,weber_holds
8,57,2,left,left,0.864233094341754,weber_holds
9,57,2,left,left,0.8795106712476704,weber_holds
10,57,2,left,left,1.159641266066298,weber_holds
11,57,3,left,left,0.8302649701243117,weber_holds
12,57,3,left,right,1.174429777021852,weber_holds
13,57,3,left,left,1.1895766659498617,weber_holds
14,57,3,left,left,1.3791795072301252,weber_holds
15,57,3,left,left,1.343655553476501,weber_holds
16,57,3,left,left,1.0460064414026717,weber_holds
17,57,3,left,left,1.854850444107667,weber_holds
18,57,3,left,left,1.1773677086494754,weber_holds
19,57,3,left,left,1.365103852363083,weber_holds
20,57,3,left,right,1.8190485413539161,weber_holds
21,57,4,left,left,1.9986001385048795,weber_holds
22,57,4,left,right,2.807984092371841,weber_holds
23,57,4,left,right,2.19950645462181,weber_holds
24,57,4,left,left,1.7921990574315174,weber_holds
25,57,4,left,left,1.8232199019865896,weber_holds
26,57,4,left,right,2.5697223592919656,weber_holds
27,57,4,left,left,2.275720891811107,weber_holds
28,57,4,left,left,3.2698909014427415,weber_holds
29,57,4,left,right,2.74392077831437,weber_holds
30,57,4,left,left,1.8216275630704266,weber_holds
31,57,6,left,left,2.4785161762458414,weber_holds
32,57,6,left,left,2.152150374567989,weber_holds
33,57,6,left,right,3.6185246963915274,weber_holds
34,57,6,left,left,1.8715850132026626,weber_holds
35,57,6,left,left,2.196610652261372,weber_holds
36,57,6,left,right,2.596426352651229,weber_holds
37,57,6,left,left,1.7316434767733586,weber_holds
38,57,6,left,left,1.8783860463359312,weber_holds
39,57,6,left,right,3.8499891911430795,weber_holds
40,57,6,left,right,1.7098999067534872,weber_holds
41,57,7,left,right,1.5358460564516618,weber_holds
42,57,7,left,left,1.640898432237489,weber_holds
43,57,7,left,left,1.876966860513156,weber_holds
44,57,7,left,left,1.2683590134224143,weber_holds
45,57,7,left,left,1.3385850524882166,weber_holds
46,57,7,left,left,1.44103391604498,weber_holds
47,57,7,left,left,1.5313083292413712,weber_holds
48,57,7,left,right,1.5714879425457542,weber_holds
49,57,7,left,left,1.107205384996467,weber_holds
50,57,7,left,left,1.743349369349738,weber_holds
51,57,8,left,left,0.8815776892953062,weber_holds
52,57,8,left,left,1.060096708952143,weber_holds
53,57,8,left,right,1.3430280269844075,weber_holds
54,57,8,left,left,1.491567320768758,weber_holds
55,57,8,left,left,0.9013740400223251,weber_holds
56,57,8,left,left,0.7612012339629461,weber_holds
57,57,8,left,left,1.11063122880104,weber_holds
58,57,8,left,left,0.9919676596817988,weber_holds
59,57,8,left,left,1.1742198261008128,weber_holds
60,57,8,left,left,1.064117766024492,weber_holds
61,57,2,right,right,1.6948511238092865,weber_holds
62,57,2,right,right,0.9139831698378178,weber_holds
63,57,2,right,right,1.4332875465795578,weber_holds
64,57,2,right,right,0.8918889997940658,weber_holds
65,57,2,right,right,0.9323339854957893,weber_holds
66,57,2,right,right,0.9720677727305282,weber_holds
67,57,2,right,right,1.1478529006314766,weber_holds
68,57,2,right,right,0.9936364496774877,weber_holds
69,57,2,right,right,0.7034617564352745,weber_holds
70,57,2,right,right,0.7020507053737681,weber_holds
71,57,3,right,right,1.2468349534230778,weber_holds
72,57,3,right,right,1.561725799964408,weber_holds
73,57,3,right,right,1.3662155124728181,weber_holds
74,57,3,right,right,1.2371334829575207,weber_holds
75,57,3,right,right,1.1367716282970404,weber_holds
76,57,3,right,right,1.0046944009602252,weber_holds
77,57,3,right,left,1.2659170058815064,weber_holds
78,57,3,right,right,1.5969442578635795,weber_holds
79,57,3,right,right,1.2985906732488564,weber_holds
80,57,3,right,right,1.4086176557099819,weber_holds
81,57,4,right,right,1.9646600753709578,weber_holds
82,57,4,right,right,3.0967885497078327,weber_holds
83,57,4,right,right,3.0555373267323818,weber_holds
84,57,4,right,right,1.6614967161697234,weber_holds
85,57,4,right,right,2.4351204809443106,weber_holds
86,57,4,right,right,2.870037049219751,weber_holds
87,57,4,right,right,2.383320993599577,weber_holds
88,57,4,right,right,1.7306552666610742,weber_holds
89,57,4,right,right,1.9494691100382426,weber_holds
90,57,4,right,right,1.901459725485277,weber_holds
91,57,6,right,right,3.208994452125694,weber_holds
92,57,6,right,right,2.3004899394899225,weber_holds
93,57,6,right,right,1.8078479720889171,weber_holds
94,57,6,right,right,1.7410668605765542,weber_holds
95,57,6,right,left,2.0538752878073474,weber_holds
96,57,6,right,right,1.7917587427986317,weber_holds
97,57,6,right,right,2.214048154307346,weber_holds
98,57,6,right,right,3.6793911488519973,weber_holds
99,57,6,right,left,2.126223769849765,weber_holds
100,57,6,right,right,2.36958192561266,weber_holds
101,57,7,right,right,1.1234024036386545,weber_holds
102,57,7,right,right,1.5428105330575026,weber_holds
103,57,7,right,right,1.5220884937575452,weber_holds
104,57,7,right,right,1.0451628615088249,weber_holds
105,57,7,right,right,0.8656239761795634,weber_holds
106,57,7,right,right,0.8770679190821071,weber_holds
107,57,7,right,right,1.544394384760274,weber_holds
108,57,7,right,right,1.6748706996233724,weber_holds
109,57,7,right,right,1.5442894291081875,weber_holds
110,57,7,right,right,1.223564086577401,weber_holds
111,57,8,right,right,0.7298929011591697,weber_holds
112,57,8,right,right,0.7354054890559187,weber_holds
113,57,8,right,right,0.7482294583465454,weber_holds
114,57,8,right,right,0.7577880768061651,weber_holds
115,57,8,right,right,0.862164828481468,weber_holds
116,57,8,right,right,1.059900322632437,weber_holds
117,57,8,right,right,1.2913654592405701,weber_holds
118,57,8,right,right,1.1208734850120334,weber_holds
119,57,8,right,left,1.8358741320683096,weber_holds
120,57,8,right,right,1.0493747409674434,weber_holds
1,58,2,left,left,0.6165358928024078,weber_holds
2,58,2,left,left,0.9512881952112537,weber_holds
3,58,2,left,left,1.4448622950319134,weber_holds
4,58,2,left,left,1.0754158922716281,weber_holds
5,58,2,left,left,0.6847400050576318,weber_holds
6,58,2,left,left,1.263092414189342,weber_holds
7,58,2,left,left,1.010708335370722,weber_holds
8,58,2,left,left,0.9948008859040025,weber_holds
9,58,2,left,left,1.1049505847126908,weber_holds
10,58,2,left,right,1.4893010525446775,weber_holds
11,58,3,left,left,1.1689198994043217,weber_holds
12,58,3,left,right,2.192338971431523,weber_holds
13,58,3,left,left,1.6059928232278275,weber_holds
14,58,3,left,left,1.176970276701599,weber_holds
15,58,3,left,left,2.12134943295806,weber_holds
16,58,3,left,left,2.0257340208722714,weber_holds
17,58,3,left,left,1.964321446001452,weber_holds
18,58,3,left,left,1.3969847570127623,weber_holds
19,58,3,left,left,2.253923883725281,weber_holds
20,58,3,left,left,1.469857129349002,weber_holds
21,58,4,left,right,1.9614479334691228,weber_holds
22,58,4,left,left,2.4167196663381323,weber_holds
23,58,4,left,left,2.8199102280641006,weber_holds
24,58,4,left,left,1.6670434687857782,weber_holds
25,58,4,left,left,2.0449879277904905,weber_holds
26,58,4,left,left,2.5830494499469845,weber_holds
27,58,4,left,left,2.3709154883266286,weber_holds
28,58,4,left,right,2.1817568023324907,weber_holds
29,58,4,left,left,3.9585584792535404,weber_holds
30,58,4,left,left,2.1958830700726955,weber_holds
31,58,6,left,left,2.446270163197822,weber_holds
32,58,6,left,left,1.9915294813350293,weber_holds
33,58,6,left,left,2.287418470970363,weber_holds
34,58,6,left,left,2.291139641209356,weber_holds
35,58,6,left,left,1.565570218662098,weber_holds
36,58,6,left,left,1.9534154292904424,weber_holds
37,58,6,left,left,3.033081711774339,weber_holds
38,58,6,left,left,1.9029472289667932,weber_holds
39,58,6,left,left,1.523300157250617,weber_holds
40,58,6,left,left,1.7505483447533603,weber_holds
41,58,7,left,left,1.3281691825270479,weber_holds
42,58,7,left,left,1.01756646481788,weber_holds
43,58,7,left,left,1.4971703763222604,weber_holds
44,58,7,left,left,2.3704912858138827,weber_holds
45,58,7,left,left,1.2532835666554603,weber_holds
46,58,7,left,left,1.255883993248164,weber_holds
47,58,7,left,left,1.0734127100886866,weber_holds
48,58,7,left,left,1.2044450786808556,weber_holds
49,58,7,left,left,2.9828495522002267,weber_holds
50,58,7,left,left,1.6516238917016968,weber_holds
51,58,8,left,left,0.8912057056093199,weber_holds
52,58,8,left,left,1.0183583609836944,weber_holds
53,58,8,left,left,0.8669524072103731,weber_holds
54,58,8,left,left,0.8301892370012205,weber_holds
55,58,8,left,left,0.9115775123449055,weber_holds
56,58,8,left,left,0.6938372879358642,weber_holds
57,58,8,left,left,1.0333914887831983,weber_holds
58,58,8,left,left,1.1136150032834176,weber_holds
59,58,8,left,left,0.7777480869333417,weber_holds
60,58,8,left,left,1.243858693024834,weber_holds
61,58,2,right,right,0.6601059916593836,weber_holds
62,58,2,right,left,0.8904622397944377,weber_holds
63,58,2,right,right,1.5951433610803816,weber_holds
64,58,2,right,right,1.2771027401246116,weber_holds
65,58,2,right,right,1.170990036555554,weber_holds
66,58,2,right,right,1.0374268528332524,weber_holds
67,58,2,right,right,1.1274590404600566,weber_holds
68,58,2,right,right,1.0460738378469012,weber_holds
69,58,2,right,right,0.7310629607350518,weber_holds
70,58,2,right,right,1.0394687883627258,weber_holds
71,58,3,right,right,1.0060901929852868,weber_holds
72,58,3,right,right,1.172083372391802,weber_holds
73,58,3,right,right,1.200054438019984,weber_holds
74,58,3,right,left,1.708617629836516,weber_holds
75,58,3,right,right,0.8637317354698191,weber_holds
76,58,3,right,right,1.2277147905371852,weber_holds
77,58,3,right,right,2.4440890853369677,weber_holds
78,58,3,right,right,1.142120195061374,weber_holds
79,58,3,right,right,1.176407180333881,weber_holds
80,58,3,right,right,1.4690760720385327,weber_holds
81,58,4,right,right,1.4899659622211232,weber_holds
82,58,4,right,right,1.7141695713871088,weber_holds
83,58,4,right,right,3.3784209686625593,weber_holds
84,58,4,right,right,1.5989558040545626,weber_holds
85,58,4,right,right,2.9760502482894626,weber_holds
86,58,4,right,right,2.7277529498845152,weber_holds
87,58,4,right,right,1.8139639005890977,weber_holds
88,58,4,right,right,1.9109626047242787,weber_holds
89,58,4,right,left,2.5112337534040123,weber_holds
90,58,4,right,right,4.294006690433583,weber_holds
91,58,6,right,left,2.1805571190114055,weber_holds
92,58,6,right,right,2.3512275717461573,weber_holds
93,58,6,right,right,1.4083903447616728,weber_holds
94,58,6,right,right,3.214357538259504,weber_holds
95,58,6,right,right,1.4122262632961464,weber_holds
96,58,6,right,left,1.9653990135971457,weber_holds
97,58,6,right,left,1.7210149291097905,weber_holds
98,58,6,right,right,3.3632101021692553,weber_holds
99,58,6,right,right,3.3578124497828794,weber_holds
100,58,6,right,left,2.4624078457341594,weber_holds
101,58,7,right,right,1.1857799898150387,weber_holds
102,58,7,right,right,1.919631536088381,weber_holds
103,58,7,right,right,1.116443710430363,weber_holds
104,58,7,right,right,1.8883929767233747,weber_holds
105,58,7,right,right,1.1742917983175636,weber_holds
106,58,7,right,right,1.3497141108441049,weber_holds
107,58,7,right,right,1.2644628044903747,weber_holds
108,58,7,right,right,1.6910621952209177,weber_holds
109,58,7,right,right,1.248302843668299,weber_holds
110,58,7,right,right,1.123308923465884,weber_holds
111,58,8,right,right,0.9525427321555613,weber_holds
112,58,8,right,right,0.8303640165395396,weber_holds
113,58,8,right,right,0.9868981840798092,weber_holds
114,58,8,right,right,0.9178580133569287,weber_holds
115,58,8,right,right,0.8192024391169199,weber_holds
116,58,8,right,right,0.969603324617381,weber_holds
117,58,8,right,right,0.8198083323374301,weber_holds
118,58,8,right,right,1.4363526751913342,weber_holds
119,58,8,right,right,1.010717266122675,weber_holds
120,58,8,right,right,1.4128818758874762,weber_holds
1,59,2,left,left,1.2343679794440334,weber_holds
2,59,2,left,left,0.7667617551997896,weber_holds
3,59,2,left,left,1.1431110481691886,weber_holds
4,59,2,left,left,0.6968084220265952,weber_holds
5,59,2,left,left,1.2321115418518902,weber_holds
6,59,2,left,left,1.301572164505208,weber_holds
7,59,2,left,left,0.8283522712607552,weber_holds
8,59,2,left,left,1.0250582473582688,weber_holds
9,59,2,left,left,1.2979164722189915,weber_holds
10,59,2,left,left,1.3979390593492795,weber_holds
11,59,3,left,left,1.1593566318757316,weber_holds
12,59,3,left,left,1.4721429251382376,weber_holds
13,59,3,left,left,1.7217056530583763,weber_holds
14,59,3,left,left,1.4525277475849925,weber_holds
15,59,3,left,right,1.3204129936139917,weber_holds
16,59,3,left,left,2.1731571289823535,weber_holds
17,59,3,left,left,1.294985942168067,weber_holds
18,59,3,left,left,1.7543670483112115,weber_holds
19,59,3,left,left,2.136960563859277,weber_holds
20,59,3,left,left,1.6967900238311062,weber_holds
21,59,4,left,left,1.7991615922470914,weber_holds
22,59,4,left,right,2.2879598388942406,weber_holds
23,59,4,left,right,1.9927608191178268,weber_holds
24,59,4,left,left,2.540608070924436,weber_holds
25,59,4,left,left,2.0098556902764217,weber_holds
26,59,4,left,left,3.2173048789878753,weber_holds
27,59,4,left,left,3.147220812643139,weber_holds
28,59,4,left,left,1.683887731982806,weber_holds
29,59,4,left,left,1.8903581947100223,weber_holds
30,59,4,left,left,1.7087588036295518,weber_holds
31,59,6,left,left,1.8301816488144913,weber_holds
32,59,6,left,right,1.686460188813542,weber_holds
33,59,6,left,right,3.0186566439297278,weber_holds
34,59,6,left,right,2.867034802863417,weber_holds
35,59,6,left,left,2.5212137188658295,weber_holds
36,59,6,left,left,2.558747940321118,weber_holds
37,59,6,left,left,2.5369614156907296,weber_holds
38,59,6,left,left,1.7912813270453192,weber_holds
39,59,6,left,left,2.4633326883166315,weber_holds
40,59,6,left,left,2.7922078880165055,weber_holds
41,59,7,left,right,1.5131550564681502,weber_holds
42,59,7,left,left,1.190493102837714,weber_holds
43,59,7,left,left,1.1959608944506894,weber_holds
44,59,7,left,left,1.5746393411135866,weber_holds
45,59,7,left,left,1.3194258800847574,weber_holds
46,59,7,left,left,1.4394713856574612,weber_holds
47,59,7,left,left,1.0517718906065532,weber_holds
48,59,7,left,left,1.1495258223475449,weber_holds
49,59,7,left,left,2.8976056291003434,weber_holds
50,59,7,left,left,1.570061123466896,weber_holds
51,59,8,left,left,0.7411785024966835,weber_holds
52,59,8,left,left,0.9157786191666304,weber_holds
53,59,8,left,left,1.3606060957555217,weber_holds
54,59,8,left,left,1.4514459487899831,weber_holds
55,59,8,left,left,0.6948295110631424,weber_holds
56,59,8,left,left,0.735438902275596,weber_holds
57,59,8,left,left,0.9817002116907652,weber_holds
58,59,8,left,left,0.9532199203844112,weber_holds
59,59,8,left,left,1.0375452788210175,weber_holds
60,59,8,left,left,1.0406355783719405,weber_holds
61,59,2,right,right,1.0049363673886431,weber_holds
62,59,2,right,right,0.8104037831294082,weber_holds
63,59,2,right,right,0.8961338847530673,weber_holds
64,59,2,right,right,1.1320141368389298,weber_holds
65,59,2,right,right,1.5184583521636772,weber_holds
66,59,2,right,right,1.4025034878870901,weber_holds
67,59,2,right,right,0.6802640673716238,weber_holds
68,59,2,right,right,0.8727203331071998,weber_holds
69,59,2,right,right,1.306089780917633,weber_holds
70,59,2,right,right,1.0422089665218397,weber_holds
71,59,3,right,right,1.85322975606231,weber_holds
72,59,3,right,right,1.6693968575061349,weber_holds
73,59,3,right,right,0.8206968759789033,weber_holds
74,59,3,right,right,1.3588994153371852,weber_holds
75,59,3,right,left,1.4445979804871645,weber_holds
76,59,3,right,right,0.9364618476081015,weber_holds
77,59,3,right,right,1.6654310934263252,weber_holds
78,59,3,right,right,1.1379354274338707,weber_holds
79,59,3,right,right,1.0341629315943832,weber_holds
80,59,3,right,right,1.883278283358855,weber_holds
81,59,4,right,right,1.6614525296066676,weber_holds
82,59,4,right,left,3.06837962238945,weber_holds
83,59,4,right,right,1.69533717791023,weber_holds
84,59,4,right,right,1.5734631942299908,weber_holds
85,59,4,right,right,1.648757765696772,weber_holds
86,59,4,right,right,1.8602962532373957,weber_holds
87,59,4,right,left,3.271940622237644,weber_holds
88,59,4,right,right,1.9066100206764287,weber_holds
89,59,4,right,right,2.4046059851941894,weber_holds
90,59,4,right,right,1.5186336429436527,weber_holds
91,59,6,right,right,2.1458183906288903,weber_holds
92,59,6,right,right,1.7026436095980158,weber_holds
93,59,6,right,right,2.356318188429218,weber_holds
94,59,6,right,right,2.3912140173634033,weber_holds
95,59,6,right,right,1.4398369683557035,weber_holds
96,59,6,right,left,1.879217833774169,weber_holds
97,59,6,right,right,2.335504270429841,weber_holds
98,59,6,right,right,2.4094720061567214,weber_holds
99,59,6,right,right,2.1974017670447674,weber_holds
100,59,6,right,right,2.7858163293557863,weber_holds
101,59,7,right,right,1.0796119047164865,weber_holds
102,59,7,right,right,1.3509162100578986,weber_holds
103,59,7,right,right,1.7435081476089067,weber_holds
104,59,7,right,right,1.024832221791249,weber_holds
105,59,7,right,right,1.5710907879788982,weber_holds
106,59,7,right,right,1.4558016280982335,weber_holds
107,59,7,right,right,1.242546476248194,weber_holds
108,59,7,right,right,1.5355469452865564,weber_holds
109,59,7,right,right,1.8872016033382057,weber_holds
110,59,7,right,right,1.3410823899678421,weber_holds
111,59,8,right,right,1.4240565527629365,weber_holds
112,59,8,right,right,0.7457618290741976,weber_holds
113,59,8,right,right,1.8015915255158315,weber_holds
114,59,8,right,right,0.7862446523583442,weber_holds
115,59,8,right,right,0.7713882800456633,weber_holds
116,59,8,right,right,0.8738276531460363,weber_holds
117,59,8,right,right,0.8391022663290575,weber_holds
118,59,8,right,right,0.8224068796439339,weber_holds
119,59,8,right,right,1.0506965958224566,weber_holds
120,59,8,right,right,0.898928100340673,weber_holds
1,60,2,left,left,1.1244474842443408,weber_holds
2,60,2,left,left,1.234910676490569,weber_holds
3,60,2,left,left,1.0809719730470173,weber_holds
4,60,2,left,left,0.9251147925521563,weber_holds
5,60,2,left,left,1.1412871359141745,weber_holds
6,60,2,left,left,0.8586657357315062,weber_holds
7,60,2,left,right,1.5546729829378367,weber_holds
8,60,2,left,left,0.8323483990242073,weber_holds
9,60,2,left,left,0.8953072007675642,weber_holds
10,60,2,left,right,1.7902572308392786,weber_holds
11,60,3,left,left,1.2098305315316265,weber_holds
12,60,3,left,left,1.633244405279145,weber_holds
13,60,3,left,left,1.0983209493758226,weber_holds
14,60,3,left,left,1.6245718944172254,weber_holds
15,60,3,left,left,1.1667950492058603,weber_holds
16,60,3,left,left,1.4577006010424225,weber_holds
17,60,3,left,left,1.8123489998010867,weber_holds
18,60,3,left,right,2.1183083270194145,weber_holds
19,60,3,left,left,1.2215772988515476,weber_holds
20,60,3,left,right,1.6778362606099337,weber_holds
21,60,4,left,right,2.1673921815579087,weber_holds
22,60,4,left,right,1.6815642105531592,weber_holds
23,60,4,left,right,2.5092351578156373,weber_holds
24,60,4,left,right,2.773638114384151,weber_holds
25,60,4,left,left,2.780486854590535,weber_holds
26,60,4,left,left,2.6832650820293145,weber_holds
27,60,4,left,right,2.0256097281126104,weber_holds
28,60,4,left,right,2.0790616912413524,weber_holds
29,60,4,left,left,1.7509375138255863,weber_holds
30,60,4,left,left,1.6381127179253145,weber_holds
31,60,6,left,left,1.84916250974392,weber_holds
32,60,6,left,left,1.8341148646387366,weber_holds
33,60,6,left,left,1.7804001145409742,weber_holds
34,60,6,left,left,2.304299902447076,weber_holds
35,60,6,left,left,1.6581208052338123,weber_holds
36,60,6,left,left,2.1549736199150487,weber_holds
37,60,6,left,right,1.7446268976457453,weber_holds
38,60,6,left,right,2.9847417338667577,weber_holds
39,60,6,left,right,3.263475527171024,weber_holds
40,60,6,left,left,2.5046110920735605,weber_holds
41,60,7,left,left,0.9437778795298515,weber_holds
42,60,7,left,left,1.0291094115719084,weber_holds
43,60,7,left,left,1.1633070600974633,weber_holds
44,60,7,left,left,1.5394522337650074,weber_holds
45,60,7,left,left,1.3095483950075113,weber_holds
46,60,7,left,right,1.1989515706935596,weber_holds
47,60,7,left,left,1.7599645753504711,weber_holds
48,60,7,left,left,4.496108936891505,weber_holds
49,60,7,left,left,1.2209389438979412,weber_holds
50,60,7,left,left,1.343602287989677,weber_holds
51,60,8,left,left,0.693273388197197,weber_holds
52,60,8,left,left,0.9479224524235537,weber_holds
53,60,8,left,left,0.8474619580045988,weber_holds
54,60,8,left,left,0.8826784149489035,weber_holds
55,60,8,left,left,0.8695051193091132,weber_holds
56,60,8,left,left,0.7112888891081031,weber_holds
57,60,8,left,left,1.2053705524101757,weber_holds
58,60,8,left,left,1.2336708225536555,weber_holds
59,60,8,left,left,1.1914288584709316,weber_holds
60,60,8,left,left,0.9239728190846517,weber_holds
61,60,2,right,right,0.8008927484171353,weber_holds
62,60,2,right,right,0.7577337748455979,weber_holds
63,60,2,right,right,1.238569460832218,weber_holds
64,60,2,right,right,0.7235859065547627,weber_holds
65,60,2,right,right,0.6427196793219526,weber_holds
66,60,2,right,right,0.9669052856122704,weber_holds
67,60,2,right,right,1.3660131535684144,weber_holds
68,60,2,right,right,0.8100421457926898,weber_holds
69,60,2,right,right,0.8459559333524715,weber_holds
70,60,2,right,right,1.2333182881028473,weber_holds
71,60,3,right,right,1.344492572411939,weber_holds
72,60,3,right,right,1.1988156270952641,weber_holds
73,60,3,right,right,1.7384341359478082,weber_holds
74,60,3,right,right,0.9505233072247226,weber_holds
75,60,3,right,right,1.0115137603828155,weber_holds
76,60,3,right,left,3.6153067706834827,weber_holds
77,60,3,right,right,1.6973812000643247,weber_holds
78,60,3,right,right,1.0938049984516118,weber_holds
79,60,3,right,left,1.985618880168743,weber_holds
80,60,3,right,right,2.040997998639144,weber_holds
81,60,4,right,left,2.321025656087254,weber_holds
82,60,4,right,right,3.5511325733468833,weber_holds
83,60,4,right,right,1.8577285460192623,weber_holds
84,60,4,right,right,2.623051326265703,weber_holds
85,60,4,right,left,1.8535802789211575,weber_holds
86,60,4,right,left,1.4853347327032496,weber_holds
87,60,4,right,left,1.4626736992288423,weber_holds
88,60,4,right,right,2.299126714804973,weber_holds
89,60,4,right,left,2.545672996523941,weber_holds
90,60,4,right,right,1.5968103096103528,weber_holds
91,60,6,right,left,2.6447384849171236,weber_holds
92,60,6,right,right,1.8354159059925244,weber_holds
93,60,6,right,left,2.0333165948837673,weber_holds
94,60,6,right,right,2.09143349953439,weber_holds
95,60,6,right,right,1.4778567838195338,weber_holds
96,60,6,right,right,2.549034609469839,weber_holds
97,60,6,right,left,2.044147531250363,weber_holds
98,60,6,right,right,2.10187853120329,weber_holds
99,60,6,right,right,2.232075851842269,weber_holds
100,60,6,right,left,1.9415237186267373,weber_holds
101,60,7,right,right,2.035534290978143,weber_holds
102,60,7,right,right,1.295499649199136,weber_holds
103,60,7,right,right,1.3294028735919816,weber_holds
104,60,7,right,right,1.3011777931028177,weber_holds
105,60,7,right,right,0.9789651668882569,weber_holds
106,60,7,right,right,7.925896710227954,weber_holds
107,60,7,right,right,1.759462595676613,weber_holds
108,60,7,right,right,1.1772414734305516,weber_holds
109,60,7,right,right,1.3797877537095031,weber_holds
110,60,7,right,right,1.2943782172812466,weber_holds
111,60,8,right,right,1.1217578217824908,weber_holds
112,60,8,right,right,1.7107066606453396,weber_holds
113,60,8,right,right,1.120505216443191,weber_holds
114,60,8,right,left,2.031473057244939,weber_holds
115,60,8,right,right,1.0357678106938955,weber_holds
116,60,8,right,right,1.4669918531734616,weber_holds
117,60,8,right,right,1.22724316868311,weber_holds
118,60,8,right,left,1.6015205347312402,weber_holds
119,60,8,right,right,0.7624529587084008,weber_holds
120,60,8,right,right,0.8311052036338122,weber_holds
1,61,2,left,left,1.1222104969639342,weber_holds
2,61,2,left,left,1.2210906162142994,weber_holds
3,61,2,left,left,2.0626308469228154,weber_holds
4,61,2,left,left,2.2626086484241412,weber_holds
5,61,2,left,right,1.0201436542640039,weber_holds
6,61,2,left,left,0.9822728770823046,weber_holds
7,61,2,left,left,1.0913269822662521,weber_holds
8,61,2,left,left,0.9049220542061696,weber_holds
9,61,2,left,left,0.6577173499054445,weber_holds
10,61,2,left,left,2.81699502274966,weber_holds
11,61,3,left,left,1.5002532665246942,weber_holds
12,61,3,left,left,1.8338684984087692,weber_holds
13,61,3,left,left,1.0821823444837027,weber_holds
14,61,3,left,left,1.7508453863300089,weber_holds
15,61,3,left,left,1.0000272057589348,weber_holds
16,61,3,left,left,0.8336057948655047,weber_holds
17,61,3,left,left,1.9352496604946186,weber_holds
18,61,3,left,left,1.653128960071272,weber_holds
19,61,3,left,left,1.4448182760134358,weber_holds
20,61,3,left,right,1.2649414963942707,weber_holds
21,61,4,left,left,2.859589716765532,weber_holds
22,61,4,left,right,2.8250756058158077,weber_holds
23,61,4,left,right,3.012830339025618,weber_holds
24,61,4,left,left,2.333954571554411,weber_holds
25,61,4,left,left,2.660204733020219,weber_holds
26,61,4,left,left,2.832749121350813,weber_holds
27,61,4,left,left,1.6969378863704512,weber_holds
28,61,4,left,right,1.9708446347659925,weber_holds
29,61,4,left,left,2.471826250596388,weber_holds
30,61,4,left,left,2.0887167760657372,weber_holds
31,61,6,left,left,2.3828376531429614,weber_holds
32,61,6,left,left,1.6096476237288981,weber_holds
33,61,6,left,left,2.2995412917800664,weber_holds
34,61,6,left,left,1.8150901439376228,weber_holds
35,61,6,left,left,1.3231814066134868,weber_holds
36,61,6,left,left,1.929603121429407,weber_holds
37,61,6,left,left,1.5668508128931729,weber_holds
38,61,6,left,left,2.268064994595457,weber_holds
39,61,6,left,right,2.599192002687965,weber_holds
40,61,6,left,left,3.050685407996993,weber_holds
41,61,7,left,left,1.1783526815658867,weber_holds
42,61,7,left,left,1.498838936916035,weber_holds
43,61,7,left,left,1.1186662577829838,weber_holds
44,61,7,left,left,1.1724029439165127,weber_holds
45,61,7,left,left,4.193706651214361,weber_holds
46,61,7,left,left,1.1613178589834126,weber_holds
47,61,7,left,left,1.2900528467893493,weber_holds
48,61,7,left,left,2.0384485428848262,weber_holds
49,61,7,left,right,1.30926319970265,weber_holds
50,61,7,left,left,1.4628934658579915,weber_holds
51,61,8,left,left,0.6044707196222924,weber_holds
52,61,8,left,left,1.0454858230428938,weber_holds
53,61,8,left,right,0.9911531572098355,weber_holds
54,61,8,left,left,0.9791553887486539,weber_holds
55,61,8,left,left,1.113333038981047,weber_holds
56,61,8,left,right,2.5718517957008493,weber_holds
57,61,8,left,left,0.8506831434957651,weber_holds
58,61,8,left,left,1.440462738290664,weber_holds
59,61,8,left,right,2.1273366084364027,weber_holds
60,61,8,left,left,0.9949188967897256,weber_holds
61,61,2,right,right,0.9432850132700463,weber_holds
62,61,2,right,right,1.0000606305370792,weber_holds
63,61,2,right,right,1.1921040462646553,weber_holds
64,61,2,right,right,0.8794982848704158,weber_holds
65,61,2,right,right,1.0700510987241383,weber_holds
66,61,2,right,right,1.104106163104011,weber_holds
67,61,2,right,right,0.7857547700421512,weber_holds
68,61,2,right,left,1.143185158095838,weber_holds
69,61,2,right,right,1.2730800203278356,weber_holds
70,61,2,right,right,0.7700741627276169,weber_holds
71,61,3,right,right,2.1456900038490585,weber_holds
72,61,3,right,left,1.5674732395832773,weber_holds
73,61,3,right,left,2.3241139559030155,weber_holds
74,61,3,right,right,1.5514159930650344,weber_holds
75,61,3,right,right,1.074587367981105,weber_holds
76,61,3,right,right,1.677227805871399,weber_holds
77,61,3,right,right,1.1823976033535828,weber_holds
78,61,3,right,right,1.9250209312545152,weber_holds
79,61,3,right,right,1.1452544518197734,weber_holds
80,61,3,right,right,3.0448633383783843,weber_holds
81,61,4,right,right,2.0611426151531393,weber_holds
82,61,4,right,right,2.368110037424626,weber_holds
83,61,4,right,right,1.904535090149277,weber_holds
84,61,4,right,right,1.6389844541444671,weber_holds
85,61,4,right,right,1.8528997650468693,weber_holds
86,61,4,right,right,2.3777327193687063,weber_holds
87,61,4,right,left,1.7930834923454566,weber_holds
88,61,4,right,right,1.732918127637404,weber_holds
89,61,4,right,right,1.392499241686637,weber_holds
90,61,4,right,left,1.8190036547408703,weber_holds
91,61,6,right,right,1.831989274154545,weber_holds
92,61,6,right,right,2.5921357465118287,weber_holds
93,61,6,right,right,2.3855517426661828,weber_holds
94,61,6,right,left,2.254064147568579,weber_holds
95,61,6,right,right,1.775743137390945,weber_holds
96,61,6,right,right,2.132777558324044,weber_holds
97,61,6,right,right,2.110199600425478,weber_holds
98,61,6,right,left,2.279334366968051,weber_holds
99,61,6,right,right,2.294930907138649,weber_holds
100,61,6,right,right,2.227980909556951,weber_holds
101,61,7,right,left,1.4110145541315937,weber_holds
102,61,7,right,right,1.2473941438302436,weber_holds
103,61,7,right,right,1.8042327616027385,weber_holds
104,61,7,right,right,1.4424360966442622,weber_holds
105,61,7,right,right,1.3976953434657806,weber_holds
106,61,7,right,right,0.925094271377328,weber_holds
107,61,7,right,right,1.5769426703400573,weber_holds
108,61,7,right,right,1.567180177418094,weber_holds
109,61,7,right,right,1.4349803882363288,weber_holds
110,61,7,right,right,2.7067296941562655,weber_holds
111,61,8,right,right,1.0961618238195256,weber_holds
112,61,8,right,right,0.9423614777894471,weber_holds
113,61,8,right,right,1.1605422916764727,weber_holds
114,61,8,right,right,0.9109554854642632,weber_holds
115,61,8,right,right,1.4056544725078175,weber_holds
116,61,8,right,right,0.8668942391210979,weber_holds
117,61,8,right,right,0.9658778028966866,weber_holds
118,61,8,right,right,1.125539684517236,weber_holds
119,61,8,right,right,1.026181101626689,weber_holds
120,61,8,right,left,1.1172007993778998,weber_holds
1,62,2,left,left,2.2441003381957163,weber_holds
2,62,2,left,left,1.3418304484681631,weber_holds
3,62,2,left,left,1.0851234264768832,weber_holds
4,62,2,left,left,1.075269943287084,weber_holds
5,62,2,left,left,1.6522658756783906,weber_holds
6,62,2,left,left,0.8582914337837557,weber_holds
7,62,2,left,left,0.8941352814769863,weber_holds
8,62,2,left,left,0.7464219576915663,weber_holds
9,62,2,left,left,1.0023851232262002,weber_holds
10,62,2,left,left,1.1333208990813366,weber_holds
11,62,3,left,left,2.483324841007621,weber_holds
12,62,3,left,left,2.0391792033999683,weber_holds
13,62,3,left,left,1.1233665005345308,weber_holds
14,62,3,left,left,2.3074301778745303,weber_holds
15,62,3,left,left,1.3057223277117578,weber_holds
16,62,3,left,left,1.5612040478693707,weber_holds
17,62,3,left,left,0.8359608827332639,weber_holds
18,62,3,left,left,1.824668700288323,weber_holds
19,62,3,left,right,1.9718435045267886,weber_holds
20,62,3,left,left,1.9440363294334169,weber_holds
21,62,4,left,left,2.573929583459598,weber_holds
22,62,4,left,left,1.8385555531135074,weber_holds
23,62,4,left,left,2.2069700201679945,weber_holds
24,62,4,left,left,2.1266835173812626,weber_holds
25,62,4,left,right,1.7043032518445835,weber_holds
26,62,4,left,left,1.3117532822345228,weber_holds
27,62,4,left,left,4.320001987926488,weber_holds
28,62,4,left,left,2.3495361119786153,weber_holds
29,62,4,left,left,2.2582955605668436,weber_holds
30,62,4,left,right,2.624067894681801,weber_holds
31,62,6,left,left,3.122882216403007,weber_holds
32,62,6,left,left,2.3489122639153095,weber_holds
33,62,6,left,left,3.0877647637750862,weber_holds
34,62,6,left,right,1.5843235232189443,weber_holds
35,62,6,left,right,2.705738500563533,weber_holds
36,62,6,left,left,2.4319744644231895,weber_holds
37,62,6,left,left,2.079060650021525,weber_holds
38,62,6,left,left,1.783208607315299,weber_holds
39,62,6,left,left,2.8238020915558812,weber_holds
40,62,6,left,left,2.5389077095428894,weber_holds
41,62,7,left,left,1.145675997399563,weber_holds
42,62,7,left,left,1.25772295423882,weber_holds
43,62,7,left,left,1.3636433133855728,weber_holds
44,62,7,left,left,1.389906183128556,weber_holds
45,62,7,left,left,1.490068725513357,weber_holds
46,62,7,left,left,1.1943400255639514,weber_holds
47,62,7,left,left,1.073553259532753,weber_holds
48,62,7,left,left,1.467811215077302,weber_holds
49,62,7,left,left,1.267244218306564,weber_holds
50,62,7,left,left,1.8024714383731901,weber_holds
51,62,8,left,left,1.0752245458689231,weber_holds
52,62,8,left,left,0.664489739305559,weber_holds
53,62,8,left,left,1.0070412807091147,weber_holds
54,62,8,left,left,0.9563854055732968,weber_holds
55,62,8,left,left,0.914128318519192,weber_holds
56,62,8,left,left,1.0490900575991218,weber_holds
57,62,8,left,left,1.3303140750247644,weber_holds
58,62,8,left,left,1.2239434635442363,weber_holds
59,62,8,left,left,1.0304196670520676,weber_holds
60,62,8,left,left,1.4406120404506138,weber_holds
61,62,2,right,right,1.01333594983423,weber_holds
62,62,2,right,right,0.7626359417707507,weber_holds
63,62,2,right,right,1.0648031180184088,weber_holds
64,62,2,right,right,0.9195007399981852,weber_holds
65,62,2,right,right,1.156265618277444,weber_holds
66,62,2,right,right,0.8661111060729361,weber_holds
67,62,2,right,right,0.944724589867298,weber_holds
68,62,2,right,right,0.9112443282042124,weber_holds
69,62,2,right,right,0.6889453915207964,weber_holds
70,62,2,right,right,1.0342494666350084,weber_holds
71,62,3,right,left,1.989469797152183,weber_holds
72,62,3,right,right,0.9571939604764701,weber_holds
73,62,3,right,right,1.5402236804029776,weber_holds
74,62,3,right,right,0.9723170765680516,weber_holds
75,62,3,right,right,1.5838828440928805,weber_holds
76,62,3,right,right,1.2117250901207754,weber_holds
77,62,3,right,right,2.601956549428713,weber_holds
78,62,3,right,right,1.2270707213671148,weber_holds
79,62,3,right,right,1.043819575028867,weber_holds
80,62,3,right,right,1.0998083645182362,weber_holds
81,62,4,right,right,2.45694434536753,weber_holds
82,62,4,right,right,1.6576217588670747,weber_holds
83,62,4,right,right,1.8568388832088925,weber_holds
84,62,4,right,right,2.270575848119574,weber_holds
85,62,4,right,right,1.8259156460777737,weber_holds
86,62,4,right,right,3.9849765232635614,weber_holds
87,62,4,right,left,2.058851477675241,weber_holds
88,62,4,right,right,2.4331155018514754,weber_holds
89,62,4,right,left,2.2643801934839134,weber_holds
90,62,4,right,right,3.7181468385742424,weber_holds
91,62,6,right,left,2.7976393614364836,weber_holds
92,62,6,right,right,2.041119986140065,weber_holds
93,62,6,right,left,3.986808392813428,weber_holds
94,62,6,right,right,1.7300519134316148,weber_holds
95,62,6,right,right,2.0172562311300837,weber_holds
96,62,6,right,right,2.0019603850570125,weber_holds
97,62,6,right,right,2.4968657127141594,weber_holds
98,62,6,right,right,2.385580954290285,weber_holds
99,62,6,right,right,2.4501970220607987,weber_holds
100,62,6,right,right,1.6569775506431865,weber_holds
101,62,7,right,right,1.0692569458572398,weber_holds
102,62,7,right,right,1.2505537321927662,weber_holds
103,62,7,right,right,1.5952415512100184,weber_holds
104,62,7,right,left,1.171306777595258,weber_holds
105,62,7,right,right,1.3555977263829813,weber_holds
106,62,7,right,right,0.9935578618959524,weber_holds
107,62,7,right,right,1.284422678580574,weber_holds
108,62,7,right,right,1.0052448451401153,weber_holds
109,62,7,right,right,1.2610499202202445,weber_holds
110,62,7,right,right,2.3920177712272785,weber_holds
111,62,8,right,left,1.2258782841950324,weber_holds
112,62,8,right,right,0.8537823798265898,weber_holds
113,62,8,right,right,0.8119012103350531,weber_holds
114,62,8,right,right,0.6835825076348846,weber_holds
115,62,8,right,right,1.086358313649093,weber_holds
116,62,8,right,right,1.123994755020658,weber_holds
117,62,8,right,right,0.9669181872163048,weber_holds
118,62,8,right,right,1.898323437207553,weber_holds
119,62,8,right,right,0.608212057331539,weber_holds
120,62,8,right,right,0.9844030304778177,weber_holds
1,63,2,left,left,0.8902842196162457,weber_holds
2,63,2,left,left,0.9678765591485339,weber_holds
3,63,2,left,left,1.3558504007701342,weber_holds
4,63,2,left,left,0.7829021340152322,weber_holds
5,63,2,left,left,1.0869723701055984,weber_holds
6,63,2,left,left,0.7967491556238684,weber_holds
7,63,2,left,left,1.5907630065048506,weber_holds
8,63,2,left,left,1.047637705973728,weber_holds
9,63,2,left,left,0.8996350389517742,weber_holds
10,63,2,left,left,1.744158752602908,weber_holds
11,63,3,left,left,2.844250136407887,weber_holds
12,63,3,left,left,1.8806609760415975,weber_holds
13,63,3,left,left,2.0062020960052567,weber_holds
14,63,3,left,right,1.897947042427081,weber_holds
15,63,3,left,left,1.082543362090729,weber_holds
16,63,3,left,left,1.4404316945663524,weber_holds
17,63,3,left,left,1.4181251020635357,weber_holds
18,63,3,left,left,1.5014700269780665,weber_holds
19,63,3,left,left,1.5849546574348323,weber_holds
20,63,3,left,left,1.252564136223721,weber_holds
21,63,4,left,left,1.3551352446314797,weber_holds
22,63,4,left,left,1.5061495554747248,weber_holds
23,63,4,left,right,1.9242393249023524,weber_holds
24,63,4,left,right,3.2182994185237193,weber_holds
25,63,4,left,left,2.3271974056861655,weber_holds
26,63,4,left,left,2.6741726371006025,weber_holds
27,63,4,left,right,3.3346474053862623,weber_holds
28,63,4,left,left,1.6981403280528373,weber_holds
29,63,4,left,right,3.6760963191645213,weber_holds
30,63,4,left,left,2.5693581236611815,weber_holds
31,63,6,left,left,2.376085055987351,weber_holds
32,63,6,left,right,2.0976496733703116,weber_holds
33,63,6,left,left,1.7143861035198087,weber_holds
34,63,6,left,left,1.7147896585805302,weber_holds
35,63,6,left,right,4.04374912578928,weber_holds
36,63,6,left,left,2.350757723596083,weber_holds
37,63,6,left,right,2.9166766868261855,weber_holds
38,63,6,left,left,1.3270623987850367,weber_holds
39,63,6,left,left,2.1262847614502243,weber_holds
40,63,6,left,right,1.7301166447555678,weber_holds
41,63,7,left,left,1.3008653729445299,weber_holds
42,63,7,left,left,1.6398383087975132,weber_holds
43,63,7,left,left,1.1175128604682387,weber_holds
44,63,7,left,left,1.33589404491267,weber_holds
45,63,7,left,left,1.0499522344853878,weber_holds
46,63,7,left,left,0.9493433299638776,weber_holds
47,63,7,left,left,1.6186062132459536,weber_holds
48,63,7,left,left,2.244165881700599,weber_holds
49,63,7,left,left,0.9715583807115125,weber_holds
50,63,7,left,left,2.122041044186694,weber_holds
51,63,8,left,left,0.9475242991662167,weber_holds
52,63,8,left,left,0.7854848414739886,weber_holds
53,63,8,left,left,1.1234042398378934,weber_holds
54,63,8,left,left,0.8355754104554971,weber_holds
55,63,8,left,left,0.9313031988490803,weber_holds
56,63,8,left,left,0.7654064675554046,weber_holds
57,63,8,left,left,0.8709847828505719,weber_holds
58,63,8,left,left,1.5724470320636947,weber_holds
59,63,8,left,left,1.406949466460853,weber_holds
60,63,8,left,left,0.902413569057553,weber_holds
61,63,2,right,right,0.7168694442567514,weber_holds
62,63,2,right,right,1.035530189612176,weber_holds
63,63,2,right,right,1.1606499802720422,weber_holds
64,63,2,right,right,0.9225292483254965,weber_holds
65,63,2,right,right,0.7587650534218042,weber_holds
66,63,2,right,right,1.0707121844554655,weber_holds
67,63,2,right,right,0.987854613148909,weber_holds
68,63,2,right,right,0.7712636268714925,weber_holds
69,63,2,right,right,1.758326593117079,weber_holds
70,63,2,right,right,0.7220200169103241,weber_holds
71,63,3,right,left,1.5599997089855597,weber_holds
72,63,3,right,right,1.9298731548804857,weber_holds
73,63,3,right,right,1.1464992239111729,weber_holds
74,63,3,right,right,1.2654423046471983,weber_holds
75,63,3,right,right,1.9081934315725049,weber_holds
76,63,3,right,right,2.1085020999413913,weber_holds
77,63,3,right,right,1.600058557012324,weber_holds
78,63,3,right,right,1.3303340170167257,weber_holds
79,63,3,right,right,1.0487879574828132,weber_holds
80,63,3,right,right,1.8924663718814836,weber_holds
81,63,4,right,right,2.502946824255292,weber_holds
82,63,4,right,right,1.6225545058986144,weber_holds
83,63,4,right,left,1.8366732249838598,weber_holds
84,63,4,right,right,2.3493302328068166,weber_holds
85,63,4,right,right,2.687224582292465,weber_holds
86,63,4,right,right,1.9401229447102897,weber_holds
87,63,4,right,right,3.309579729458857,weber_holds
88,63,4,right,left,2.3240975650243514,weber_holds
89,63,4,right,left,2.188418556594154,weber_holds
90,63,4,right,right,1.2090089954743688,weber_holds
91,63,6,right,right,1.4634913411307182,weber_holds
92,63,6,right,left,2.3494905760694054,weber_holds
93,63,6,right,right,2.1789722497901507,weber_holds
94,63,6,right,right,2.3928335453448146,weber_holds
95,63,6,right,right,1.7235118581392441,weber_holds
96,63,6,right,left,2.7790000247673925,weber_holds
97,63,6,right,right,2.187706782356289,weber_holds
98,63,6,right,left,1.7719815601228683,weber_holds
99,63,6,right,right,1.903719993385571,weber_holds
100,63,6,right,left,3.172152754878878,weber_holds
101,63,7,right,left,1.4461729045537017,weber_holds
102,63,7,right,right,1.1254729299636117,weber_holds
103,63,7,right,right,1.382153664882532,weber_holds
104,63,7,right,right,1.7568685501764525,weber_holds
105,63,7,right,right,1.4959144483049458,weber_holds
106,63,7,right,right,1.0849870063671418,weber_holds
107,63,7,right,left,1.6159738955204122,weber_holds
108,63,7,right,right,1.0923814881618863,weber_holds
109,63,7,right,right,1.794576698127406,weber_holds
110,63,7,right,right,1.8391108393090378,weber_holds
111,63,8,right,right,2.8645770433047932,weber_holds
112,63,8,right,right,1.1375188804413947,weber_holds
113,63,8,right,right,1.1376581713650602,weber_holds
114,63,8,right,right,0.9357303988195014,weber_holds
115,63,8,right,right,0.8026086184012478,weber_holds
116,63,8,right,right,0.8978829121221803,weber_holds
117,63,8,right,right,1.2711319274774842,weber_holds
118,63,8,right,right,0.7808110593556015,weber_holds
119,63,8,right,right,1.1137699166385824,weber_holds
120,63,8,right,right,0.8953742651481955,weber_holds
1,64,2,left,left,0.8127373047136375,weber_holds
2,64,2,left,left,0.9269318528066961,weber_holds
3,64,2,left,left,1.1983354696883501,weber_holds
4,64,2,left,right,2.5570230452154985,weber_holds
5,64,2,left,left,0.7782318399943231,weber_holds
6,64,2,left,left,1.1334007125705803,weber_holds
7,64,2,left,left,0.8671535167855442,weber_holds
8,64,2,left,left,0.6901908061320325,weber_holds
9,64,2,left,left,1.0998869833959741,weber_holds
10,64,2,left,right,1.4647344725209863,weber_holds
11,64,3,left,left,1.2181765243703973,weber_holds
12,64,3,left,left,1.1055938962839131,weber_holds
13,64,3,left,left,1.375322346996497,weber_holds
14,64,3,left,left,1.2405421659687674,weber_holds
15,64,3,left,left,1.6530560782673827,weber_holds
16,64,3,left,left,1.5076545889422586,weber_holds
17,64,3,left,left,3.683268613938576,weber_holds
18,64,3,left,left,1.4094225726213978,weber_holds
19,64,3,left,left,1.7403795745901276,weber_holds
20,64,3,left,left,1.0766499351041172,weber_holds
21,64,4,left,left,2.1489994224173126,weber_holds
22,64,4,left,right,2.017878806352752,weber_holds
23,64,4,left,right,2.0061977566575386,weber_holds
24,64,4,left,left,2.510229727861002,weber_holds
25,64,4,left,left,2.5282978745822566,weber_holds
26,64,4,left,right,2.922250439465149,weber_holds
27,64,4,left,left,2.830119430520041,weber_holds
28,64,4,left,left,3.9590692229651956,weber_holds
29,64,4,left,left,2.4115074732387436,weber_holds
30,64,4,left,right,1.625050515628358,weber_holds
31,64,6,left,right,2.603521676953558,weber_holds
32,64,6,left,right,2.4223169162249887,weber_holds
33,64,6,left,left,3.076375264687822,weber_holds
34,64,6,left,right,2.644927180882497,weber_holds
35,64,6,left,left,2.1078204079625857,weber_holds
36,64,6,left,left,1.9744551352344675,weber_holds
37,64,6,left,right,3.034494285645122,weber_holds
38,64,6,left,left,2.9327668683158126,weber_holds
39,64,6,left,right,2.2164680509694197,weber_holds
40,64,6,left,left,3.1968059621339924,weber_holds
41,64,7,left,left,1.2512625940949917,weber_holds
42,64,7,left,left,1.0382545646467336,weber_holds
43,64,7,left,left,1.0948314460160393,weber_holds
44,64,7,left,left,1.2102730955273178,weber_holds
45,64,7,left,left,1.138856520327608,weber_holds
46,64,7,left,right,1.6769101511042586,weber_holds
47,64,7,left,left,1.152686118104909,weber_holds
48,64,7,left,left,0.9659108338907159,weber_holds
49,64,7,left,left,1.741929736477185,weber_holds
50,64,7,left,left,1.5316001958726828,weber_holds
51,64,8,left,left,1.3438584361857395,weber_holds
52,64,8,left,left,1.361521835310011,weber_holds
53,64,8,left,left,0.837815673861056,weber_holds
54,64,8,left,left,0.8422806926307684,weber_holds
55,64,8,left,left,0.8341452134876661,weber_holds
56,64,8,left,left,1.9307991327605396,weber_holds
57,64,8,left,left,0.7949094165755584,weber_holds
58,64,8,left,left,0.7823034917720628,weber_holds
59,64,8,left,left,0.9168754432808313,weber_holds
60,64,8,left,left,1.139788004425449,weber_holds
61,64,2,right,right,0.6583102228881555,weber_holds
62,64,2,right,right,0.9310352617137161,weber_holds
63,64,2,right,right,0.9906501969810848,weber_holds
64,64,2,right,right,0.7972166083545711,weber_holds
65,64,2,right,right,3.723373175939064,weber_holds
66,64,2,right,right,1.958511589451875,weber_holds
67,64,2,right,right,1.435080033673806,weber_holds
68,64,2,right,right,1.0296635317607583,weber_holds
69,64,2,right,right,0.8956300414728355,weber_holds
70,64,2,right,right,0.820644892421204,weber_holds
71,64,3,right,right,1.1469997229797588,weber_holds
72,64,3,right,right,1.02021568287604,weber_holds
73,64,3,right,right,1.1709158166989313,weber_holds
74,64,3,right,right,1.3585738799965503,weber_holds
75,64,3,right,right,1.665101214611401,weber_holds
76,64,3,right,right,1.6369922853515089,weber_holds
77,64,3,right,right,4.643360023135397,weber_holds
78,64,3,right,right,2.5404857179991587,weber_holds
79,64,3,right,right,2.0041031696594045,weber_holds
80,64,3,right,right,1.216364248511024,weber_holds
81,64,4,right,right,1.8854540420248516,weber_holds
82,64,4,right,left,2.4327005407357136,weber_holds
83,64,4,right,right,1.734610690677572,weber_holds
84,64,4,right,left,3.7079067140468807,weber_holds
85,64,4,right,left,3.074465627707453,weber_holds
86,64,4,right,right,2.914166250994892,weber_holds
87,64,4,right,right,2.0065101594809573,weber_holds
88,64,4,right,right,2.8760478028420136,weber_holds
89,64,4,right,left,2.0375223014420323,weber_holds
90,64,4,right,right,2.3258811535834227,weber_holds
91,64,6,right,left,3.134461476894343,weber_holds
92,64,6,right,left,2.1969212549378265,weber_holds
93,64,6,right,right,1.500097313070617,weber_holds
94,64,6,right,right,4.9653225206308305,weber_holds
95,64,6,right,right,1.5925082395514327,weber_holds
96,64,6,right,right,1.5946945163809976,weber_holds
97,64,6,right,left,2.129541566015735,weber_holds
98,64,6,right,left,2.8666604567379648,weber_holds
99,64,6,right,left,2.38536770580592,weber_holds
100,64,6,right,left,2.536951871660305,weber_holds
101,64,7,right,left,1.3315925644048345,weber_holds
102,64,7,right,left,1.2036625096633062,weber_holds
103,64,7,right,right,1.436120853929307,weber_holds
104,64,7,right,right,1.458421789040536,weber_holds
105,64,7,right,right,1.481602323847108,weber_holds
106,64,7,right,right,1.5212726493176552,weber_holds
107,64,7,right,right,1.1840380553466103,weber_holds
108,64,7,right,right,1.5771641007182595,weber_holds
109,64,7,right,right,1.4185708789878773,weber_holds
110,64,7,right,left,1.1187697950261384,weber_holds
111,64,8,right,right,1.400463923822503,weber_holds
112,64,8,right,right,0.6166803887990369,weber_holds
113,64,8,right,right,2.0789842924389883,weber_holds
114,64,8,right,right,0.9474271970654047,weber_holds
115,64,8,right,right,1.3343384222842063,weber_holds
116,64,8,right,right,0.5577756067126182,weber_holds
117,64,8,right,right,1.3777623372428192,weber_holds
118,64,8,right,right,1.4265936327673296,weber_holds
119,64,8,right,right,1.7797438453781471,weber_holds
120,64,8,right,right,0.9297593153221957,weber_holds
1,65,2,left,left,0.8469430556424422,weber_holds
2,65,2,left,left,1.557237462842493,weber_holds
3,65,2,left,left,1.112737128967033,weber_holds
4,65,2,left,left,1.5680171482346454,weber_holds
5,65,2,left,left,1.6513502537251135,weber_holds
6,65,2,left,left,1.1018954608684581,weber_holds
7,65,2,left,left,0.6836679222513229,weber_holds
8,65,2,left,left,1.00058581332787,weber_holds
9,65,2,left,left,0.9233494404802804,weber_holds
10,65,2,left,left,1.2162506773785051,weber_holds
11,65,3,left,left,1.2768774185067207,weber_holds
12,65,3,left,left,1.971866564171074,weber_holds
13,65,3,left,left,1.1411922903709772,weber_holds
14,65,3,left,left,1.3748049415360721,weber_holds
15,65,3,left,left,1.4429359778307893,weber_holds
16,65,3,left,left,1.6942320098725185,weber_holds
17,65,3,left,left,1.288552745350107,weber_holds
18,65,3,left,left,1.0259115611191139,weber_holds
19,65,3,left,right,1.3228704801505655,weber_holds
20,65,3,left,left,1.3211714019167367,weber_holds
21,65,4,left,left,1.3824879007384046,weber_holds
22,65,4,left,right,2.999379489133901,weber_holds
23,65,4,left,left,1.6510462041342862,weber_holds
24,65,4,left,left,1.8353557391528326,weber_holds
25,65,4,left,left,1.7260548672988052,weber_holds
26,65,4,left,left,1.6394087637252113,weber_holds
27,65,4,left,left,2.868612791905275,weber_holds
28,65,4,left,left,1.8105719080317777,weber_holds
29,65,4,left,left,1.6428796997104371,weber_holds
30,65,4,left,left,5.7017030612782005,weber_holds
31,65,6,left,right,1.9523429312647487,weber_holds
32,65,6,left,right,2.4630964399454958,weber_holds
33,65,6,left,left,3.2555267782447332,weber_holds
34,65,6,left,right,2.691018462475979,weber_holds
35,65,6,left,left,3.381997071096517,weber_holds
36,65,6,left,left,1.9866929548075811,weber_holds
37,65,6,left,left,1.33936615330277,weber_holds
38,65,6,left,left,3.0358358445258,weber_holds
39,65,6,left,left,2.626129296078887,weber_holds
40,65,6,left,left,1.7246507533744284,weber_holds
41,65,7,left,left,0.963936346502398,weber_holds
42,65,7,left,left,1.3191239860669786,weber_holds
43,65,7,left,left,1.6368918502706857,weber_holds
44,65,7,left,left,1.0289550023214757,weber_holds
45,65,7,left,left,1.091342773667358,weber_holds
46,65,7,left,left,1.1177382197665047,weber_holds
47,65,7,left,left,1.087869765274231,weber_holds
48,65,7,left,left,1.2160531900903275,weber_holds
49,65,7,left,left,1.2876345639058984,weber_holds
50,65,7,left,left,1.1367281655638388,weber_holds
51,65,8,left,left,1.1148584469741154,weber_holds
52,65,8,left,left,0.8786803181092016,weber_holds
53,65,8,left,left,1.3061774540031874,weber_holds
54,65,8,left,left,0.6881381332711584,weber_holds
55,65,8,left,left,1.2783257887145016,weber_holds
56,65,8,left,left,1.0621520370622084,weber_holds
57,65,8,left,left,1.4649998230263723,weber_holds
58,65,8,left,left,1.0517866541037022,weber_holds
59,65,8,left,left,0.7135625959689913,weber_holds
60,65,8,left,left,0.8197531529740525,weber_holds
61,65,2,right,right,0.9734827532192485,weber_holds
62,65,2,right,right,0.925353280793429,weber_holds
63,65,2,right,left,1.5624014248306766,weber_holds
64,65,2,right,right,0.8787092775609224,weber_holds
65,65,2,right,right,1.0133959174509959,weber_holds
66,65,2,right,right,1.2544186316961126,weber_holds
67,65,2,right,right,1.8810233958710247,weber_holds
68,65,2,right,right,0.9639854599248501,weber_holds
69,65,2,right,right,0.6973340491674775,weber_holds
70,65,2,right,right,1.5551386367782185,weber_holds
71,65,3,right,right,1.6736274147448646,weber_holds
72,65,3,right,right,1.5680262755085024,weber_holds
73,65,3,right,left,1.5067893931085181,weber_holds
74,65,3,right,right,1.1729610554857364,weber_holds
75,65,3,right,right,1.229062342293738,weber_holds
76,65,3,right,right,2.6372586436780696,weber_holds
77,65,3,right,right,1.245621935365372,weber_holds
78,65,3,right,right,1.322487411628738,weber_holds
79,65,3,right,right,1.2166223774402602,weber_holds
80,65,3,right,right,1.334129936010165,weber_holds
81,65,4,right,right,1.8696771964832442,weber_holds
82,65,4,right,right,2.2163749567614106,weber_holds
83,65,4,right,right,1.6384198050875927,weber_holds
84,65,4,right,right,2.222856076214095,weber_holds
85,65,4,right,left,2.720319919597504,weber_holds
86,65,4,right,left,2.595136654169232,weber_holds
87,65,4,right,right,1.6605214759167193,weber_holds
88,65,4,right,left,2.5462153270970265,weber_holds
89,65,4,right,right,1.668869635097043,weber_holds
90,65,4,right,right,2.7419093910839236,weber_holds
91,65,6,right,left,1.5763543555205026,weber_holds
92,65,6,right,left,2.7795717993435116,weber_holds
93,65,6,right,right,2.6745277785993995,weber_holds
94,65,6,right,left,3.35241974031295,weber_holds
95,65,6,right,left,2.28439902676411,weber_holds
96,65,6,right,left,2.756959796000171,weber_holds
97,65,6,right,left,2.0767487425847557,weber_holds
98,65,6,right,right,1.9078260407573544,weber_holds
99,65,6,right,left,2.734142445143052,weber_holds
100,65,6,right,right,2.4718773126869382,weber_holds
101,65,7,right,right,1.400019975460415,weber_holds
102,65,7,right,right,1.5931447184352994,weber_holds
103,65,7,right,right,1.3720900599963397,weber_holds
104,65,7,right,left,1.802899382673606,weber_holds
105,65,7,right,right,0.9056323847493262,weber_holds
106,65,7,right,right,1.3072766708873538,weber_holds
107,65,7,right,left,1.2415452413584276,weber_holds
108,65,7,right,right,1.423172667869627,weber_holds
109,65,7,right,right,1.4002423910664608,weber_holds
110,65,7,right,right,1.0734459989432348,weber_holds
111,65,8,right,right,0.9221640327338834,weber_holds
112,65,8,right,left,1.151515751608492,weber_holds
113,65,8,right,right,1.7652697784360964,weber_holds
114,65,8,right,right,0.8568055497853067,weber_holds
115,65,8,right,right,0.7977132430332927,weber_holds
116,65,8,right,right,1.0335220236887783,weber_holds
117,65,8,right,right,1.0919728870642942,weber_holds
118,65,8,right,right,1.0182295176973257,weber_holds
119,65,8,right,right,0.9657779948821605,weber_holds
120,65,8,right,right,0.9981251026616507,weber_holds
1,66,2,left,left,1.2478671951003173,weber_holds
2,66,2,left,left,0.9386147080338025,weber_holds
3,66,2,left,left,0.8625935496780348,weber_holds
4,66,2,left,left,0.9702394014575946,weber_holds
5,66,2,left,left,0.9446622965090845,weber_holds
6,66,2,left,left,0.8253274219551177,weber_holds
7,66,2,left,left,0.7318921092763058,weber_holds
8,66,2,left,left,0.9132844745395672,weber_holds
9,66,2,left,left,0.8307531228695844,weber_holds
10,66,2,left,left,1.2274388533881118,weber_holds
11,66,3,left,left,0.8539533959253482,weber_holds
12,66,3,left,left,1.3569029250653089,weber_holds
13,66,3,left,left,1.0605959579523154,weber_holds
14,66,3,left,left,1.6765824359617414,weber_holds
15,66,3,left,left,1.4521333351310362,weber_holds
16,66,3,left,left,1.090108912023422,weber_holds
17,66,3,left,left,2.4551038187770606,weber_holds
18,66,3,left,left,1.7108712832242805,weber_holds
19,66,3,left,left,1.4624111883458084,weber_holds
20,66,3,left,right,1.5032338809623094,weber_holds
21,66,4,left,left,2.567918103776105,weber_holds
22,66,4,left,left,3.6651166120102334,weber_holds
23,66,4,left,left,1.677322519137865,weber_holds
24,66,4,left,left,2.0135433540016456,weber_holds
25,66,4,left,left,2.047130803391242,weber_holds
26,66,4,left,left,1.760541381702078,weber_holds
27,66,4,left,left,1.9604701073291493,weber_holds
28,66,4,left,left,2.0046681826271517,weber_holds
29,66,4,left,right,2.48697193780413,weber_holds
30,66,4,left,left,1.981520698152481,weber_holds
31,66,6,left,right,2.739640040131746,weber_holds
32,66,6,left,right,2.466262081075348,weber_holds
33,66,6,left,left,1.7042527142641266,weber_holds
34,66,6,left,right,2.5146314024857217,weber_holds
35,66,6,left,right,1.8466216271975828,weber_holds
36,66,6,left,left,1.827428518197859,weber_holds
37,66,6,left,left,2.4487529476350063,weber_holds
38,66,6,left,left,2.4223486837350694,weber_holds
39,66,6,left,left,1.6105757678826695,weber_holds
40,66,6,left,left,2.0472822062537004,weber_holds
41,66,7,left,left,0.991208118845446,weber_holds
42,66,7,left,right,1.3877788183310427,weber_holds
43,66,7,left,right,1.6982666918135054,weber_holds
44,66,7,left,left,1.06669324321272,weber_holds
45,66,7,left,left,1.1209047484695156,weber_holds
46,66,7,left,left,1.3334274247487081,weber_holds
47,66,7,left,left,1.1928466844676588,weber_holds
48,66,7,left,left,1.5171853472825398,weber_holds
49,66,7,left,left,1.4084078508490916,weber_holds
50,66,7,left,left,1.327779257022912,weber_holds
51,66,8,left,left,1.0869492590288703,weber_holds
52,66,8,left,left,1.1830761105222687,weber_holds
53,66,8,left,left,0.9708329542082286,weber_holds
54,66,8,left,left,0.757548613766692,weber_holds
55,66,8,left,right,1.8875680935808967,weber_holds
56,66,8,left,left,1.1114712487249006,weber_holds
57,66,8,left,left,0.9893925085053403,weber_holds
58,66,8,left,right,2.6226717049687736,weber_holds
59,66,8,left,left,0.9849224764541424,weber_holds
60,66,8,left,left,0.6972312489060817,weber_holds
61,66,2,right,right,0.9844630090576993,weber_holds
62,66,2,right,right,1.0414838159326771,weber_holds
63,66,2,right,right,1.0839957371551716,weber_holds
64,66,2,right,right,1.0221337620437316,weber_holds
65,66,2,right,right,1.0389975600760641,weber_holds
66,66,2,right,right,1.1483305645411241,weber_holds
67,66,2,right,right,1.4594941290963142,weber_holds
68,66,2,right,right,0.8400921513090978,weber_holds
69,66,2,right,right,1.021170987325896,weber_holds
70,66,2,right,right,1.1323813006413435,weber_holds
71,66,3,right,right,1.2101310460813375,weber_holds
72,66,3,right,left,1.3895497048534593,weber_holds
73,66,3,right,right,1.7984390388626292,weber_holds
74,66,3,right,right,3.1483652452770285,weber_holds
75,66,3,right,right,1.1627712215332773,weber_holds
76,66,3,right,right,0.9321066121701711,weber_holds
77,66,3,right,right,3.023962313362454,weber_holds
78,66,3,right,right,1.7528212501778921,weber_holds
79,66,3,right,right,2.6753016698377743,weber_holds
80,66,3,right,right,1.444549212561119,weber_holds
81,66,4,right,left,2.2738376707639625,weber_holds
82,66,4,right,right,1.8837907066061916,weber_holds
83,66,4,right,left,2.236212683374192,weber_holds
84,66,4,right,right,1.6091065135574498,weber_holds
85,66,4,right,right,1.9540129647541717,weber_holds
86,66,4,right,left,2.6032735898625483,weber_holds
87,66,4,right,right,2.4028277538439373,weber_holds
88,66,4,right,left,3.926340458184135,weber_holds
89,66,4,right,left,2.5211673965096093,weber_holds
90,66,4,right,right,1.669026843270342,weber_holds
91,66,6,right,left,2.210963499963237,weber_holds
92,66,6,right,right,2.288725583494087,weber_holds
93,66,6,right,right,2.7567697979766597,weber_holds
94,66,6,right,left,1.6830904299856926,weber_holds
95,66,6,right,right,2.431714893360286,weber_holds
96,66,6,right,left,2.1755445357010696,weber_holds
97,66,6,right,right,1.9886926346103144,weber_holds
98,66,6,right,left,2.7455119466590006,weber_holds
99,66,6,right,right,2.579702914648098,weber_holds
100,66,6,right,right,1.990500824026359,weber_holds
101,66,7,right,right,1.248456550919186,weber_holds
102,66,7,right,right,1.398581547476542,weber_holds
103,66,7,right,right,1.4986486466199855,weber_holds
104,66,7,right,right,2.2141520625671047,weber_holds
105,66,7,right,right,1.0414046174336897,weber_holds
106,66,7,right,right,0.8077045089002399,weber_holds
107,66,7,right,right,3.2837058443054143,weber_holds
108,66,7,right,right,2.9421080441143435,weber_holds
109,66,7,right,right,1.3739098625591428,weber_holds
110,66,7,right,right,1.9004753285158495,weber_holds
111,66,8,right,right,0.9498507423403482,weber_holds
112,66,8,right,right,0.9091041321810265,weber_holds
113,66,8,right,right,1.025944021435854,weber_holds
114,66,8,right,right,1.012134411504976,weber_holds
115,66,8,right,right,0.9093912365846117,weber_holds
116,66,8,right,right,1.4541029476566396,weber_holds
117,66,8,right,right,0.9637188015810161,weber_holds
118,66,8,right,right,0.7194487146924022,weber_holds
119,66,8,right,right,0.9870466752749423,weber_holds
120,66,8,right,right,1.0359345675811513,weber_holds
1,67,2,left,left,0.9830863114191604,weber_holds
2,67,2,left,left,0.8707853674536197,weber_holds
3,67,2,left,left,1.0921704576364082,weber_holds
4,67,2,left,left,1.1134513898482514,weber_holds
5,67,2,left,left,1.0384195386041255,weber_holds
6,67,2,left,left,0.9761392080851627,weber_holds
7,67,2,left,left,0.7472303144217025,weber_holds
8,67,2,left,left,1.0167320590964388,weber_holds
9,67,2,left,left,1.5375180604611136,weber_holds
10,67,2,left,left,1.0857558125600433,weber_holds
11,67,3,left,left,1.5947431821343105,weber_holds
12,67,3,left,left,1.697835921278814,weber_holds
13,67,3,left,left,1.417599270374701,weber_holds
14,67,3,left,left,1.7319843347511494,weber_holds
15,67,3,left,left,0.9344471206924148,weber_holds
16,67,3,left,left,1.175231062098003,weber_holds
17,67,3,left,right,2.0437021779002866,weber_holds
18,67,3,left,left,1.5676877614359506,weber_holds
19,67,3,left,left,1.8771588052703854,weber_holds
20,67,3,left,right,1.3702322176504882,weber_holds
21,67,4,left,right,1.8540266800748844,weber_holds
22,67,4,left,right,2.4212916042613863,weber_holds
23,67,4,left,left,2.630715866638576,weber_holds
24,67,4,left,left,1.6905537365406862,weber_holds
25,67,4,left,right,3.311115392492157,weber_holds
26,67,4,left,left,1.9383418393218628,weber_holds
27,67,4,left,left,2.419932090633825,weber_holds
28,67,4,left,left,1.6525140518623986,weber_holds
29,67,4,left,left,1.5252913247336348,weber_holds
30,67,4,left,left,1.4416390700219384,weber_holds
31,67,6,left,left,1.9915696993818743,weber_holds
32,67,6,left,left,1.7012782533625475,weber_holds
33,67,6,left,left,2.1379150021130306,weber_holds
34,67,6,left,right,3.23274518239103,weber_holds
35,67,6,left,left,1.909877588866227,weber_holds
36,67,6,left,left,2.5083990932919007,weber_holds
37,67,6,left,left,1.6239848568146364,weber_holds
38,67,6,left,left,2.290130355041471,weber_holds
39,67,6,left,left,1.8292605557073225,weber_holds
40,67,6,left,left,1.5952392978906198,weber_holds
41,67,7,left,left,1.1106415902107991,weber_holds
42,67,7,left,left,1.5357750389490281,weber_holds
43,67,7,left,left,1.9504277071068614,weber_holds
44,67,7,left,left,1.9772490765114044,weber_holds
45,67,7,left,left,1.9669419142521474,weber_holds
46,67,7,left,left,1.1310758521370003,weber_holds
47,67,7,left,right,3.33071217961712,weber_holds
48,67,7,left,left,1.2452406515557706,weber_holds
49,67,7,left,left,1.8970275341417793,weber_holds
50,67,7,left,left,2.418142386444042,weber_holds
51,67,8,left,left,0.9982276749116994,weber_holds
52,67,8,left,left,1.780469568859511,weber_holds
53,67,8,left,left,0.7631880845989298,weber_holds
54,67,8,left,left,0.9046114434352817,weber_holds
55,67,8,left,left,0.793454382991009,weber_holds
56,67,8,left,left,1.2341258385469578,weber_holds
57,67,8,left,left,0.6834221109797556,weber_holds
58,67,8,left,left,1.0456400087958497,weber_holds
59,67,8,left,left,1.0104113136681354,weber_holds
60,67,8,left,left,1.6721766802604257,weber_holds
61,67,2,right,right,0.8180807936714478,weber_holds
62,67,2,right,right,0.9014982839525867,weber_holds
63,67,2,right,right,1.0098823304525653,weber_holds
64,67,2,right,right,0.8766229689544183,weber_holds
65,67,2,right,right,1.3226766754713761,weber_holds
66,67,2,right,right,0.9211918593391171,weber_holds
67,67,2,right,right,0.8923420985235928,weber_holds
68,67,2,right,right,1.1234794769698033,weber_holds
69,67,2,right,right,0.8798871050258676,weber_holds
70,67,2,right,left,1.303947123761776,weber_holds
71,67,3,right,right,1.724029777355427,weber_holds
72,67,3,right,right,2.2400000183102993,weber_holds
73,67,3,right,right,1.9233358008484596,weber_holds
74,67,3,right,right,2.0653913410065763,weber_holds
75,67,3,right,right,1.5839807134699593,weber_holds
76,67,3,right,right,1.3082631702072434,weber_holds
77,67,3,right,right,1.046678656457326,weber_holds
78,67,3,right,right,0.9160767935013452,weber_holds
79,67,3,right,right,1.6321819260792003,weber_holds
80,67,3,right,right,1.257533442632426,weber_holds
81,67,4,right,left,1.8742073399725796,weber_holds
82,67,4,right,right,1.4461351561350595,weber_holds
83,67,4,right,right,1.8665269320339777,weber_holds
84,67,4,right,right,1.6863815170732102,weber_holds
85,67,4,right,left,2.0335862149673045,weber_holds
86,67,4,right,right,2.8134734141307454,weber_holds
87,67,4,right,left,1.7565028304929011,weber_holds
88,67,4,right,left,2.9882642255060468,weber_holds
89,67,4,right,right,2.234010419935351,weber_holds
90,67,4,right,left,2.108513603993419,weber_holds
91,67,6,right,right,1.8888993410789565,weber_holds
92,67,6,right,left,2.2968093012162467,weber_holds
93,67,6,right,right,1.4713499217114858,weber_holds
94,67,6,right,right,2.3000052139667324,weber_holds
95,67,6,right,right,1.7788104083634817,weber_holds
96,67,6,right,right,2.2444586844385404,weber_holds
97,67,6,right,right,4.569416280277507,weber_holds
98,67,6,right,right,2.0075581175575326,weber_holds
99,67,6,right,right,1.6063598452879984,weber_holds
100,67,6,right,right,1.7014623084980176,weber_holds
101,67,7,right,right,1.7725266052431963,weber_holds
102,67,7,right,left,1.544594546409989,weber_holds
103,67,7,right,right,1.6903367765483086,weber_holds
104,67,7,right,left,1.2690347851410557,weber_holds
105,67,7,right,right,1.5535559250893918,weber_holds
106,67,7,right,right,1.1919808334060187,weber_holds
107,67,7,right,right,1.9357034070732853,weber_holds
108,67,7,right,right,1.5341874018715955,weber_holds
109,67,7,right,left,1.7436272104946517,weber_holds
110,67,7,right,right,1.4148521952683852,weber_holds
111,67,8,right,right,0.8572155741620879,weber_holds
112,67,8,right,right,0.8983138550130032,weber_holds
113,67,8,right,right,1.5400701837942201,weber_holds
114,67,8,right,right,0.8536865553165014,weber_holds
115,67,8,right,right,1.3345912355141742,weber_holds
116,67,8,right,right,0.8555009887933944,weber_holds
117,67,8,right,right,0.8109393986208624,weber_holds
118,67,8,right,right,1.259380313309348,weber_holds
119,67,8,right,left,0.9681412374853611,weber_holds
120,67,8,right,right,0.8672763741152876,weber_holds
1,68,2,left,left,1.0160668606242331,weber_holds
2,68,2,left,left,1.2991720585444844,weber_holds
3,68,2,left,left,0.8856081465649948,weber_holds
4,68,2,left,left,1.1335536714037386,weber_holds
5,68,2,left,left,1.1807147040449666,weber_holds
6,68,2,left,left,1.2396458497140666,weber_holds
7,68,2,left,left,1.190010071367038,weber_holds
8,68,2,left,left,1.10041590350172,weber_holds
9,68,2,left,left,0.7718244874510292,weber_holds
10,68,2,left,right,1.1250349970231432,weber_holds
11,68,3,left,right,1.9494844318584064,weber_holds
12,68,3,left,left,1.1861248361178192,weber_holds
13,68,3,left,left,1.4102781582249995,weber_holds
14,68,3,left,left,1.5097456891088123,weber_holds
15,68,3,left,left,0.9160106822043701,weber_holds
16,68,3,left,left,0.9305861458386968,weber_holds
17,68,3,left,left,1.198191931859568,weber_holds
18,68,3,left,right,1.1016986543204401,weber_holds
19,68,3,left,left,1.567440240355751,weber_holds
20,68,3,left,left,1.2056030432014835,weber_holds
21,68,4,left,right,2.171156250913187,weber_holds
22,68,4,left,left,2.224223974812509,weber_holds
23,68,4,left,left,2.724271273287933,weber_holds
24,68,4,left,left,1.9576637426263641,weber_holds
25,68,4,left,left,1.3216131992046347,weber_holds
26,68,4,left,left,2.7218768973405933,weber_holds
27,68,4,left,left,1.6383300736551,weber_holds
28,68,4,left,left,2.0272754615453783,weber_holds
29,68,4,left,right,3.162416007094423,weber_holds
30,68,4,left,left,2.283464052247433,weber_holds
31,68,6,left,left,3.430767620178984,weber_holds
32,68,6,left,left,1.9864940250165892,weber_holds
33,68,6,left,left,2.108488041325982,weber_holds
34,68,6,left,right,2.2253222451700148,weber_holds
35,68,6,left,left,1.7406586989130115,weber_holds
36,68,6,left,left,1.5946782471364922,weber_holds
37,68,6,left,left,2.1755135717348435,weber_holds
38,68,6,left,left,2.4127388859708687,weber_holds
39,68,6,left,left,2.356572486728722,weber_holds
40,68,6,left,right,8.6224780348661465,weber_holds
41,68,7,left,right,1.253617021367114,weber_holds
42,68,7,left,left,1.5287939262752754,weber_holds
43,68,7,left,left,1.0554049316157061,weber_holds
44,68,7,left,left,1.185804640379293,weber_holds
45,68,7,left,left,1.2937777212722705,weber_holds
46,68,7,left,left,1.8043459568536189,weber_holds
47,68,7,left,left,1.3197341595806336,weber_holds
48,68,7,left,left,1.3794972258517824,weber_holds
49,68,7,left,left,1.6855589654900256,weber_holds
50,68,7,left,left,1.504812576788785,weber_holds
51,68,8,left,left,0.9619136380802513,weber_holds
52,68,8,left,left,0.6798021484918852,weber_holds
53,68,8,left,left,1.2148862325839096,weber_holds
54,68,8,left,left,0.8501831031298193,weber_holds
55,68,8,left,left,1.0217243786250443,weber_holds
56,68,8,left,left,1.2517911173498257,weber_holds
57,68,8,left,left,0.9956856854453708,weber_holds
58,68,8,left,left,1.715124356130204,weber_holds
59,68,8,left,left,0.6363704904475531,weber_holds
60,68,8,left,left,1.0201976133259358,weber_holds
61,68,2,right,right,0.8931779919634639,weber_holds
62,68,2,right,right,1.0187081757440255,weber_holds
63,68,2,right,right,1.0042463266526596,weber_holds
64,68,2,right,right,1.600788602210043,weber_holds
65,68,2,right,right,1.4413044466957652,weber_holds
66,68,2,right,right,0.9167112773503339,weber_holds
67,68,2,right,right,0.8284013765770224,weber_holds
68,68,2,right,right,0.8619167821385263,weber_holds
69,68,2,right,right,1.3644239110331036,weber_holds
70,68,2,right,right,1.1229835001931259,weber_holds
71,68,3,right,right,1.4370579828722692,weber_holds
72,68,3,right,right,1.1803606384470662,weber_holds
73,68,3,right,right,0.9126432038132493,weber_holds
74,68,3,right,right,1.906706356923201,weber_holds
75,68,3,right,right,2.1713393548276567,weber_holds
76,68,3,right,right,1.1097804745358637,weber_holds
77,68,3,right,right,2.1648482062213925,weber_holds
78,68,3,right,right,1.725264403196102,weber_holds
79,68,3,right,right,1.229967920141246,weber_holds
80,68,3,right,right,1.395788898476554,weber_holds
81,68,4,right,right,2.9158584261357943,weber_holds
82,68,4,right,right,2.280393545766525,weber_holds
83,68,4,right,right,1.751561051355893,weber_holds
84,68,4,right,left,2.4405655216050457,weber_holds
85,68,4,right,right,2.0969328091793793,weber_holds
86,68,4,right,right,2.2780871055350693,weber_holds
87,68,4,right,right,1.8277947871166336,weber_holds
88,68,4,right,right,2.003031473201499,weber_holds
89,68,4,right,right,2.1677612857436124,weber_holds
90,68,4,right,left,4.792795675228225,weber_holds
91,68,6,right,right,2.2878912404188645,weber_holds
92,68,6,right,left,2.470869746944805,weber_holds
93,68,6,right,right,1.9176073613047115,weber_holds
94,68,6,right,right,2.656071657549325,weber_holds
95,68,6,right,left,3.379195293242872,weber_holds
96,68,6,right,right,2.0347056029141584,weber_holds
97,68,6,right,right,1.4991217093291085,weber_holds
98,68,6,right,right,2.433611404977244,weber_holds
99,68,6,right,right,2.633879002659202,weber_holds
100,68,6,right,right,1.7403678823733322,weber_holds
101,68,7,right,right,1.1792563909345741,weber_holds
102,68,7,right,right,1.7327480643982023,weber_holds
103,68,7,right,right,1.196213362976696,weber_holds
104,68,7,right,right,1.5758857006079607,weber_holds
105,68,7,right,right,1.1417648385198855,weber_holds
106,68,7,right,right,1.7703492882640042,weber_holds
107,68,7,right,right,1.294310867190006,weber_holds
108,68,7,right,right,1.5665630756166475,weber_holds
109,68,7,right,right,1.5090679457073668,weber_holds
110,68,7,right,right,1.8867288010471461,weber_holds
111,68,8,right,right,1.4606246928770954,weber_holds
112,68,8,right,right,0.7396004072741265,weber_holds
113,68,8,right,right,1.1517104614493938,weber_holds
114,68,8,right,right,1.0520964911442805,weber_holds
115,68,8,right,left,1.0382434007287202,weber_holds
116,68,8,right,right,1.0067996012784577,weber_holds
117,68,8,right,right,1.1150785125011735,weber_holds
118,68,8,right,right,1.1232065973335665,weber_holds
119,68,8,right,right,1.031329203055907,weber_holds
120,68,8,right,right,0.9680656419628788,weber_holds
1,69,2,left,left,1.0616855939469636,weber_holds
2,69,2,left,left,1.0296055728755549,weber_holds
3,69,2,left,left,0.8481361255759212,weber_holds
4,69,2,left,left,1.3141638936348603,weber_holds
5,69,2,left,left,1.6814856996213556,weber_holds
6,69,2,left,left,0.7671805654278951,weber_holds
7,69,2,left,left,0.8923358908881323,weber_holds
8,69,2,left,left,0.9502937310636832,weber_holds
9,69,2,left,left,0.7721703773760431,weber_holds
10,69,2,left,left,1.0365125324478608,weber_holds
11,69,3,left,left,1.2733704261090584,weber_holds
12,69,3,left,left,1.6221259632539669,weber_holds
13,69,3,left,left,2.5058785215740143,weber_holds
14,69,3,left,left,1.7364592081140064,weber_holds
15,69,3,left,left,1.3494633610628464,weber_holds
16,69,3,left,left,1.2036639765265413,weber_holds
17,69,3,left,left,1.4131986985468894,weber_holds
18,69,3,left,left,1.6193916588498678,weber_holds
19,69,3,left,left,1.9539013725823486,weber_holds
20,69,3,left,left,1.7730769710880785,weber_holds
21,69,4,left,left,2.504639952739226,weber_holds
22,69,4,left,left,1.9273470401427206,weber_holds
23,69,4,left,left,2.3699696855084253,weber_holds
24,69,4,left,left,2.294780549683324,weber_holds
25,69,4,left,left,2.786493168918689,weber_holds
26,69,4,left,left,2.0040532378755054,weber_holds
27,69,4,left,left,2.872066028750492,weber_holds
28,69,4,left,left,1.669666583801712,weber_holds
29,69,4,left,left,2.48591212641357,weber_holds
30,69,4,left,right,2.6170913101943807,weber_holds
31,69,6,left,left,4.799473520148294,weber_holds
32,69,6,left,left,2.1535401117965867,weber_holds
33,69,6,left,left,2.006771885003753,weber_holds
34,69,6,left,right,4.1828435957978565,weber_holds
35,69,6,left,left,2.5953539260384715,weber_holds
36,69,6,left,right,2.485061490177251,weber_holds
37,69,6,left,left,1.6577065817098815,weber_holds
38,69,6,left,left,1.9967142768099448,weber_holds
39,69,6,left,right,2.330952921530707,weber_holds
40,69,6,left,left,2.162197895649647,weber_holds
41,69,7,left,left,1.002094973652996,weber_holds
42,69,7,left,left,2.025736759200864,weber_holds
43,69,7,left,left,2.606761203748616,weber_holds
44,69,7,left,left,1.0198015121617476,weber_holds
45,69,7,left,left,1.0133068559222027,weber_holds
46,69,7,left,left,1.2831343698079472,weber_holds
47,69,7,left,left,1.4074957083392945,weber_holds
48,69,7,left,left,1.408904423804452,weber_holds
49,69,7,left,left,1.214094799252892,weber_holds
50,69,7,left,right,1.3100466296486157,weber_holds
51,69,8,left,left,0.985535194709803,weber_holds
52,69,8,left,left,0.8182890203682789,weber_holds
53,69,8,left,left,1.0452551566721113,weber_holds
54,69,8,left,left,1.2363928634069776,weber_holds
55,69,8,left,right,1.4165897644214305,weber_holds
56,69,8,left,left,0.7053232618376368,weber_holds
57,69,8,left,left,0.7822117294064406,weber_holds
58,69,8,left,left,0.8613463184637236,weber_holds
59,69,8,left,left,1.376700740327995,weber_holds
60,69,8,left,left,0.7083242094709736,weber_holds
61,69,2,right,right,1.0770507024229885,weber_holds
62,69,2,right,right,1.1430072514011551,weber_holds
63,69,2,right,right,0.8087985256880204,weber_holds
64,69,2,right,right,1.585916619804215,weber_holds
65,69,2,right,right,1.4066819357997826,weber_holds
66,69,2,right,right,0.887370201627919,weber_holds
67,69,2,right,right,0.9029144146739287,weber_holds
68,69,2,right,right,0.6564057509392668,weber_holds
69,69,2,right,right,1.2467337266131027,weber_holds
70,69,2,right,right,0.859205645147439,weber_holds
71,69,3,right,right,1.4393847891879197,weber_holds
72,69,3,right,right,1.7864839275469822,weber_holds
73,69,3,right,right,1.6957851521474792,weber_holds
74,69,3,right,right,1.44984248012646,weber_holds
75,69,3,right,right,1.2873179213160348,weber_holds
76,69,3,right,right,1.04461404448633,weber_holds
77,69,3,right,right,2.14949669989796,weber_holds
78,69,3,right,left,3.477241102076691,weber_holds
79,69,3,right,right,1.3291392749181739,weber_holds
80,69,3,right,right,1.608495494412487,weber_holds
81,69,4,right,right,1.7792007861423522,weber_holds
82,69,4,right,left,2.4427901786201716,weber_holds
83,69,4,right,left,3.0714162023895444,weber_holds
84,69,4,right,right,1.4797437924910628,weber_holds
85,69,4,right,right,1.85437011755234,weber_holds
86,69,4,right,left,3.134720442650865,weber_holds
87,69,4,right,left,1.973206533616447,weber_holds
88,69,4,right,right,2.072384718876237,weber_holds
89,69,4,right,right,1.6999637198943103,weber_holds
90,69,4,right,right,3.6060812418747354,weber_holds
91,69,6,right,right,3.2100385393227313,weber_holds
92,69,6,right,right,2.9283553425975892,weber_holds
93,69,6,right,right,2.1170408066586806,weber_holds
94,69,6,right,right,1.8438125795715254,weber_holds
95,69,6,right,right,2.3242681680916277,weber_holds
96,69,6,right,right,5.4156436244677515,weber_holds
97,69,6,right,right,1.9304132108162324,weber_holds
98,69,6,right,right,1.4833914094126777,weber_holds
99,69,6,right,right,1.8970980510953928,weber_holds
100,69,6,right,right,1.40355190611097,weber_holds
101,69,7,right,right,1.022913712007292,weber_holds
102,69,7,right,right,1.3275456909618428,weber_holds
103,69,7,right,right,1.2674192503676542,weber_holds
104,69,7,right,left,2.375692193257639,weber_holds
105,69,7,right,right,1.1912389535248722,weber_holds
106,69,7,right,right,2.150088776807786,weber_holds
107,69,7,right,right,1.7010097906739587,weber_holds
108,69,7,right,right,1.2235213165444478,weber_holds
109,69,7,right,right,0.9851895923385972,weber_holds
110,69,7,right,right,1.8143872671749683,weber_holds
111,69,8,right,right,1.2928685588321513,weber_holds
112,69,8,right,right,0.7995139850752593,weber_holds
113,69,8,right,right,1.0003301119477408,weber_holds
114,69,8,right,right,1.2837505742106352,weber_holds
115,69,8,right,right,1.160021655528093,weber_holds
116,69,8,right,right,0.7763544054040157,weber_holds
117,69,8,right,right,1.1117844995921107,weber_holds
118,69,8,right,right,0.6974097246364201,weber_holds
119,69,8,right,right,1.3948354482964154,weber_holds
120,69,8,right,right,1.3005018049118713,weber_holds
1,70,2,left,left,1.378899772012507,weber_holds
2,70,2,left,left,1.653094159408667,weber_holds
3,70,2,left,left,0.6824329873952785,weber_holds
4,70,2,left,left,1.2712554997964964,weber_holds
5,70,2,left,right,1.0833483698630404,weber_holds
6,70,2,left,left,0.8158886560542318,weber_holds
7,70,2,left,left,1.528635438952071,weber_holds
8,70,2,left,right,1.3855823625782107,weber_holds
9,70,2,left,left,1.0952052302043056,weber_holds
10,70,2,left,left,1.0865128932523942,weber_holds
11,70,3,left,left,1.4166623538136736,weber_holds
12,70,3,left,left,1.8225092296956769,weber_holds
13,70,3,left,left,1.3456066589794176,weber_holds
14,70,3,left,left,1.0413534467527035,weber_holds
15,70,3,left,left,0.9697949404751285,weber_holds
16,70,3,left,left,1.424465949685859,weber_holds
17,70,3,left,left,1.2936219905784092,weber_holds
18,70,3,left,left,1.1323418178870939,weber_holds
19,70,3,left,left,1.7848155827412875,weber_holds
20,70,3,left,left,1.337471286050125,weber_holds
21,70,4,left,left,3.322943388774655,weber_holds
22,70,4,left,right,2.1670302045714815,weber_holds
23,70,4,left,left,1.882183304293473,weber_holds
24,70,4,left,left,2.0667519404036856,weber_holds
25,70,4,left,left,2.579682678640227,weber_holds
26,70,4,left,right,2.243223240828399,weber_holds
27,70,4,left,right,2.7985337511907775,weber_holds
28,70,4,left,left,1.8562029464826821,weber_holds
29,70,4,left,left,2.1263449425082785,weber_holds
30,70,4,left,left,2.2117483187018894,weber_holds
31,70,6,left,left,2.1702527526904096,weber_holds
32,70,6,left,left,1.6602285906957286,weber_holds
33,70,6,left,left,1.691028094446883,weber_holds
34,70,6,left,left,1.6662575506306398,weber_holds
35,70,6,left,left,1.699676525807085,weber_holds
36,70,6,left,left,1.8687702275439564,weber_holds
37,70,6,left,right,1.974203197486481,weber_holds
38,70,6,left,left,2.713435064867408,weber_holds
39,70,6,left,left,1.7477270174438158,weber_holds
40,70,6,left,left,2.581802962997743,weber_holds
41,70,7,left,left,1.1874173681079407,weber_holds
42,70,7,left,left,1.2209526191309084,weber_holds
43,70,7,left,left,1.847456575598682,weber_holds
44,70,7,left,left,1.1341981270158548,weber_holds
45,70,7,left,left,1.0143176694006888,weber_holds
46,70,7,left,left,1.292178234874187,weber_holds
47,70,7,left,left,1.750098612584084,weber_holds
48,70,7,left,left,0.938851527094541,weber_holds
49,70,7,left,left,1.183883220556163,weber_holds
50,70,7,left,left,1.689004526759246,weber_holds
51,70,8,left,left,1.3825678866616706,weber_holds
52,70,8,left,left,0.8934020412648536,weber_holds
53,70,8,left,left,1.5007862358207404,weber_holds
54,70,8,left,left,0.9386495284814209,weber_holds
55,70,8,left,left,1.2623666654654144,weber_holds
56,70,8,left,left,0.8320863709482496,weber_holds
57,70,8,left,left,0.9545160815311697,weber_holds
58,70,8,left,left,1.1575659394093663,weber_holds
59,70,8,left,left,1.04193997168561,weber_holds
60,70,8,left,left,1.3630759465623536,weber_holds
61,70,2,right,right,0.9268966818785458,weber_holds
62,70,2,right,right,1.1567399783596228,weber_holds
63,70,2,right,right,1.0901761683656666,weber_holds
64,70,2,right,right,0.7864136979675771,weber_holds
65,70,2,right,right,1.0871816645013004,weber_holds
66,70,2,right,right,1.326358612045561,weber_holds
67,70,2,right,right,1.0858639941683463,weber_holds
68,70,2,right,right,1.0802482185056568,weber_holds
69,70,2,right,right,0.8459994027988269,weber_holds
70,70,2,right,right,0.9663077156618796,weber_holds
71,70,3,right,right,1.0847429339373713,weber_holds
72,70,3,right,right,1.1121321665444863,weber_holds
73,70,3,right,right,1.9943628410945773,weber_holds
74,70,3,right,right,1.3180291170304366,weber_holds
75,70,3,right,right,1.7623904369725958,weber_holds
76,70,3,right,right,1.0624124988255927,weber_holds
77,70,3,right,right,1.6834460133331484,weber_holds
78,70,3,right,right,0.8611783409913645,weber_holds
79,70,3,right,right,1.2409579588218471,weber_holds
80,70,3,right,right,1.0355874210787515,weber_holds
81,70,4,right,right,1.769305336905521,weber_holds
82,70,4,right,right,2.1373609805039586,weber_holds
83,70,4,right,left,2.736240660135868,weber_holds
84,70,4,right,right,2.195341638432624,weber_holds
85,70,4,right,left,6.169382300328212,weber_holds
86,70,4,right,left,2.0955488846357153,weber_holds
87,70,4,right,left,2.1897967902551803,weber_holds
88,70,4,right,right,1.1415257575941307,weber_holds
89,70,4,right,right,2.1715788339583306,weber_holds
90,70,4,right,left,2.4571428036771215,weber_holds
91,70,6,right,right,2.576879487127197,weber_holds
92,70,6,right,right,1.5911219940311672,weber_holds
93,70,6,right,left,2.0777587564646725,weber_holds
94,70,6,right,right,1.6887865743889947,weber_holds
95,70,6,right,right,2.422649420305895,weber_holds
96,70,6,right,right,2.4423513729594983,weber_holds
97,70,6,right,right,3.440881137744212,weber_holds
98,70,6,right,left,2.4697210764357638,weber_holds
99,70,6,right,right,2.191990282042171,weber_holds
100,70,6,right,left,2.368901864354383,weber_holds
101,70,7,right,right,1.4944628294434545,weber_holds
102,70,7,right,right,2.507232770657521,weber_holds
103,70,7,right,right,1.3469359286839215,weber_holds
104,70,7,right,right,1.3581054761544316,weber_holds
105,70,7,right,right,2.1232287167829442,weber_holds
106,70,7,right,right,1.3042247168131145,weber_holds
107,70,7,right,right,2.28540223521056,weber_holds
108,70,7,right,left,3.0783121733115193,weber_holds
109,70,7,right,right,0.9981111647650662,weber_holds
110,70,7,right,right,1.3595222493220176,weber_holds
111,70,8,right,right,1.060210522252927,weber_holds
112,70,8,right,right,1.159009391779665,weber_holds
113,70,8,right,right,0.7929897553668952,weber_holds
114,70,8,right,right,1.897027848221434,weber_holds
115,70,8,right,left,1.2951023729133593,weber_holds
116,70,8,right,right,1.4234281252947056,weber_holds
117,70,8,right,right,0.9412357811484298,weber_holds
118,70,8,right,right,0.8475015947812334,weber_holds
119,70,8,right,right,1.5570022587576875,weber_holds
120,70,8,right,right,0.733741211633826,weber_holds
